ticker,sleeve,thesis_w,thesis_w_renormalised,thesis_w_8020,equal_w,hrp_w,max_sharpe_w,inv_var_w
IITU.L,core,0.04315500,0.04315500,0.04315500,0.01851852,,0.00000005,0.02446779
ISF.L,core,0.10828200,0.10828200,0.10828200,0.01851852,,0.08605141,0.17626150
SMGB.L,core,0.13284200,0.13284200,0.13284200,0.01851852,,0.00000002,0.00575651
SGLN.L,core,0.11863000,0.11863000,0.11863000,0.01851852,,0.01207206,0.02322146
BRNT.L,core,0.04137000,0.04137000,0.04137000,0.01851852,,0.03636029,0.00611017
RR.L,core,0.04000000,0.04000000,0.04000000,0.01851852,,0.13035836,0.01472728
PLTR,core,0.04000000,0.04000000,0.04000000,0.01851852,,0.03859463,0.00208079
SPCX,core,0.02000000,0.02000000,0.02000000,0.01851852,,0.00000001,0.00158123
AZN.L,core,0.00862100,0.00862100,0.00862100,0.01851852,,0.00000013,0.01107705
SHEL.L,core,0.04000000,0.04000000,0.04000000,0.01851852,,0.20241451,0.02509231
HSBA.L,core,0.04000000,0.04000000,0.04000000,0.01851852,,0.05561402,0.03621555
BRK-B,core,0.01137900,0.01137900,0.01137900,0.01851852,,0.15382790,0.05872559
IBTM.L,core,0.08000000,0.08000000,0.08000000,0.01851852,,0.02904897,0.36882994
DBMG.L,core,0.07572100,0.07572100,0.07572100,0.01851852,,0.10852812,0.11484864
IPWR,moonshot,0.00500000,0.00500000,0.00500000,0.01851852,,0.00000001,0.00190186
VYGR,moonshot,0.00500000,0.00500000,0.00500000,0.01851852,,0.00000004,0.00644681
AL3.AX,moonshot,0.00500000,0.00500000,0.00500000,0.01851852,,0.00808134,0.00136736
ONWD.BR,moonshot,0.00500000,0.00500000,0.00500000,0.01851852,,0.01399033,0.00933381
LTBR,moonshot,0.00500000,0.00500000,0.00500000,0.01851852,,0.00000001,0.00288986
ARA.TO,moonshot,0.00500000,0.00500000,0.00500000,0.01851852,,0.00000001,0.00380825
SLX.AX,moonshot,0.00500000,0.00500000,0.00500000,0.01851852,,0.00000015,0.00244439
NYXH,moonshot,0.00500000,0.00500000,0.00500000,0.01851852,,0.00704087,0.00304626
ALMU,moonshot,0.00500000,0.00500000,0.00500000,0.01851852,,0.00000001,0.00203404
WBT.AX,moonshot,0.00500000,0.00500000,0.00500000,0.01851852,,0.00000001,0.00275088
VUL.AX,moonshot,0.00500000,0.00500000,0.00500000,0.01851852,,0.00000002,0.00646671
IDN,moonshot,0.00500000,0.00500000,0.00500000,0.01851852,,0.00000002,0.00322613
GELN.L,moonshot,0.00500000,0.00500000,0.00500000,0.01851852,,0.00000003,0.00617160
EDIT,moonshot,0.00500000,0.00500000,0.00500000,0.01851852,,0.00000003,0.00229684
SEYE.ST,moonshot,0.00500000,0.00500000,0.00500000,0.01851852,,0.00000001,0.00221676
QSI,moonshot,0.00500000,0.00500000,0.00500000,0.01851852,,0.00000001,0.00337223
CRBU,moonshot,0.00500000,0.00500000,0.00500000,0.01851852,,0.00000002,0.00489980
ALCLS.PA,moonshot,0.00500000,0.00500000,0.00500000,0.01851852,,0.00000001,0.00117352
GUTS,moonshot,0.00500000,0.00500000,0.00500000,0.01851852,,0.00000002,0.00214206
PRME,moonshot,0.00500000,0.00500000,0.00500000,0.01851852,,0.00000007,0.00182108
PRQR,moonshot,0.00500000,0.00500000,0.00500000,0.01851852,,0.02308124,0.00198679
ALMDT.PA,moonshot,0.00500000,0.00500000,0.00500000,0.01851852,,0.00000003,0.00630915
CU6.AX,moonshot,0.00500000,0.00500000,0.00500000,0.01851852,,0.00000001,0.00180568
LAES,moonshot,0.00500000,0.00500000,0.00500000,0.01851852,,0.00000001,0.00372666
IMSR,moonshot,0.00500000,0.00500000,0.00500000,0.01851852,,0.00000001,0.00172159
EMV.AX,moonshot,0.00500000,0.00500000,0.00500000,0.01851852,,0.03340985,0.00474396
SLDP,moonshot,0.00500000,0.00500000,0.00500000,0.01851852,,0.00000002,0.00461005
HYT.AX,moonshot,0.00500000,0.00500000,0.00500000,0.01851852,,0.00472616,0.00043715
MSCL.TO,moonshot,0.00500000,0.00500000,0.00500000,0.01851852,,0.04512542,0.00229248
2498.HK,moonshot,0.00500000,0.00500000,0.00500000,0.01851852,,0.00000001,0.00364236
GFUZ,moonshot,0.00500000,0.00500000,0.00500000,0.01851852,,0.00000001,0.00072225
AXE.AX,moonshot,0.00500000,0.00500000,0.00500000,0.01851852,,0.00000001,0.00316420
MOLN.SW,moonshot,0.00500000,0.00500000,0.00500000,0.01851852,,0.00096667,0.01107752
LIS.AX,moonshot,0.00500000,0.00500000,0.00500000,0.01851852,,0.01070666,0.00199386
GSIT,moonshot,0.00500000,0.00500000,0.00500000,0.01851852,,0.00000001,0.00210572
BIOA,moonshot,0.00500000,0.00500000,0.00500000,0.01851852,,0.00000002,0.00061716
AISP,moonshot,0.00500000,0.00500000,0.00500000,0.01851852,,0.00000001,0.00378042
FTC.L,moonshot,0.00500000,0.00500000,0.00500000,0.01851852,,0.00000002,0.00143965
BTQ,moonshot,0.00500000,0.00500000,0.00500000,0.01851852,,0.00000001,0.00081045
BGO.L,moonshot,0.00500000,0.00500000,0.00500000,0.01851852,,0.00000035,0.00420681
