,MinVariance,MaxSharpe,Moderate12,MaxSortino,EqualWeight,NaiveReference,UnicornSleeve,Combined_80_20,Benchmark_VWRP,Benchmark_FTAS
2021-10-31,0.0038402640688624894,0.015811938308584825,0.019592054108817605,0.014542295062943442,0.021241691272489014,0.016670690235511404,0.03860972649776828,0.023395588586607743,0.02732441254076523,0.01729511894379132
2021-11-30,0.008129676520250888,0.007225899198936443,0.014243520678387508,0.002333321685817739,-0.005511727473971968,0.009172107352361094,-0.0864385508765868,-0.005892893632607355,0.012121910845000139,-0.02501478149404257
2021-12-31,0.010512140683248985,0.01227917521418957,0.01054418534845282,0.010383804103080067,0.016244233849125135,0.017999166199740613,-0.03984692044534044,0.00046596418969416936,0.020348837209303028,0.04524485317251159
2022-01-31,-0.012464566874782214,-0.004035388062369802,-0.015580165508057282,-0.007470846623150545,-0.029906036805271968,-0.039803542396345364,-0.12779876423192982,-0.03802388525283179,-0.04945864772524955,-0.00385215870225486
2022-02-28,0.004792959038827126,0.0075613618701693575,0.008470215611059552,0.006368344068280857,0.0012646368566853184,-0.002041988945447288,-0.04945548767120245,-0.0031149250453928485,-0.017923542512217727,-0.008120606274302222
2022-03-31,0.022264491961583952,0.04560417527176417,0.05202515172659138,0.0423154150507199,0.04334636350534772,0.039368171328148946,0.049239961029090784,0.05146811358709126,0.04846488648394276,0.0072177550667855694
2022-04-30,0.022299304073910512,-0.0058490329722269115,-0.014665923957954248,-0.0052103016519712934,-0.02007630717060893,-0.013797008680018066,-0.09484021703775647,-0.030700782573914696,-0.029982005164909453,-0.0006351021556044723
2022-05-31,-0.005822160662821462,-0.0032653009197433965,-0.0007586151995246737,-0.0034873271943210793,-0.010643640340850831,-0.013686260725646075,-0.0377691134124748,-0.008160714842114699,-0.017464821081489168,0.004023742038093969
2022-06-30,-0.013258977304960009,-0.014086585293942036,-0.022704494362194603,-0.011333243731412063,-0.04475103624591244,-0.04335186427888055,-0.09341691480984904,-0.03684697845172549,-0.047889629681479695,-0.06212816424255119
2022-07-31,0.029623563446171487,0.031971132492859655,0.03909242582578926,0.030129799647482743,0.051471807713967546,0.051769429168566486,0.1669705939102375,0.06466805944267892,0.060691646950748135,0.042150236595063006
2022-08-31,5.609607932744941e-05,-0.005992419896432645,-0.013731695384627627,-0.010329108918086274,-0.015493127246872709,-0.004611233891220529,0.07166681722903356,0.003348007138104611,0.015363172188967322,-0.024238998777338372
2022-09-30,-0.010953967898304703,-0.017789875134597028,-0.02250680320951159,-0.015525488099833177,-0.029333446151442275,-0.033129741325766356,-0.09822419017975292,-0.03765028060355986,-0.042532909973959976,-0.06088145180411808
2022-10-31,-0.004982995528564124,-0.0005340010731173789,0.0005488850253988785,-0.0017564062203798986,0.012250372962009438,0.0075982647451293735,-0.03501274670561483,-0.006563441320803863,0.01206994645041104,0.03002540217735561
2022-11-30,0.0065854749472101775,0.01850582247645023,0.02287232517997256,0.020682083627936505,0.039781566615355285,0.03089140847134379,0.005411731996519009,0.01938020654328185,0.01641358701050888,0.06788888971462659
2022-12-31,-0.011588957397408598,-0.017897349049043686,-0.02495343242106672,-0.017171072990791632,-0.02114570910032295,-0.02135241480532679,-0.05878310572392553,-0.031719367081638486,-0.02782140405595468,-0.015585863793630916
2023-01-31,0.009948050660699802,0.04627801875262177,0.05927258206456756,0.04818868556130614,0.04234887652676961,0.038682378932069876,0.11513436315246595,0.07044493828214723,0.04404629581374331,0.044315233434133905
2023-02-28,-0.004162485455749491,0.02869576584375932,0.033608687568048565,0.027876450239602786,0.0107576767467937,0.0016969783200847732,-0.014004253852640924,0.024086099283910666,-0.006554677961552291,0.0114574650502004
2023-03-31,-0.00949032058940757,0.001709488650912761,0.005758068265543413,0.00020691085232185658,0.00659092387470235,0.0024472911280958767,-0.053441862628325065,-0.006081917913230283,0.004198638094510931,-0.03405756289294837
2023-04-30,0.006070760600173725,0.0015506680808630353,-0.0088147157377356,0.0005558133099186224,0.0018115504595131564,-0.001442491021622548,-0.01796589064668863,-0.010644950719526208,-0.00107509662973293,0.030291927343342184
2023-05-31,-0.016533148415455824,0.04307747705266672,0.07335586598645044,0.04981611684286659,0.022213724255042176,0.010126260172057588,0.13554982400135174,0.08579465758943071,0.002989715280895977,-0.05066261390831539
2023-06-30,-0.00020720990698393102,0.004311164924451472,0.008275786937019311,0.002620108436192344,0.015504332778202554,0.019153686594547126,-0.005727990585684184,0.005475031432478613,0.03362346014635298,0.007243955061268403
2023-07-31,0.006471522522010065,0.03388116458371392,0.04238027515896203,0.037844408858697776,0.03193743682319429,0.02369105325745411,0.0887245114744275,0.05164912242205513,0.02422422903425958,0.024842236510536075
2023-08-31,-0.001883651419816254,-0.0014618769072914798,-0.006837789562276986,-0.007234263713070136,-0.01049741437140626,-0.008935574536739812,-0.08918587146461954,-0.023307405942745496,-0.010136293688465137,-0.0329893591717173
2023-09-30,0.016385815662357864,0.025685875628907437,0.02660164528974813,0.028224853585880047,0.017015070735128895,0.009348006483260127,-0.07481216616930586,0.006318882997937333,-0.0031857865654947304,0.016679321150348203
2023-10-31,-0.013105857441513024,-0.008257950824614665,-0.013450455377149334,-0.010833698477902142,-0.02023087356954273,-0.02458305609280053,-0.13189012400581823,-0.03713838910288312,-0.030247705826015325,-0.04189001049146124
2023-11-30,0.0004809929062328141,0.027224433603256642,0.03790455256401411,0.02883740121777624,0.04206164658806198,0.035655550230272684,0.15534204651285766,0.06139205135378282,0.04661015921781497,0.02514950591522469
2023-12-31,0.024250734336707984,0.022510842634685068,0.02824763075595704,0.02145380322220943,0.0334521681320906,0.04027514161224666,0.06301380472583218,0.03520086554993207,0.04520922576744879,0.04396115117922239
2024-01-31,0.002090122381862809,0.004892987356938924,0.007172048759123275,0.0017002954935923687,0.00921960405070396,0.008878870920652999,-0.0050914857718223905,0.004719341852934142,0.01113617393508659,-0.013929482750742905
2024-02-29,0.006228384620563547,0.05152308698182224,0.06985057052635583,0.056790741893503305,0.039174210213677285,0.02939186415065444,0.13084963477692924,0.08205038337647053,0.039638186055910074,-0.0023604016040856823
2024-03-31,0.03201722474326053,0.048962403404504286,0.0513421636628575,0.04816571557898583,0.034109062632557224,0.03465926528644069,0.10070564205873223,0.061214859342032454,0.034595752184138684,0.041996403109736846
2024-04-30,0.006629042075116673,0.014848186523352154,0.013986478843508574,0.016533264604629113,0.008356615077204393,0.0011225158570030201,-0.02816968570999634,0.005555245932807592,-0.01869805456481255,0.021253835124915854
2024-05-31,0.006280153193112923,0.01266650681308125,0.014179507673741095,0.011460377181797488,0.017562283302556086,0.01607760124219123,0.060166913039104486,0.023376988746813775,0.009375948001666634,0.01959936304384602
2024-06-30,0.013088963937258991,0.03140469768513698,0.04178397407721646,0.02822590390743292,0.021672470550504103,0.026025049552684837,-0.02524612664143533,0.028377953933486102,0.04314821790165868,-0.014425282510609816
2024-07-31,0.00741102295066502,-0.0026085715938918273,-0.013828339094106395,0.0009013951002916406,-0.004947844211687923,-0.003569214179917858,0.03745649236015591,-0.0035713728032539345,-0.0030639571748737326,0.03063625112585311
2024-08-31,-0.004114834368588974,0.0007998504795564746,-0.003393952226956814,0.0035919218022453228,0.0004321731935585018,-0.007253014103086621,-0.04335370533685212,-0.011385902848935876,-0.005474449479333732,-0.002523822055858993
2024-09-30,-0.0012359883671086865,0.0008959896057712511,0.0022894067542919747,0.003911260806733563,0.0020346318926778902,0.0007189539329778983,-0.041678755393970035,-0.006504225675360427,0.0055045840466012574,-0.014361778114342139
2024-10-31,-0.0006371803777202835,0.029851714658825697,0.02975585195871013,0.028210943453277498,0.0055649224714683435,0.003266668431405108,0.13753182654424512,0.051311046875817126,0.0226661597012785,-0.017550414957880567
2024-11-30,0.02270827780923778,0.045779503982155044,0.05166996408960061,0.051847393474235864,0.04073290370480683,0.032550479352582457,0.053875106852360855,0.05211099264215266,0.049680626590516974,0.020995797006474026
2024-12-31,-0.007727464668239814,0.01025255111120533,0.017041721379665756,0.010491038764759302,-0.0023513545922455585,-0.006192393191956814,0.19402779785098812,0.052438936673930236,-0.005457573582157593,-0.012614716766696121
2025-01-31,0.03266757423994183,0.049160945336248985,0.05153450432486221,0.05263517625869935,0.04482231591714426,0.03985273039821175,-0.026396311021043894,0.035948341255680985,0.04498020722631901,0.05434000717372811
2025-02-28,-0.0033411778522315283,0.010047825509338065,-0.001711043593637953,0.01151879221337542,-0.002419076084121852,-0.019250665170285303,-0.04920638701472513,-0.01121011227785539,-0.03538223554388731,0.009285426713553147
2025-03-31,-0.017463387991563457,-0.01528999870990936,-0.025304986962978844,-0.012962639947810849,-0.024057569581338683,-0.03785305096503636,-0.12221924429590414,-0.044687838429563906,-0.05917005535242981,-0.027490726720877934
2025-04-30,-0.011262980211137188,-0.008628257104846168,-0.008579131620479467,-0.0007821290715332783,-0.014946688658869505,-0.01845971637164743,0.03652620404104456,0.0004419355118253391,-0.024378673301677867,-0.006395489194728432
2025-05-31,0.002481188973318304,0.02876746920104853,0.042632424120682647,0.028301027787862372,0.03471846458510998,0.03617241525256398,0.12343021232793672,0.05879198176213346,0.051823061838895956,0.03602273406051126
2025-06-30,0.003859357286291101,0.0220404140898477,0.03747965452512068,0.019551370937144538,0.02688990720905876,0.029811605896862468,0.09848393042350168,0.049680509704796885,0.028378625311182626,0.002781728063024236
2025-07-31,0.028316365898836692,0.05862580193477094,0.06505981665220194,0.05774891930803718,0.03757434635605758,0.03820348934249222,0.17749610508136193,0.08754707433803394,0.05600003017468347,0.03863584722649516
2025-08-31,0.0022616974224388933,0.0018635051504606547,-0.0015351057681979054,0.0031098047790069903,0.008293441544571213,0.003826081789957326,0.012036580261286511,0.001179231437698978,-0.0013619650794809424,0.0031489400682900293
2025-09-30,0.025580958445743863,0.06026335404525642,0.0706330435421162,0.0606013765802525,0.04788773488263378,0.043119220637853284,0.1606676495296504,0.08863996473962305,0.03699287400762463,0.01788532005325072
2025-10-31,0.03804707126276863,0.05431836352223132,0.06860035779146811,0.05484763793373356,0.04903961376343829,0.05177083645995903,0.24548479168623216,0.10397724457042093,0.04981092697830558,0.035260668024062136
2025-11-30,0.010248630633061211,-0.00483906855991051,-0.011566196287623422,-0.005364721189222336,-0.004313344187708884,-0.001232083870507088,-0.10751151652939017,-0.030755260335976774,-0.0076730609737479805,0.0002099338889953728
2025-12-31,-0.005467168237168889,0.00878555807379423,0.012290115198072448,0.010076978084736652,0.01533413808382178,0.010228944063298032,-0.02714163732669017,0.004403764693119924,-0.000631167768726959,0.020809649305122857
2026-01-31,0.017949947836034864,0.036666636632321205,0.052239067765336225,0.039693531789951005,0.037577393085304694,0.032771522897697684,0.025465420283472096,0.0468843382689634,0.0053686456349337774,0.03011751319497824
2026-02-28,0.04841568024161773,0.05714605190589654,0.0537013733391508,0.05953097703070992,0.03724945786046894,0.039263722727046264,-0.014006617683432698,0.040159775134634104,0.03345382352863657,0.061681706631343314
2026-03-31,-0.03873319346815794,-0.022455897035841048,-0.016077616256223653,-0.027184763515608144,-0.04437059083477332,-0.05283854535229183,-0.11197337861467416,-0.03525676872791376,-0.06033436225801336,-0.07191172839470117
2026-04-30,0.004310230379711661,0.030724061434924645,0.06489549427879908,0.02795930622142058,0.0401393676702695,0.05693176082637687,0.1360236191215396,0.07912111924734719,0.07536787796720223,0.024322847589379748
2026-05-31,0.015199977754733746,0.041231005366506715,0.06247857001737809,0.03812629941283828,0.041088035724551074,0.05251541556519286,0.13447876091482325,0.07687860819686712,0.06301703377989343,0.007415357356059804
2026-06-30,0.0032998648124361527,-0.01434119287467484,-0.006287338918904095,-0.013786837305337956,-0.0043963494810010184,0.007488493969836487,-0.08050382613801998,-0.021130636362727273,0.006649705980104059,0.005535305970966631
2026-07-31,0.00021825797980063556,0.0010302782675866023,-0.014175703351358959,0.001953886739849168,-0.0003565866425466799,-0.016850401258776387,-0.14104471240195016,-0.039549505161477205,-0.022066052862320107,0.011503059377767855
2026-08-31,0.01978937583873115,0.04906961180202481,0.0553996955589436,0.052994873189809166,0.04357974537907024,0.03579435371369608,0.0371090299604373,0.05174156243924234,0.036361004781803485,
