,IITU.L,VMID.L,IWQU.L,VWRP.L,CSP1.L,ISF.L,EMIM.L,WLDS.L,SMEA.L,IJPA.L,SMGB.L,XDWH.L,SGLN.L,SSLN.L,BRNT.L,COPA.L,ICOM.L,YCA.L,RR.L,PLTR,AZN.L,SHEL.L,HSBA.L,ULVR.L,MSFT,ASML.AS,SIE.DE,BRK-B,IHYU.L,IHYG.L,GHYS.L,IEMB.L,IBTM.L,T36N,T56,DBMG.L
IITU.L,0.05214732623748921,0.018337752739802322,0.026164905576164906,0.02607850063287676,0.029678040168354517,0.011673422729933526,0.023039894887695214,0.024891437314656928,0.017661420718177265,0.01895152981040614,0.06483725555178352,0.009384442581696881,-5.300735716598292e-06,0.011946391552507525,0.0032596991338993847,0.010981898124889415,0.0019678957332722167,0.02541804669102587,0.02871041600648351,0.04989324278357474,0.003357226430251148,0.005770738606939067,0.015931195297686905,-0.004036043625363191,0.029334789686574183,0.060763349498651024,0.03540318757169473,0.004745895806733439,0.007238993123135412,0.005826183508500544,0.006985229536715556,0.007018346000050927,-0.0015465276008735328,0.0003525117793642601,0.0003368417459971606,0.0028871761791018843
VMID.L,0.018337752739802322,0.024158789795267942,0.01743087449633839,0.014668545462699072,0.01398408660905582,0.01535820139516048,0.014558538924796664,0.018454203280711734,0.017723771017842345,0.016184302109756677,0.025765625561649158,0.010807965968656174,0.0002355695576015245,0.011663166504909617,-0.0031825778101485574,0.010405905289135318,0.0003050178999696413,0.020756101620204605,0.03194747869392933,0.022855674999127693,0.009710819590485219,0.00778938004401266,0.017672902552512762,0.004260864760846759,0.009750134752967233,0.03211225844106857,0.029822665568565342,0.0069625114625397316,0.004886628782055709,0.005530571207574962,0.006075178823629983,0.00665706644619944,-0.0035411284724844653,0.0033011768514919554,0.005972252130534329,-0.00235621059686987
IWQU.L,0.026164905576164906,0.01743087449633839,0.029457721566875095,0.017509232734621134,0.0183131185572292,0.013958964696135577,0.015473727344786626,0.019180612921859717,0.016809998146825954,0.024952890991794943,0.03539021099986268,0.020288545158810276,-0.0010618874231988135,0.006213134065688532,0.009943817469750786,0.01968408436092729,0.009415546710261357,0.020002824897547317,0.026366191127904958,0.03438336296307338,0.009566775541000466,0.009048964502830822,0.01608872596595331,0.002298534711940672,0.02200286698086518,0.04443635154221301,0.03314486844157429,0.015099356866438159,0.012660731512137263,0.007765406973679122,0.006299480815848179,0.013913854600347731,-0.004982088704099975,0.0014565340098290512,0.0024601559159255094,0.004384510680384944
VWRP.L,0.02607850063287676,0.014668545462699072,0.017509232734621134,0.017815526013709785,0.018878912968981705,0.011774488163542866,0.01671784716157243,0.018989690238099384,0.014970400993988123,0.01451537729190593,0.03356320999054792,0.009984039021257213,0.0013967552688930675,0.007995613402457462,0.002418742421394506,0.00908338452409603,0.0018810171373914541,0.01766958672856837,0.023317194955702843,0.025530601628916356,0.007723310646147937,0.008534125097586453,0.015175578413994162,0.0023006239192933844,0.011898362732409459,0.034084918854177075,0.025495791421282565,0.006253411739249571,0.005086072252920768,0.004414312110930071,0.004811046345850821,0.00545891480274301,-0.000824339620605963,0.00065417862008664,0.0010452061684333947,0.0022239719557174084
CSP1.L,0.029678040168354517,0.01398408660905582,0.0183131185572292,0.018878912968981705,0.021721128947520967,0.010834044807349934,0.014827244136413713,0.01971109124919034,0.013945762734893941,0.012391246957033595,0.03552543866474747,0.010218604268932015,0.00018706184812242508,0.005618641178056469,0.0036443174265351937,0.006052822829111493,0.0015163298474114946,0.016896489430973893,0.02133323202533053,0.02808816122128387,0.006852527437216796,0.008346568092908818,0.013015644863150688,0.0016572922336416643,0.014045132387692947,0.034079330852330926,0.023529347490657607,0.006853020978357506,0.00514709180517581,0.004130975927852125,0.004860380226409695,0.005039614149326847,-0.0003160243148441848,0.0002737267485276474,0.0004358435184307563,0.002533668478204084
ISF.L,0.011673422729933526,0.01535820139516048,0.013958964696135577,0.011774488163542866,0.010834044807349934,0.01634808521162534,0.011852546267089014,0.013820632949659139,0.015762967457620555,0.012798856630111599,0.016593516632807788,0.011158627323204936,0.0007613657344971906,0.007604119696683165,0.004824797181753251,0.011283780789876465,0.0034350702513182103,0.016068650991609094,0.027379664154056436,0.008402243670082594,0.015508803824959446,0.015511086056475233,0.020994650211692233,0.008185303124215983,0.004698534412630068,0.021935609370023038,0.023041592872202452,0.007189044964239231,0.004026975368953486,0.00396632887790208,0.0040590482111555115,0.005069081879546136,-0.0030725082771162937,0.0009253414326336746,0.00183534570245663,0.0013272543593825091
EMIM.L,0.023039894887695214,0.014558538924796664,0.015473727344786626,0.01671784716157243,0.014827244136413713,0.011852546267089014,0.028650341346760057,0.017752859626854488,0.015152473750220455,0.017017137145489577,0.03671538359307637,0.006439109009309862,0.004930708849694819,0.014609972913172573,3.0453445979032283e-06,0.01727423892964967,0.0032693083061827955,0.020722460439337904,0.024580209373254735,0.025167402062848787,0.005459294074222181,0.0076473621922969,0.019512146601209965,0.0012827554865023384,0.00903225015257927,0.03736673827101164,0.02835160493987513,0.0026754856309270394,0.004522007013385971,0.004381458286355528,0.004217435365198379,0.005811444838476553,-0.0015429968872055346,0.00034050034521115294,5.205718676208924e-05,0.0026444977854885475
WLDS.L,0.024891437314656928,0.018454203280711734,0.019180612921859717,0.018989690238099384,0.01971109124919034,0.013820632949659139,0.017752859626854488,0.02501968187423157,0.01723318999094203,0.017532804986507583,0.034836481938945035,0.01122233336454976,0.0014781673176214533,0.009497103465880995,0.003755073192341797,0.011118681637844798,0.0028674172965512524,0.02213582923562438,0.02829796316879125,0.029290291956978413,0.007473102279350868,0.01086617041087545,0.016938389272509305,0.0019903347763450692,0.009052716552591485,0.03568887452445644,0.029708496577730174,0.008343618333047797,0.0058999119609976815,0.005205938218475249,0.0058593620478724065,0.006364276316846377,-0.001718628193203515,0.0010357859561326453,0.0018207366710922125,0.0016139125822981753
SMEA.L,0.017661420718177265,0.017723771017842345,0.016809998146825954,0.014970400993988123,0.013945762734893941,0.015762967457620555,0.015152473750220455,0.01723318999094203,0.01986965931940613,0.015376263389567645,0.02580614982972119,0.011894855910181839,0.0010266178499545079,0.01008541176838378,-0.001952310734380497,0.011974277379800762,0.0007093063808224392,0.016222269546635096,0.028751977433958086,0.01621132212531631,0.013131991267680564,0.01042028832699017,0.020290356247338586,0.006577742928776676,0.008306919739266812,0.033572030729320704,0.03156650982495314,0.007043580882258746,0.004637350610393823,0.005160970923068605,0.005197707710705214,0.005930443864506764,-0.0027881731105395997,0.0013081134180210623,0.002377438276507355,-3.202406949134957e-05
IJPA.L,0.01895152981040614,0.016184302109756677,0.024952890991794943,0.01451537729190593,0.012391246957033595,0.012798856630111599,0.017017137145489577,0.017532804986507583,0.015376263389567645,0.03791310870096598,0.031204550485633573,0.016917162321123967,0.002556831717684385,0.00835354994090355,0.004904996313113437,0.022330120752768315,0.008365833275609514,0.019028941843417916,0.028424837224868833,0.027688367318874238,0.007899221973644297,0.005922704588212278,0.018200741464472817,0.0009560335914290379,0.01706380263559231,0.040109398938737745,0.03435453827973534,0.013687495616994087,0.012053314651231894,0.007865743589088911,0.005518050567119502,0.013877237555136037,-0.004507391809273089,0.002171729663423759,0.003671223196380243,0.004723635677408531
SMGB.L,0.06483725555178352,0.025765625561649158,0.03539021099986268,0.03356320999054792,0.03552543866474747,0.016593516632807788,0.03671538359307637,0.034836481938945035,0.02580614982972119,0.031204550485633573,0.10659682334600558,0.011598908691115203,0.002332900782461183,0.021959068720361276,0.004640891362709241,0.02359516239747034,0.0045277546714782195,0.03709898615076834,0.044344880349560585,0.060050178111556655,0.003193570160407561,0.009086738852599727,0.025071279828574603,-0.008417008028941488,0.02741144562794541,0.10508982088712453,0.05528519245610766,0.00531742809216211,0.010119326047083276,0.008613697430561942,0.009831981488815169,0.01028121214022843,-0.003984494625936948,0.0013132808009446606,0.0021177317226195305,0.0035763865206957404
XDWH.L,0.009384442581696881,0.010807965968656174,0.020288545158810276,0.009984039021257213,0.010218604268932015,0.011158627323204936,0.006439109009309862,0.01122233336454976,0.011894855910181839,0.016917162321123967,0.011598908691115203,0.025590290998071218,-0.0007237345240336391,0.00037775453245212254,0.005402998298187954,0.01211031220161349,0.006755385540829776,0.008550923056009753,0.013230606888391179,0.010600297575195742,0.02022907102189161,0.005671263782102542,0.00912115865695153,0.007022838126347747,0.008890642590731633,0.020110762668487176,0.018837656814454505,0.013025333724498257,0.009795173735438808,0.00532316613921995,0.003920623295890738,0.010940259069649199,-0.002461643017885518,0.0017727356066813413,0.003121048775786523,0.0032530937890228842
SGLN.L,-5.300735716598292e-06,0.0002355695576015245,-0.0010618874231988135,0.0013967552688930675,0.00018706184812242508,0.0007613657344971906,0.004930708849694819,0.0014781673176214533,0.0010266178499545079,0.002556831717684385,0.002332900782461183,-0.0007237345240336391,0.029617902259781153,0.029432087654609237,0.00204434571965087,0.009414106063538282,0.007373911087911221,0.010400712527422527,0.0015247390791892717,0.0018371235064257561,0.0014992580515893839,-0.0007640547150134185,-0.001386092756035873,0.00017931812033172812,-0.0015791566317133535,-0.00046548294662600043,-0.0017229531624624087,-0.002857512587638292,-0.00023400453620308682,0.00011115198742109234,2.898416603556819e-05,0.0003163071392512015,0.003781945517570437,0.002411622387325469,0.00453685475706459,0.002577903776997243
SSLN.L,0.011946391552507525,0.011663166504909617,0.006213134065688532,0.007995613402457462,0.005618641178056469,0.007604119696683165,0.014609972913172573,0.009497103465880995,0.01008541176838378,0.00835354994090355,0.021959068720361276,0.00037775453245212254,0.029432087654609237,0.1577370516384662,-0.007253333429478998,0.025586233914050762,0.007259947443912121,0.030152964926111716,0.02292154422311972,0.014492704740691476,0.0007454227974801842,0.002329693422455717,0.010347372476168189,-0.005649773186639147,-0.0007124631266012325,0.02551100233028439,0.014548681703386883,-0.0067461143924525445,-0.003816505765669433,0.0022000645072459903,0.0038128434307115144,-0.0018989435631295932,-0.005327416058610157,0.003982100144679021,0.0067858088221995185,-0.003080259413869039
BRNT.L,0.0032596991338993847,-0.0031825778101485574,0.009943817469750786,0.002418742421394506,0.0036443174265351937,0.004824797181753251,3.0453445979032283e-06,0.003755073192341797,-0.001952310734380497,0.004904996313113437,0.004640891362709241,0.005402998298187954,0.00204434571965087,-0.007253333429478998,0.14462065009414435,0.02348948733736599,0.05518071720814065,0.019744288493251706,-0.005827858554319418,0.012215748558835608,-0.003595961404854496,0.05909844078155685,-0.0002873716656569796,-0.011684243229345139,0.005568676315715751,0.002806606152590065,-0.005651849359026636,0.007658978766456544,0.0090208447887203,0.0003964200140670447,-3.7610244016576484e-05,0.0050707314929971424,-0.005576048610777731,-0.007722081754094243,-0.014165931779186071,0.01999989636495896
COPA.L,0.010981898124889415,0.010405905289135318,0.01968408436092729,0.00908338452409603,0.006052822829111493,0.011283780789876465,0.01727423892964967,0.011118681637844798,0.011974277379800762,0.022330120752768315,0.02359516239747034,0.01211031220161349,0.009414106063538282,0.025586233914050762,0.02348948733736599,0.0739821859417664,0.023400961682454202,0.023989312952053365,0.016021850027265062,0.02294743981365959,0.003198511180403469,0.014004516917324154,0.017680703186858722,-0.004167140363754791,0.01124885449609991,0.029791610840793216,0.02954628137729113,0.009728723594364054,0.00911547221041187,0.0055443184247829565,0.003470285967717543,0.010787404545673401,-0.007156824329100232,0.0001447091881210699,-0.00033228159997647695,0.005555506684001521
ICOM.L,0.0019678957332722167,0.0003050178999696413,0.009415546710261357,0.0018810171373914541,0.0015163298474114946,0.0034350702513182103,0.0032693083061827955,0.0028674172965512524,0.0007093063808224392,0.008365833275609514,0.0045277546714782195,0.006755385540829776,0.007373911087911221,0.007259947443912121,0.05518071720814065,0.023400961682454202,0.03424691659431543,0.013207769874452229,-0.002226504001099957,0.009497702873058966,-0.0010977370127511201,0.02226103507238362,0.001701289584471654,-0.005848346150712797,0.007177241222043901,0.005005985052072035,0.0018707090664097654,0.007299163801172571,0.0071234435223552555,0.0016996221638871161,0.00045068669438398407,0.006072457510588464,-0.0034973688504543743,-0.002839781527892547,-0.0055348349465213584,0.010897010358270934
YCA.L,0.02541804669102587,0.020756101620204605,0.020002824897547317,0.01766958672856837,0.016896489430973893,0.016068650991609094,0.020722460439337904,0.02213582923562438,0.016222269546635096,0.019028941843417916,0.03709898615076834,0.008550923056009753,0.010400712527422527,0.030152964926111716,0.019744288493251706,0.023989312952053365,0.013207769874452229,0.13421338577989544,0.034263191608897604,0.040273549051964674,0.005989868700583123,0.024325656656940177,0.017849751159062552,-0.005991830712958355,0.014013765801385625,0.04236889555182898,0.03121139437020329,0.007013521369314045,0.005817545430787639,0.004740772011753906,0.005833692668780611,0.005045508897656221,-0.007059504357879457,-0.000109468805798462,-0.000585013262741219,0.005462342965313503
RR.L,0.02871041600648351,0.03194747869392933,0.026366191127904958,0.023317194955702843,0.02133323202533053,0.027379664154056436,0.024580209373254735,0.02829796316879125,0.028751977433958086,0.028424837224868833,0.044344880349560585,0.013230606888391179,0.0015247390791892717,0.02292154422311972,-0.005827858554319418,0.016021850027265062,-0.002226504001099957,0.034263191608897604,0.1819552077135105,0.022204103583083123,0.010173222804065714,0.02066922682845966,0.04079059698096702,0.004476219780262441,0.009918297994902172,0.048726858933971294,0.05509722142439449,0.011734673124711341,0.007828885867919147,0.009107459355848932,0.00878144797390778,0.0094560411751075,-0.010022067658541588,-0.0007835270149420043,-0.00045863941947202715,0.0012880286836173959
PLTR,0.04989324278357474,0.022855674999127693,0.03438336296307338,0.025530601628916356,0.02808816122128387,0.008402243670082594,0.025167402062848787,0.029290291956978413,0.01621132212531631,0.027688367318874238,0.060050178111556655,0.010600297575195742,0.0018371235064257561,0.014492704740691476,0.012215748558835608,0.02294743981365959,0.009497702873058966,0.040273549051964674,0.022204103583083123,0.4559749013096162,-0.007247088513298278,-0.0002670700202575737,0.010972565776723758,-0.017458239420920663,0.08926095643506617,0.0658124210962163,0.03776161145645382,0.03206574270391631,0.016926052817918102,0.010594036688607126,0.008416746125171036,0.015204194334532238,-0.004577617871484582,0.002586521689072063,0.003154551791841748,0.006512051464783812
AZN.L,0.003357226430251148,0.009710819590485219,0.009566775541000466,0.007723310646147937,0.006852527437216796,0.015508803824959446,0.005459294074222181,0.007473102279350868,0.013131991267680564,0.007899221973644297,0.003193570160407561,0.02022907102189161,0.0014992580515893839,0.0007454227974801842,-0.003595961404854496,0.003198511180403469,-0.0010977370127511201,0.005989868700583123,0.010173222804065714,-0.007247088513298278,0.06172791355825655,0.006289608340713422,0.01040968740716099,0.013115475205542168,-0.0038296735256916075,0.009950078337332035,0.014342086276721951,0.005223735720572949,0.0027140675870576266,0.002461949433865872,0.002602929151397046,0.0040944205046050735,0.001582838484495013,0.0026829766721735444,0.005220453515365747,-0.0003647769215455302
SHEL.L,0.005770738606939067,0.00778938004401266,0.009048964502830822,0.008534125097586453,0.008346568092908818,0.015511086056475233,0.0076473621922969,0.01086617041087545,0.01042028832699017,0.005922704588212278,0.009086738852599727,0.005671263782102542,-0.0007640547150134185,0.002329693422455717,0.05909844078155685,0.014004516917324154,0.02226103507238362,0.024325656656940177,0.02066922682845966,-0.0002670700202575737,0.006289608340713422,0.06270031314651894,0.0181067190155915,-0.0004359266206593305,-0.0013480077437452672,0.009882109281592227,0.009971069578559021,0.00742658034914327,0.003205037614387796,0.0011797672791169999,0.0018742010783232889,0.0018414268072768577,-0.0050275661279264765,-0.004746205999329863,-0.008552560352250079,0.0099715249391872
HSBA.L,0.015931195297686905,0.017672902552512762,0.01608872596595331,0.015175578413994162,0.013015644863150688,0.020994650211692233,0.019512146601209965,0.016938389272509305,0.020290356247338586,0.018200741464472817,0.025071279828574603,0.00912115865695153,-0.001386092756035873,0.010347372476168189,-0.0002873716656569796,0.017680703186858722,0.001701289584471654,0.017849751159062552,0.04079059698096702,0.010972565776723758,0.01040968740716099,0.0181067190155915,0.062196930873701754,0.005176094279960058,0.005856255836800289,0.03102369426450489,0.03304082265424488,0.009705931973837281,0.004418625905184429,0.004484661069067306,0.003902037268279402,0.0051371209675959515,-0.0062152610489247485,-0.002135859928522114,-0.003662511759112224,0.004831267260461284
ULVR.L,-0.004036043625363191,0.004260864760846759,0.002298534711940672,0.0023006239192933844,0.0016572922336416643,0.008185303124215983,0.0012827554865023384,0.0019903347763450692,0.006577742928776676,0.0009560335914290379,-0.008417008028941488,0.007022838126347747,0.00017931812033172812,-0.005649773186639147,-0.011684243229345139,-0.004167140363754791,-0.005848346150712797,-0.005991830712958355,0.004476219780262441,-0.017458239420920663,0.013115475205542168,-0.0004359266206593305,0.005176094279960058,0.03995508902530303,-0.0042679074742994075,-0.0068798002653437775,0.002207273563541348,0.004235596042185776,0.0005973700748450681,0.0012486504516811576,0.0006464827747317425,0.0017715410301919277,0.0018258528393154177,0.0012172777056257303,0.0022886944902425935,0.00017161560758513204
MSFT,0.029334789686574183,0.009750134752967233,0.02200286698086518,0.011898362732409459,0.014045132387692947,0.004698534412630068,0.00903225015257927,0.009052716552591485,0.008306919739266812,0.01706380263559231,0.02741144562794541,0.008890642590731633,-0.0015791566317133535,-0.0007124631266012325,0.005568676315715751,0.01124885449609991,0.007177241222043901,0.014013765801385625,0.009918297994902172,0.08926095643506617,-0.0038296735256916075,-0.0013480077437452672,0.005856255836800289,-0.0042679074742994075,0.09008841950937263,0.03442465497110953,0.020954721822013796,0.023455306136270098,0.011998596563341278,0.00714745991829141,0.004348018562888224,0.012177054973941255,-0.0029086399171146023,0.0007738510015004293,0.0010025739805759844,0.005584857103051916
ASML.AS,0.060763349498651024,0.03211225844106857,0.04443635154221301,0.034084918854177075,0.034079330852330926,0.021935609370023038,0.03736673827101164,0.03568887452445644,0.033572030729320704,0.040109398938737745,0.10508982088712453,0.020110762668487176,-0.00046548294662600043,0.02551100233028439,0.002806606152590065,0.029791610840793216,0.005005985052072035,0.04236889555182898,0.048726858933971294,0.0658124210962163,0.009950078337332035,0.009882109281592227,0.03102369426450489,-0.0068798002653437775,0.03442465497110953,0.16399217655488407,0.0734075829123307,0.010070080715545516,0.01366325999928374,0.014371774578192515,0.011959699327958132,0.015195289833306454,-0.007847662592049274,0.0030540698933333122,0.005885626211382864,0.002160004747666289
SIE.DE,0.03540318757169473,0.029822665568565342,0.03314486844157429,0.025495791421282565,0.023529347490657607,0.023041592872202452,0.02835160493987513,0.029708496577730174,0.03156650982495314,0.03435453827973534,0.05528519245610766,0.018837656814454505,-0.0017229531624624087,0.014548681703386883,-0.005651849359026636,0.02954628137729113,0.0018707090664097654,0.03121139437020329,0.05509722142439449,0.03776161145645382,0.014342086276721951,0.009971069578559021,0.03304082265424488,0.002207273563541348,0.020954721822013796,0.0734075829123307,0.10028769517442918,0.013461296181072627,0.010136890219465127,0.01233091947499706,0.009146039548856285,0.012530910225650761,-0.009224170209544157,0.0005920799137416765,0.00090550676522104,0.0005822986398927295
BRK-B,0.004745895806733439,0.0069625114625397316,0.015099356866438159,0.006253411739249571,0.006853020978357506,0.007189044964239231,0.0026754856309270394,0.008343618333047797,0.007043580882258746,0.013687495616994087,0.00531742809216211,0.013025333724498257,-0.002857512587638292,-0.0067461143924525445,0.007658978766456544,0.009728723594364054,0.007299163801172571,0.007013521369314045,0.011734673124711341,0.03206574270391631,0.005223735720572949,0.00742658034914327,0.009705931973837281,0.004235596042185776,0.023455306136270098,0.010070080715545516,0.013461296181072627,0.03704040575313585,0.009883261166460912,0.004834839197762453,0.002720278871480933,0.00975717665032248,-0.0027297082415475944,-6.405782978455243e-05,-0.0005978582393791628,0.00576836606734062
IHYU.L,0.007238993123135412,0.004886628782055709,0.012660731512137263,0.005086072252920768,0.00514709180517581,0.004026975368953486,0.004522007013385971,0.0058999119609976815,0.004637350610393823,0.012053314651231894,0.010119326047083276,0.009795173735438808,-0.00023400453620308682,-0.003816505765669433,0.0090208447887203,0.00911547221041187,0.0071234435223552555,0.005817545430787639,0.007828885867919147,0.016926052817918102,0.0027140675870576266,0.003205037614387796,0.004418625905184429,0.0005973700748450681,0.011998596563341278,0.01366325999928374,0.010136890219465127,0.009883261166460912,0.01040732830111074,0.004481114974295794,0.002728208726312525,0.010260001404037721,-1.655154619797852e-05,0.0011420301050095154,0.0019598472484262477,0.004307503434589308
IHYG.L,0.005826183508500544,0.005530571207574962,0.007765406973679122,0.004414312110930071,0.004130975927852125,0.00396632887790208,0.004381458286355528,0.005205938218475249,0.005160970923068605,0.007865743589088911,0.008613697430561942,0.00532316613921995,0.00011115198742109234,0.0022000645072459903,0.0003964200140670447,0.0055443184247829565,0.0016996221638871161,0.004740772011753906,0.009107459355848932,0.010594036688607126,0.002461949433865872,0.0011797672791169999,0.004484661069067306,0.0012486504516811576,0.00714745991829141,0.014371774578192515,0.01233091947499706,0.004834839197762453,0.004481114974295794,0.005750022454962472,0.002519482830237458,0.00517297826982137,-0.0008364648591800922,0.001138878620789636,0.0019212309447783293,0.00044429503310919517
GHYS.L,0.006985229536715556,0.006075178823629983,0.006299480815848179,0.004811046345850821,0.004860380226409695,0.0040590482111555115,0.004217435365198379,0.0058593620478724065,0.005197707710705214,0.005518050567119502,0.009831981488815169,0.003920623295890738,2.898416603556819e-05,0.0038128434307115144,-3.7610244016576484e-05,0.003470285967717543,0.00045068669438398407,0.005833692668780611,0.00878144797390778,0.008416746125171036,0.002602929151397046,0.0018742010783232889,0.003902037268279402,0.0006464827747317425,0.004348018562888224,0.011959699327958132,0.009146039548856285,0.002720278871480933,0.002728208726312525,0.002519482830237458,0.003874441107781509,0.003119698882446133,-0.0007843798806454909,0.0018688254967218069,0.0033290053224791748,-0.0021887061155670463
IEMB.L,0.007018346000050927,0.00665706644619944,0.013913854600347731,0.00545891480274301,0.005039614149326847,0.005069081879546136,0.005811444838476553,0.006364276316846377,0.005930443864506764,0.013877237555136037,0.01028121214022843,0.010940259069649199,0.0003163071392512015,-0.0018989435631295932,0.0050707314929971424,0.010787404545673401,0.006072457510588464,0.005045508897656221,0.0094560411751075,0.015204194334532238,0.0040944205046050735,0.0018414268072768577,0.0051371209675959515,0.0017715410301919277,0.012177054973941255,0.015195289833306454,0.012530910225650761,0.00975717665032248,0.010260001404037721,0.00517297826982137,0.003119698882446133,0.013761253807977701,0.001053229287804206,0.0030678593533755975,0.005402075431430732,0.002442342510577995
IBTM.L,-0.0015465276008735328,-0.0035411284724844653,-0.004982088704099975,-0.000824339620605963,-0.0003160243148441848,-0.0030725082771162937,-0.0015429968872055346,-0.001718628193203515,-0.0027881731105395997,-0.004507391809273089,-0.003984494625936948,-0.002461643017885518,0.003781945517570437,-0.005327416058610157,-0.005576048610777731,-0.007156824329100232,-0.0034973688504543743,-0.007059504357879457,-0.010022067658541588,-0.004577617871484582,0.001582838484495013,-0.0050275661279264765,-0.0062152610489247485,0.0018258528393154177,-0.0029086399171146023,-0.007847662592049274,-0.009224170209544157,-0.0027297082415475944,-1.655154619797852e-05,-0.0008364648591800922,-0.0007843798806454909,0.001053229287804206,0.009178125926393664,0.0037175774622956567,0.006968577406872107,-0.0005914395981300103
T36N,0.0003525117793642601,0.0033011768514919554,0.0014565340098290512,0.00065417862008664,0.0002737267485276474,0.0009253414326336746,0.00034050034521115294,0.0010357859561326453,0.0013081134180210623,0.002171729663423759,0.0013132808009446606,0.0017727356066813413,0.002411622387325469,0.003982100144679021,-0.007722081754094243,0.0001447091881210699,-0.002839781527892547,-0.000109468805798462,-0.0007835270149420043,0.002586521689072063,0.0026829766721735444,-0.004746205999329863,-0.002135859928522114,0.0012172777056257303,0.0007738510015004293,0.0030540698933333122,0.0005920799137416765,-6.405782978455243e-05,0.0011420301050095154,0.001138878620789636,0.0018688254967218069,0.0030678593533755975,0.0037175774622956567,0.011017409381726094,0.020068504426151927,-0.00507544360462031
T56,0.0003368417459971606,0.005972252130534329,0.0024601559159255094,0.0010452061684333947,0.0004358435184307563,0.00183534570245663,5.205718676208924e-05,0.0018207366710922125,0.002377438276507355,0.003671223196380243,0.0021177317226195305,0.003121048775786523,0.00453685475706459,0.0067858088221995185,-0.014165931779186071,-0.00033228159997647695,-0.0055348349465213584,-0.000585013262741219,-0.00045863941947202715,0.003154551791841748,0.005220453515365747,-0.008552560352250079,-0.003662511759112224,0.0022886944902425935,0.0010025739805759844,0.005885626211382864,0.00090550676522104,-0.0005978582393791628,0.0019598472484262477,0.0019212309447783293,0.0033290053224791748,0.005402075431430732,0.006968577406872107,0.020068504426151927,0.04084844001223616,-0.009298179266848826
DBMG.L,0.0028871761791018843,-0.00235621059686987,0.004384510680384944,0.0022239719557174084,0.002533668478204084,0.0013272543593825091,0.0026444977854885475,0.0016139125822981753,-3.202406949134957e-05,0.004723635677408531,0.0035763865206957404,0.0032530937890228842,0.002577903776997243,-0.003080259413869039,0.01999989636495896,0.005555506684001521,0.010897010358270934,0.005462342965313503,0.0012880286836173959,0.006512051464783812,-0.0003647769215455302,0.0099715249391872,0.004831267260461284,0.00017161560758513204,0.005584857103051916,0.002160004747666289,0.0005822986398927295,0.00576836606734062,0.004307503434589308,0.00044429503310919517,-0.0021887061155670463,0.002442342510577995,-0.0005914395981300103,-0.00507544360462031,-0.009298179266848826,0.02400392444312465
