,historical_5y,capm_or_yield,blend,estimate2_kind,estimate2_note,beta_used
IITU.L,0.22109149353552585,0.09909760176017823,0.16009454764785203,capm,rf + beta_own * ERP,1.477160713673339
VMID.L,0.046128077078635,0.07160428947847274,0.05886618327855386,capm,rf + beta_own * ERP,0.8178486685485068
IWQU.L,0.11034250357478456,0.07824257389501854,0.09429253873490155,capm,rf + beta_own * ERP,0.9770401413673513
VWRP.L,0.11611525030075777,0.07919999999999999,0.09765762515037887,capm,rf + beta_own * ERP,0.9999999999999998
CSP1.L,0.13411894743405092,0.08189450005763162,0.10800672374584128,capm,rf + beta_own * ERP,1.0646163083364897
ISF.L,0.126104264453103,0.06472323813468175,0.09541375129389237,capm,rf + beta_own * ERP,0.6528354468748624
EMIM.L,0.09863639446693981,0.0763129930709994,0.0874746937689696,capm,rf + beta_own * ERP,0.9307672199280429
WLDS.L,0.08183938096473714,0.08200928934016856,0.08192433515245284,capm,rf + beta_own * ERP,1.0673690489249055
SMEA.L,0.09294504793131689,0.0723574654119288,0.08265125667162285,capm,rf + beta_own * ERP,0.8359104415330649
IJPA.L,0.10605010268686249,0.07096783250764474,0.08850896759725362,capm,rf + beta_own * ERP,0.8025859114543105
SMGB.L,0.3318689053915593,0.11702509363985067,0.22444699951570496,capm,rf + beta_own * ERP,1.9070765860875458
XDWH.L,0.06299484227478369,0.06047795331345481,0.061736397794119255,capm,rf + beta_own * ERP,0.5510300554785327
SGLN.L,0.19966714373830097,0.03978962427584858,0.11972838400707478,capm,rf + beta_own * ERP,0.054907056974786136
SSLN.L,0.21964632183150185,0.05490387062011735,0.1372750962258096,capm,rf + beta_own * ERP,0.417359007676675
BRNT.L,0.3011388160030776,0.04200309252875288,0.17157095426591526,capm,rf + beta_own * ERP,0.1079878304257285
COPA.L,0.1166065977977999,0.05766125866142621,0.08713392822961305,capm,rf + beta_own * ERP,0.4834834211373193
ICOM.L,0.135760403186692,0.0413740331180564,0.0885672181523742,capm,rf + beta_own * ERP,0.09290247285506957
YCA.L,0.15594570263915072,0.0787420443396758,0.11734387348941326,capm,rf + beta_own * ERP,0.9890178498723216
RR.L,0.6052161522635398,0.09195976384984376,0.34858795805669174,capm,rf + beta_own * ERP,1.3059895407636395
PLTR,0.5864025760411469,0.09774605656964318,0.34207431630539503,capm,rf + beta_own * ERP,1.4447495580250163
SPCX,0.13718344119926584,0.16036773612013494,0.1487755886597004,capm,rf + beta_own * ERP,2.946468492089567
AZN.L,0.13142441580889322,0.055386399899082533,0.09340540785398788,capm,rf + beta_own * ERP,0.4289304532154085
SHEL.L,0.24737576255612787,0.057001172940779936,0.1521884677484539,capm,rf + beta_own * ERP,0.467654027356833
HSBA.L,0.3725304249475402,0.07304258948609464,0.22278650721681742,capm,rf + beta_own * ERP,0.8523402754459147
ULVR.L,0.051696298535321095,0.04219216448281553,0.04694423150906831,capm,rf + beta_own * ERP,0.11252193004353794
MSFT,0.1508276901411765,0.06545595215547662,0.10814182114832656,capm,rf + beta_own * ERP,0.6704065265102305
ASML.AS,0.21575988126614504,0.11752078191028648,0.16664033158821576,capm,rf + beta_own * ERP,1.9189635949708985
SIE.DE,0.18424533710643987,0.09616028351553971,0.1402028103109898,capm,rf + beta_own * ERP,1.406721427231168
BRK-B,0.14863776362697897,0.05184837939375187,0.10024307151036542,capm,rf + beta_own * ERP,0.34408583678062044
IHYU.L,0.04540124723852629,0.0684,0.056900623619263145,credit_yield,USD high yield: distribution yield less 1% expected default loss,0.2792411607830252
IHYG.L,0.02655960989842435,0.0549,0.040729804949212176,credit_yield,EUR high yield: distribution yield less 1% expected default loss,0.24364021113200007
GHYS.L,0.03258605482469576,0.0622,0.04739302741234788,credit_yield,GBP-hedged global high yield: distribution yield less 1% default loss,0.2691632006092785
IEMB.L,0.019083270428790867,0.048299999999999996,0.03369163521439543,credit_yield,EM USD sovereign: distribution yield less 1% expected default loss,0.2997991665149382
IBTM.L,-0.008983855927839122,0.04885,0.019933072036080437,govt_yield,"iShares $ Treasury Bond 7-10yr UCITS ETF, GBP-quoted but UNHEDGED. Expected GBP return = US 10y Treasury yield + (GBP policy rate - USD policy rate): by covered/uncovered interest parity the hedged and the expected unhedged GBP return coincide, and the 7-10yr fund's yield to maturity is well proxied by the 10y benchmark. Yahoo publishes no distribution yield for this line, so no yield-minus-haircut route is available. Credit risk is nil, so no default-loss haircut.",-0.03438008896540077
T36N,-0.04036807227842919,0.053,0.006315963860785406,gilt_ytm,Treasury 4 7/8% 2036 redemption yield at the as-of clean price (market_params benchmark_gilt_10y; core_universe ytm_pct is the fallback),0.039958890433173515
T56,-0.11053897871373503,0.0587,-0.02591948935686751,gilt_ytm,Treasury 5 3/8% 2056 redemption yield at the as-of clean price (market_params benchmark_gilt_30y; core_universe ytm_pct is the fallback),0.06681912899325028
DBMG.L,0.10334640904584387,0.04285967198491014,0.073103040515377,capm,rf + beta_own * ERP,0.12852930419448783
