point,ret_core,ret_optimiser_part,vol,sharpe,IITU.L,VMID.L,IWQU.L,VWRP.L,CSP1.L,ISF.L,EMIM.L,WLDS.L,SMEA.L,IJPA.L,SMGB.L,XDWH.L,SGLN.L,SSLN.L,BRNT.L,COPA.L,ICOM.L,YCA.L,RR.L,PLTR,AZN.L,SHEL.L,HSBA.L,ULVR.L,MSFT,ASML.AS,SIE.DE,BRK-B,IHYU.L,IHYG.L,GHYS.L,IEMB.L,IBTM.L,T36N,T56,DBMG.L
1,0.06310112693779045,0.05909193353478708,0.055441779382433866,0.4063620213085241,6.600504241479134e-19,0.049146697944740685,0.0,0.0,0.04239528912978745,0.14656269746073677,0.01932515681874093,1.896022740869419e-18,4.768153501153489e-18,5.341591405916896e-19,3.915010545706564e-18,0.042570158645994144,0.05585031761254348,2.3834326677432595e-18,0.0,1.3049998624152283e-18,0.04889385269282252,2.4647205027273942e-18,7.773652385794536e-19,2.4276116912909154e-18,8.772608402724219e-18,3.4701193580084706e-19,3.5290329544584647e-19,0.03301940348001094,0.0,0.0,5.68229232871941e-19,0.008257351037105665,2.7371015996745732e-18,2.3465710742359067e-18,0.12765148729458625,4.8685064299857965e-18,0.19999999999999998,0.07234851270541375,8.376899371407031e-19,0.12897907517751725
2,0.06727457978787298,0.0632653863848696,0.05570970745754466,0.4793219638645452,2.078760024719931e-19,0.014361059099695742,0.0,1.1742327599789235e-17,0.05900203536971953,0.18454759450604832,0.012061089213913455,0.0,5.9021881708319626e-18,0.0,0.0,0.03002822181062291,0.0700993253565576,0.000821152818283618,0.0,1.8970640621463527e-18,0.04452537387746144,4.458772274382192e-18,0.0,1.1956924775095573e-20,0.0,1.8199219385228685e-18,2.0788505848020474e-18,0.024429017290421837,0.0014307783617311099,1.4440939849419845e-18,8.634414625871883e-19,0.015356969132699426,7.516053701706368e-19,6.793008072784685e-18,0.15433083085984345,0.0,0.19999999999999998,0.04566916914015655,3.645467402327215e-19,0.11833738316284488
3,0.07144803263795552,0.06743883923495214,0.05655115256132653,0.545989565844277,8.944547888924651e-18,7.099011504919315e-18,8.297611039428587e-18,4.7496172176477275e-18,0.07596302453665577,0.2,0.0037957211521685453,6.7616360876611455e-18,4.7496172176477275e-18,5.051831908560228e-18,4.7496172176477275e-18,0.02024125431117566,0.08655482017103049,0.0012856073503555155,0.001545256562764713,7.870683763356785e-18,0.03787662379306224,4.7496172176477275e-18,1.9858062640688434e-18,0.0014935588671036056,4.773293556628247e-18,2.4073781970139126e-18,0.0006218598020692374,0.016103661665285613,0.0003912080910131173,1.1874043044119319e-18,1.1874043044119319e-18,0.02162173162645717,4.7496172176477275e-18,4.7496172176477275e-18,0.187127869387235,7.047549690692883e-18,0.2,0.012872130612765043,6.317449831562855e-18,0.10750567207085826
4,0.07562148548803801,0.07161229208503464,0.05785107050982843,0.6058624633243385,0.002923035754743724,0.0,0.0,3.101808183065646e-18,0.07483551518937875,0.2,3.098843567750256e-18,0.0,0.0,2.808152448164421e-18,4.970971669639472e-18,0.02224144905587747,0.09618015305141951,0.00021650324797816025,0.008756500885389795,3.846350143702176e-18,0.024139568507315405,3.4500446035055704e-18,0.0034892780980719292,0.003413638984134004,4.007458457247904e-18,2.7634052857477523e-18,0.008327473484281424,0.01076546364747266,0.0,5.060095417558385e-18,0.0,0.019971444474296565,1.3369091583429046e-18,0.0,0.19797954225122466,2.688853151499573e-18,0.2,0.0020204577487753545,0.0,0.09973997561964042
5,0.07979493833812053,0.07578574493511715,0.05942357843600638,0.6600619815812154,0.011730706101281999,0.0,1.8067874509424265e-18,0.0,0.06369416253566536,0.19999999999999996,4.636698057939442e-18,6.490747300360698e-18,0.0,0.0,0.0,0.024575131363052626,0.10380497744704784,0.0,0.017190850010579923,0.0,0.008680010455382404,0.0,0.007712534988418658,0.00507461852750175,0.0,0.0,0.015559545109128667,0.005633785512939218,2.3221937644568673e-19,1.35587475542752e-18,2.2739922958021774e-18,0.019221508925564262,2.776984282683422e-18,0.0,0.19999999999999996,0.0,0.19999999999999996,0.0,0.0,0.09212216902343735
6,0.08396839118820305,0.07995919778519968,0.06126538414130363,0.7083396014478376,0.020371660394274516,4.263169763090097e-18,3.48342299558331e-18,5.2347165535907795e-18,0.05412890280156921,0.19999999999999998,8.156080249111658e-18,2.1435227521454138e-18,7.238955325472064e-19,6.144694636737915e-19,0.0,0.025499436804156273,0.10910977332119452,4.487157038079656e-19,0.023648606758713157,2.1736983008913482e-19,3.692057798403885e-18,4.40578893558404e-18,0.012463893799377321,0.006874436148858715,1.3512954835564269e-18,7.114017965752055e-19,0.023131190325685717,8.434466974562969e-05,5.543354183746565e-18,3.3559710068011396e-19,1.1062250291141162e-18,0.017217012985032646,1.6708783675775142e-18,2.0164453107446073e-17,0.2,0.0,0.19999999999999998,6.112242686946235e-18,0.0,0.08247074199139222
7,0.0881418440382856,0.08413265063528222,0.0633848588615169,0.7504970664873354,0.028112884763992423,0.0,1.9713831579506785e-18,0.0,0.05115732620712738,0.19378964137749385,0.0,3.588944771965475e-18,0.0,7.063374659929108e-18,0.0,0.026940147651386356,0.11344793262448223,0.0,0.027500870485457633,7.259184854532661e-18,0.0,0.0,0.01730654356304148,0.008579291165691283,0.0,0.0,0.031094779705016187,0.0,0.0,3.890276742951192e-18,4.574692599222468e-18,0.01497464581189237,0.0,4.849945219855613e-18,0.1902336900491704,0.0,0.2,0.0,0.0,0.07186224659524844
8,0.09231529688836808,0.0883061034853647,0.06564380761112117,0.7882480521528807,0.034273260546207884,3.05990652195616e-19,7.706570451915641e-18,3.39559626686488e-18,0.04978924485226205,0.1876633509840815,0.0,0.0,4.290751273435065e-18,0.0,1.876125038609072e-18,0.028274143617448597,0.12168987364727918,5.898102169968507e-18,0.03046921145203505,0.0,0.0,0.0,0.02120357940199898,0.009711248777489035,5.32534907894699e-18,0.0,0.03869884394759723,0.0,0.0,5.0931561722809045e-18,4.5375025588820835e-18,0.0178065979420364,0.0,0.0,0.16816142652191096,2.923851854803438e-18,0.2,0.0,4.3631196508661044e-18,0.06725921830965305
9,0.09648874973845062,0.09247955633544724,0.06800196693587253,0.8222858669393837,0.04075369869455174,9.499234435295456e-18,9.499234435295456e-18,1.2693025102477e-17,0.04842198611805327,0.18116542337577896,1.2755229084540987e-17,1.176472993184549e-17,1.7758917401768158e-17,1.6588211989544308e-17,9.499234435295456e-18,0.029658891811616035,0.12981144683012677,9.499234435295456e-18,0.03354647039577839,1.1325543348694135e-17,9.499234435295456e-18,9.499234435295456e-18,0.025087538937709968,0.010870992348138566,2.374808608823864e-18,2.374808608823864e-18,0.04622639916263084,0.0013074088293129863,2.6448003607611724e-18,2.374808608823864e-18,1.1781056548523666e-17,0.020488654006002468,9.499234435295456e-18,1.3246719952185295e-17,0.14524383100992674,9.499234435295456e-18,0.2,1.1773676717350863e-17,1.1987976053006201e-17,0.06241725848037321
10,0.10066220258853312,0.09665300918552974,0.07045284568827434,0.8529181269895926,0.049131633596483155,4.124944574010035e-18,0.0,2.6185494168774657e-18,0.044204199390669524,0.17754643972163542,8.651118067222592e-18,0.0,0.0,0.0,0.0,0.029117727291211905,0.13841573371439297,0.0,0.036884526930578906,0.0,3.0429658630110736e-18,0.0,0.030013719374513824,0.012208371757511096,0.0,0.0,0.049999999999999996,0.003767333924805918,0.0,1.3937397751477476e-18,9.965024987091622e-18,0.024339616466948526,0.0,0.0,0.12133235758302863,0.0,0.19999999999999998,3.665535079242984e-19,0.0,0.05803834024822009
11,0.10483565543861562,0.10082646203561224,0.07301742766954135,0.8801181318856491,0.05923095942499449,4.569530992200136e-18,1.0356565966959922e-18,1.9743411558211678e-17,0.037084162442134715,0.17710064097028388,0.0,1.377116753557882e-18,4.009139288252611e-18,0.0,0.0,0.026584237162586847,0.1475920064995329,0.0,0.04041653908987984,0.0,0.0,6.157532479844737e-18,0.0360098979270141,0.013709294486725719,0.0,0.0,0.049999999999999996,0.0065518795688325,0.0,0.0,1.0159630806723297e-18,0.029477837438421157,3.543535865058763e-18,5.211714315116904e-18,0.0969546210410478,0.0,0.19999999999999996,1.7541417062926116e-17,0.0,0.05428792394854604
12,0.10900910828869817,0.1049999148856948,0.07568925607670228,0.904189292286628,0.06942290052810465,2.7137876838843715e-18,0.0,6.0963608191852165e-18,0.029860799206683605,0.17678540755188826,0.0,0.0,1.1424515694769986e-17,0.0,6.582663610027592e-18,0.023930892713323465,0.15617411364827558,0.0,0.04382588635172442,0.0,4.508359331540615e-18,3.773452370679103e-18,0.04210254686978279,0.015248222419604943,0.0,0.0,0.05,0.009350171318701795,1.596498286896746e-18,0.0,3.618154173755947e-18,0.03463837081204599,1.737608681953392e-18,9.323662227342508e-18,0.07280980194853656,0.0,0.2,0.0,0.0,0.050850886631327835
13,0.11318256113878067,0.1091733677357773,0.07849438853490116,0.9250453324251597,0.08059379612898528,1.1312561761944607e-17,5.219251584858487e-18,0.0,0.021076921962043846,0.17859553517299248,0.0,0.0,8.777842137065715e-18,4.9862050278002475e-18,0.0004185765492180763,0.019315170186760315,0.15481975369539663,0.0,0.04518024630460337,3.475336477914991e-18,3.707205129780955e-18,1.1799268216925909e-17,0.04975780837547903,0.017416541957003113,0.0,0.0,0.04999999999999999,0.01242135192482441,2.3707393402463795e-18,0.0,3.333332727796788e-18,0.04015573954329802,0.0,0.0,0.052571440018857565,0.0,0.19999999999999998,0.0,5.500684899028629e-19,0.05267711818053786
14,0.11735601398886318,0.1133468205858598,0.08147236987775949,0.9424584150561276,0.09045880036939676,7.45494872702191e-19,2.8788267597009512e-18,5.35578932548894e-18,0.0060634582490435305,0.17924831341615977,1.1617215690270338e-17,0.0,1.40578881882244e-17,0.0,0.008957161468267187,0.015272266497132623,0.15755602400436183,0.0,0.04244397599563815,2.2175851954709613e-18,2.420105479203544e-18,1.0888343839158012e-17,0.049999999999999996,0.02022163265705436,1.7351734622300356e-18,0.01272344797815579,0.049999999999999996,0.01699286675150613,1.4365149389840897e-19,0.0,0.0,0.04824433394633614,0.0,1.2522852729562795e-17,0.025306082712868782,2.653886572645731e-18,0.19999999999999998,9.757766612810335e-18,1.1624997805473236e-18,0.05151163595407884
15,0.12152946683894567,0.11752027343594229,0.08464610849436177,0.9564264072616504,0.09436999369552021,0.0,0.0,0.0,5.66558633199128e-17,0.17514284892019868,0.0,0.0,0.0,0.0,0.01912615545955913,0.011361001924721847,0.16046876184042486,1.5766485991734332e-17,0.039531238159575134,0.0,0.0,0.0,0.049999999999999996,0.02385604265400951,0.0,0.027555088595898718,0.049999999999999996,0.022528742390186096,0.0,8.031083332387543e-18,1.983876893922679e-18,0.049999999999999996,6.684214919469501e-19,0.0,8.111184194184728e-18,5.049742425011671e-18,0.19999999999999998,0.0,9.483192280279483e-18,0.05106012635990575
16,0.1257029196890282,0.12169372628602483,0.08811172924674483,0.9661735958855885,0.0895071999095532,0.0,2.3173894994591594e-18,3.42227780470339e-19,0.0,0.1770279659113198,8.180895667488247e-18,1.2194329677481235e-17,0.0,1.971909244820262e-18,0.033464834179127,0.0,0.16107226682220538,9.474205790104707e-18,0.03892773317779462,0.0,0.0,0.0,0.049999999999999996,0.027746089663548107,0.0018256586255615591,0.032848907579134064,0.049999999999999996,0.012579344131756237,0.0,1.1627677870657908e-18,5.074581004445413e-18,0.049999999999999996,5.061465228652772e-18,0.0,0.0,6.210799602570702e-18,0.19014123429245944,0.0,7.20505415524719e-18,0.05985876570754058
17,0.12987637253911075,0.12586717913610737,0.09194059854801682,0.9713301908673913,0.08334507633957428,9.519644475513471e-18,0.0,4.4851982743891305e-18,6.107742824413946e-18,0.16788375875188974,2.1379640984290574e-18,0.0,4.183707484725803e-18,9.792230265851746e-19,0.04877116490853595,2.393609229822246e-18,0.1630087717513147,9.855387159981395e-18,0.0369912282486853,0.0,1.0717349062931052e-17,2.0240434609792744e-17,0.05,0.032220315227533325,0.004321570360142441,0.04132391929456616,0.05,0.003506002089913754,0.0,0.0,0.0,0.0436281930278443,0.0,2.3489282418545816e-18,0.0,3.8291183171814715e-18,0.17681389988852506,0.0,3.7528853519285844e-19,0.07318610011147496
18,0.13404982538919324,0.13004063198618987,0.09609500855240176,0.9727678200394262,0.07663399725613987,0.0,1.5641416283116314e-17,0.0,0.0,0.1579577057208446,0.0,8.552650487104279e-18,7.911923002065604e-18,6.145912246599592e-18,0.06540829702301548,0.0,0.16415532124641397,1.3727227701440002e-19,0.03584467875358602,0.0,0.0,1.842529594338598e-17,0.04999999999999999,0.037074922976877304,0.0053950274005022366,0.048866067237392806,0.049999999999999996,1.860221995024372e-17,5.510266959244443e-18,2.3086412373007986e-18,0.0,0.03366398238522757,0.0,0.0,2.4463317368329055e-17,6.972139947086958e-20,0.16223939322526557,0.0,4.634752529138717e-18,0.0877606067747344
19,0.13822327823927577,0.1342140848362724,0.10056859057912296,0.9709948630476671,0.0682113944744883,9.592648127654948e-18,5.030634552861695e-18,0.0,2.0693544297014585e-17,0.14756513964188436,1.3672170559868471e-18,0.0,2.0067269311638435e-18,6.183446394074797e-18,0.08422346588362724,0.0,0.16298178787291714,0.0,0.03701821212708281,8.725286389666545e-18,0.0,2.527196913516089e-17,0.04999999999999999,0.0423924661391514,0.007775006823125534,0.04999999999999999,0.04999999999999999,0.0,0.0,0.0,0.0,0.024832527037723026,0.0,0.0,0.0017124847157789116,2.0018564917171313e-18,0.14446501745363122,0.0,0.0,0.10382249783058986
20,0.1423967310893583,0.13838753768635492,0.10532848212149312,0.9667379196531373,0.06344952566517778,0.0,6.7836354116534745e-18,4.674450581096362e-18,0.0,0.14591828617078462,1.8177525571424294e-18,4.644526495256644e-18,0.0,0.0,0.09988133247222314,1.5864331532032004e-17,0.16175635629561028,6.144992421758433e-18,0.03824364370438971,4.866859409021097e-18,6.872415052437566e-19,2.042962074205097e-17,0.04999999999999999,0.04709833561523201,0.009557935965466433,0.049999999999999996,0.04999999999999999,2.2313958029781466e-18,0.0,2.0361745609707317e-18,7.892527271062461e-18,0.0183437284193015,2.6503396221791037e-18,0.0,0.0,0.0,0.12525640692247916,0.0,1.082686777603307e-18,0.11549444876933522
21,0.14657018393944077,0.1425609905364374,0.11026123735846598,0.96133957024108,0.06475521696626325,0.0,6.530094627738621e-18,1.7267825420962977e-17,0.0,0.15342100308976206,1.9431359326487274e-17,0.0,3.4597060730601893e-18,0.0,0.11178497367798387,1.637949961753003e-18,0.16077455514065134,0.0,0.03922544485934868,2.633700718721477e-17,3.24117157266858e-18,0.0,0.049999999999999996,0.049999999999999996,0.010224962537710205,0.049999999999999996,0.049999999999999996,5.861362115881351e-18,0.0,4.944554829596977e-19,0.0,0.01477503746228975,4.147814463585901e-18,9.985671415180945e-18,5.552724485725565e-18,6.281913974193111e-18,0.09999999999999998,1.465314059190736e-17,0.0,0.12003880626599087
22,0.1507436367895233,0.14673444338651992,0.11550799581428935,0.9538036099565905,0.05874897285917644,0.0,0.0,0.0,0.0,0.14338543006664534,0.0,0.0,4.368863593039672e-18,0.0,0.14193038780940206,1.3596255231970806e-17,0.15383791702285438,4.99497975973821e-18,0.04616208297714558,8.698022516676798e-18,1.577426810693723e-18,3.547532801778619e-18,0.04999999999999999,0.04999999999999999,0.010531152643208606,0.04999999999999998,0.04999999999999999,0.0,0.0,5.157874783407052e-18,4.564025278042983e-18,0.014468847356791386,9.252987915805975e-18,3.2438714901879526e-18,3.63848561146801e-17,0.0,0.09999999999999995,0.0,0.0,0.10593520926477622
23,0.1549170896396058,0.15090789623660242,0.12115862709307049,0.9437660278930501,0.0528737136964244,4.859983883769556e-18,3.4708789670300654e-17,1.9851024447182377e-17,0.0,0.13303583077274433,0.0,0.0,4.3195636285315114e-18,0.0,0.17182697442493688,0.0,0.14701789046478406,7.321008333514873e-18,0.05298210953521594,3.666087635892169e-18,0.0,1.9057017085915175e-18,0.04999999999999998,0.04999999999999998,0.010946542754412907,0.049999999999999996,0.049999999999999996,1.6607460668182294e-17,0.0,0.0,0.0,0.01405345724558706,2.7047753856744834e-17,0.0,0.0014589327727013502,7.094728113867317e-18,0.09854106722729862,0.0,0.0,0.0922634811058944
24,0.15909054248968835,0.15508134908668497,0.12714932819101857,0.9321232819148845,0.04854621249464995,0.0,0.0,1.1402545777700576e-17,0.0,0.12113625798717498,3.457482611573647e-18,1.7946510569950485e-18,0.0,1.3463059301015068e-18,0.19895245335677078,0.0,0.14155732704973015,0.0,0.058442672950269836,1.4120250988965997e-17,1.4646576086566138e-17,1.5279097939928287e-17,0.04999999999999998,0.049999999999999996,0.01261860397190458,0.049999999999999996,0.04999999999999999,3.0845234169857377e-18,1.0874844251561147e-18,0.0,1.0479597502548609e-17,0.012381396028095387,0.007205431159156014,1.0186100586324994e-17,0.007726075473135915,0.0,0.08506849336770811,0.0,0.0,0.08136507616140425
25,0.16326399533977087,0.1592548019367675,0.1334855620578752,0.9191428649307549,0.08144232413851776,1.4052700111422467e-17,0.0,3.4229607250171135e-17,3.499828964980441e-17,0.10572850559225472,0.0,2.592905494399342e-17,3.220419265460849e-17,1.8101411720179616e-17,0.19999999999999996,3.018984242691936e-17,0.13665255106706112,0.0,0.0633474489329389,1.773724049241947e-17,8.897181138399966e-18,0.0,0.049999999999999996,0.049999999999999996,0.017070204264549558,0.04999999999999996,0.04999999999999999,0.0,0.0,3.495816146392824e-17,0.0,0.007929795735450442,0.04738414321214862,0.0,2.0414584583748226e-16,1.5685991391965572e-19,0.052615856787851176,0.0,9.883762763714412e-18,0.06282917026922723
26,0.1674374481898533,0.1634282547868499,0.1402076826284324,0.9048416777778132,0.11577775924475256,3.240894963471741e-17,9.905653271445013e-19,1.1236328796691717e-17,0.0,0.08877997083851355,0.0,0.0,4.6694822034651224e-17,0.0,0.1999999999999999,0.0,0.13171694890285712,7.832606307489118e-18,0.06828305109714282,1.382756140102023e-17,0.0,0.0,0.04999999999999998,0.049999999999999975,0.02159688486067623,0.04999999999999998,0.04999999999999998,0.0,0.0,0.0,9.641934857273306e-18,0.0034031151393237834,0.083626009908844,1.0330982924974879e-17,0.0,0.0,0.016373990091156216,4.400336160986088e-19,2.150292398278547e-17,0.045442269916733696
27,0.17161090103993587,0.1676017076369325,0.147291065860033,0.8896616157388376,0.15621679603834318,2.1651432681240792e-17,2.4640294314745997e-17,1.858115000568077e-17,0.0,0.07212722072652175,4.8913717484212476e-17,4.8523341174646655e-18,4.386720106358976e-17,1.056027739077458e-17,0.19999999999999993,0.0,0.12331956516655514,3.877187436938152e-18,0.07668043483344478,1.9911646859915163e-17,1.758546277618334e-18,2.2895829959875766e-17,0.04999999999999999,0.04999999999999998,0.023573217201389763,0.04999999999999998,0.04999999999999998,0.0,0.0,5.0774225352856547e-17,0.0,0.0014267827986101642,0.09999999999999998,1.2842290029796072e-17,0.0,7.215450161185756e-18,7.78846795000329e-19,0.0,0.0,0.021655983235135047
28,0.17578435389001837,0.171775160487015,0.15483927775012832,0.8732452285473344,0.19999999999999996,0.0,6.147240066922903e-17,1.6996631338298867e-18,0.0,0.050000000000000065,6.543718221607066e-18,0.0,0.0,1.6696759949440441e-18,0.19999999999999996,2.8706317948960823e-18,0.10672494515907807,0.0,0.09327505484092193,0.0,0.0,0.0,0.04999999999999993,0.04999999999999999,0.023858077853077198,0.04999999999999999,0.04999999999999999,0.0,4.093059813762425e-18,0.0,0.0,0.0011419221469227822,0.10000000000000003,0.0,0.0,0.0,0.0,0.0,2.6092127410501522e-17,0.0
29,0.17995780674010092,0.17594861333709755,0.16587883549840607,0.8402887138572716,0.19999999999999998,0.0,0.0,0.0,1.0527143193582329e-16,0.04999999999999983,1.7553893082349254e-17,0.0,1.0808581879232166e-17,1.8102355046371838e-17,0.19999999999999996,0.0,0.03532271776090497,0.00891769378055136,0.15575958845854365,6.2910839468612645e-18,0.0,2.263927235571497e-17,0.049999999999999996,0.04999999999999997,0.008216463781679867,0.04999999999999998,0.049999999999999996,1.9234031969131538e-17,2.2725514176608747e-17,0.0,0.016783536218320193,1.7983665367172336e-17,0.09999999999999996,3.610070412012448e-17,0.0,0.0,7.032936962850137e-18,0.0,3.760825413722687e-17,6.108230982776959e-18
30,0.18413125959018295,0.18012206618717957,0.18325225805992815,0.78339862060653,0.19999999999999893,1.6306400674181947e-16,0.0,4.4408920985006153e-16,0.05000000000000113,0.0,0.0,7.92768628521399e-16,8.326672684688654e-17,0.0,0.1999999999999989,4.0245584642661826e-16,5.72458747072345e-16,5.55111512312577e-16,0.19999999999999954,0.0,0.0,0.0,0.049999999999999885,0.04999999999999904,0.0,0.02499999999999968,0.049999999999999885,6.314393452555563e-16,0.0,0.049999999999999885,4.510281037539688e-17,2.28983498828938e-16,0.09999999999999157,0.0,7.382983113757274e-15,1.734723475976803e-16,0.0,0.0,0.0,0.0
