,ticker,currency,marketCap,enterpriseValue,trailingPE,forwardPE,priceToBook,enterpriseToEbitda,dividendYield,price_asof_native,price_info_snapshot_native,price_ratio_asof_over_info_snapshot,fundamentals_priced_as_of,beta_yahoo,totalDebt,totalCash,debtToEquity,currentRatio,returnOnEquity,profitMargins,operatingMargins,revenueGrowth,earningsGrowth,totalRevenue,ebitda,freeCashflow,operatingCashflow,sharesOutstanding,sector,industry,country,fullTimeEmployees,website,longBusinessSummary,ytd_return_gbp,ytd_return_local,avg_daily_value_usd_k_3m,52w_high_local,52w_low_local,52w_high_gbp,52w_low_gbp,note,capital_expenditure_fy,interest_expense_fy,income_tax_expense_fy,pretax_income_fy,total_stockholders_equity_fy,total_debt_fy,cash_fy,interest_expense_ttm,income_tax_expense_ttm,bucket,ter_pct
2498.HK,2498.HK,HKD,7416901471.04057,5542450527.04057,,19.71112737377544,1.8179200140439942,-21.726739496137768,,16.09000015258789,16.27,0.9889367026790344,2026-09-16,0.04,669529024,2657744896,18.845,3.109,-0.042290002,-0.07171,-0.16966999,0.232,,2177550080,-255100496,,,460963384,Technology,Computer Hardware,China,2200,https://www.robosense.ai,"Robosense Technology Co., Ltd, an investment holding company, provides LiDAR and perception solutions in the People's Republic of China and internationally. The company offers LiDAR products for advanced driver assistance systems, robotics, cleaning, industrial, logistics, public services, inspection, and other applications. It also provides AI active camera series and tool kit for robotic manipulations; and technology development services. Robosense Technology Co., Ltd was founded in 2014 and is headquartered in Shenzhen, the People's Republic of China.",-0.5641312124062579,-0.560382491164181,13772.01,46.5,15.600000381469728,4.387131743021399,1.4762368157413415,"Actual GBP price level (local daily High/Low, GBp /100 or else / same-day GBPxxx=X FX rate), max/min over the trailing 365 calendar days -- directly comparable to the current GBP price, NOT the rebased (base=100) TR-index band.",-96753000.0,10082000.0,19299000.0,-125667000.0,3788623000.0,478542000.0,2097873000.0,2053000.0,1918000.0,,
AISP,AISP,USD,65607364.907259345,52170448.907259345,2.843283395405584,47.62500318244241,-7.619999885559082,,,1.9049999713897705,1.955,0.974424537795279,2026-09-16,0.607,650748,12365685,,3.18,,1.44603,-0.36148,0.921,,18148514,,-3442742,-3506695,34439562,Technology,Software - Infrastructure,United States,67,https://airship.ai,"Airship AI Holdings, Inc. provides artificial intelligence (AI)-driven data management platforms in the United States. The company offers Outpost AI, which structures and analyzes data at the source using Airship AI trained models; Acropolis, an enterprise management software; and Airship Command, a suite of visualization tools that allow customers to interact with their data and devices. Its Acropolis products include Acropolis Commercial for various small and medium businesses, including schools, hospitals, casinos, logistics, and retail establishments; and Acropolis Law for the law enforcement, defense, and intelligence sectors. The company also provides professional services, such as custom model training, custom integrations, and workflow enhancement services, as well as technical support and software maintenance services. In addition, the company provides solutions for ingesting and analyzing metadata from edge-based sensors, including video, audio, telemetry, acoustic, seismic, and autonomous devices. It serves the government, small enterprises, law enforcement, military, and commercial enterprise organizations. Airship AI Holdings, Inc. was founded in 2006 and is headquartered in Redmond, Washington.",-0.3411367294876835,-0.34083048365393176,890.44,7.199999809265137,1.684999942779541,5.359608124976762,1.2591986419948467,"Actual GBP price level (local daily High/Low, GBp /100 or else / same-day GBPxxx=X FX rate), max/min over the trailing 365 calendar days -- directly comparable to the current GBP price, NOT the rebased (base=100) TR-index band.",,1003096.0,0.0,29321363.0,-7149642.0,863744.0,11750021.0,415947.0,0.0,,
AL3.AX,AL3.AX,AUD,76605180.64401625,51420152.64401625,,33.7500013411045,2.410714445793181,-10.401258364642942,,0.135000005364418,0.15,0.9000000357627868,2026-09-16,0.004,1565291,26750324,4.891,6.004,-0.13957,-0.35939,-0.026180001,2.344,,12473338,-4943759,-6382406,-4654298,567445783,Industrials,Metal Fabrication,Australia,,https://www.aml3d.com,"AML3D Limited designs, manufactures, and sells industrial-scale metal 3D printing systems and contract manufacturing services to the aerospace, marine, defence, oil and gas, mining, and general manufacturing sectors in Australia, the United Kingdom, and the United States. The company produces metal components and structures through automated wire-fed 3D printing technology. The company also designs and constructs ARCEMY 3D printing modules for sale or lease; titanium alloys, nickel alloys and steel alloys; and 3D parts using wire-arc additive manufacturing technology; as well as provides licensing, service, and technical support for customers. AML3D Limited was incorporated in 2014 and is headquartered in North Plympton, Australia.",-0.17949591076897242,-0.22857138478025973,220.46,0.2949999868869781,0.0900000035762786,0.14403381708589044,0.047139424724936894,"Actual GBP price level (local daily High/Low, GBp /100 or else / same-day GBPxxx=X FX rate), max/min over the trailing 365 calendar days -- directly comparable to the current GBP price, NOT the rebased (base=100) TR-index band.",-1788433.0,185495.0,0.0,-4482811.0,32003660.0,1565291.0,26670484.0,,,,
ALCLS.PA,ALCLS.PA,EUR,115927546.81591278,-9811465.184087217,,-0.7284810068757172,2.3503012625306408,0.21021249107019618,,1.1510000228881836,1.222,0.9418985457350112,2026-09-16,2.767,80350000,166686000,195.656,1.366,-0.94536,-1.02336,-3.4068701,-0.621,,63823000,-46677000,107701376,-41625000,72718974,Healthcare,Biotechnology,France,224,https://www.cellectis.com,"Cellectis S.A., a clinical stage biotechnological company, develops products based on gene-editing with a portfolio of allogeneic chimeric antigen receptor T-cells product candidates in the field of immuno-oncology and gene therapy product candidates in other therapeutic indications. The company is developing BALLI-01, to evaluate the safety, expansion, persistence, and clinical activities of lasme-cel in patients with r/r ALL; NatHaLi-01, designed to evaluate the safety, expansion, persistence, and clinical activity of eti-cel in patients with relapsed or refractory B-Cell Non-Hodgkin's Lymphoma (B-NHL). It also develops ALPHA3, targets Large B-Cell Lymphoma (LBCL); TRAVERSE, for the treatment of patients with advanced or metastatic clear cell renal cell carcinoma (RCC). In addition, the company Melanoma, for treatment of unresectable or metastatic melanoma. Cellectis S.A. was founded in 1999 and is headquartered in Paris, France.",-0.730652090475506,-0.7256257507059062,580.36,4.840000152587891,1.1510000228881836,4.205404575652117,0.9857659841959524,"Actual GBP price level (local daily High/Low, GBp /100 or else / same-day GBPxxx=X FX rate), max/min over the trailing 365 calendar days -- directly comparable to the current GBP price, NOT the rebased (base=100) TR-index band.",-3533000.0,8107000.0,-423000.0,-68016000.0,75901000.0,90733000.0,61533000.0,8082000.0,-352000.0,,
ALMDT.PA,ALMDT.PA,EUR,185474402.46721116,142065426.46721116,,-10.048583677195515,-3.9550676727153156,-10.073826349145422,,3.785000085830689,4.095,0.9242979452577995,2026-09-16,0.516,25323000,18409000,,0.671,,-1.45166,-0.5775,0.007,,23469000,-14102000,8316375,-17426000,49002485,Healthcare,Medical Devices,France,199,https://mediantechnologies.com,"Median Technologies SA develops and markets software solutions and services for the use of medical images for the diagnosis and monitoring of patients with cancer in Europe, North America, and Asia. The company offers iCRO, an imaging service for oncology clinical trials; and eyonis, an end-to-end CADe/CADx software as medical devices. The company was founded in 2002 and is based in Valbonne, France.",-0.215277404456513,-0.200633584138594,864.64,7.269999980926514,2.625,6.3178935872403885,2.2918558497648203,"Actual GBP price level (local daily High/Low, GBp /100 or else / same-day GBPxxx=X FX rate), max/min over the trailing 365 calendar days -- directly comparable to the current GBP price, NOT the rebased (base=100) TR-index band.",-747000.0,5649000.0,147000.0,-33921000.0,-35151000.0,21761000.0,18246000.0,,,,
ALMU,ALMU,USD,245840667.9267523,243655211.9267523,,-44.032789030026336,6.06868502313309,-38.37677982269937,,13.43000030517578,11.545,1.1632741710849528,2026-09-16,-0.115,1089000,37780000,2.717,26.104,-0.20673999,-1.1555,-1.73895,-0.026,,5196000,-6349000,-443403,-1708000,18305335,Technology,Semiconductors,United States,12,https://www.aeluma.com,"Aeluma, Inc. develops optoelectronic and electronic devices for sensing, communication, and computing applications in the United States. The company produces semiconductor materials and chips using compound semiconductors on diameter substrates that are used to manufacture mass market microelectronics. Its products are used in mobile, automotive, AI, defense and aerospace, communication, AR/VR, high-performance commuting, and quantum computing applications, as well as other electronic and optoelectronic devices, including lasers, transistors, and solar cells. Aeluma, Inc. was founded in 2019 and is headquartered in Goleta, California.",-0.21818516275628264,-0.21782176788000573,8973.09,31.790000915527344,10.239999771118164,23.483783065008993,7.645183862290942,"Actual GBP price level (local daily High/Low, GBp /100 or else / same-day GBPxxx=X FX rate), max/min over the trailing 365 calendar days -- directly comparable to the current GBP price, NOT the rebased (base=100) TR-index band.",-161000.0,715000.0,0.0,-3022000.0,17898000.0,941000.0,3628000.0,-117.0,0.0,,
ARA.TO,ARA.TO,CAD,907839577.873307,856893785.873307,,-65.94594464994711,3.2488947021845482,-95.40128114798719,,3.660000085830689,3.77,0.9708223039338697,2026-09-16,0.837,0,42595000,,8.251,-0.05001,0.0,0.0,,,,-8982000,-44724752,-13539000,248043600,Basic Materials,Other Industrial Metals & Mining,Peru,119,https://aclara-re.com,"Aclara Resources Inc., a mining company, engages in the exploration and development of rare-earth mineral resources in Chile, Brazil and Peru. Aclara Resources Inc. was formerly known as 1303714 B.C. Ltd and changed its name to Aclara Resources Inc. in October 2021. Aclara Resources Inc. was incorporated in 2021 and is headquartered in Santiago De Surco, Peru.",0.6658686164455667,0.6944444168497024,261.11,5.400000095367432,1.7799999713897705,2.91755474627856,0.9500680082438324,"Actual GBP price level (local daily High/Low, GBp /100 or else / same-day GBPxxx=X FX rate), max/min over the trailing 365 calendar days -- directly comparable to the current GBP price, NOT the rebased (base=100) TR-index band.",-39153000.0,0.0,0.0,-8949000.0,154680000.0,546000.0,14011000.0,780000.0,0.0,,
ASML.AS,ASML.AS,EUR,536280404711.0014,522309931751.0014,54.94687011816372,26.994063886001655,24.57146890711431,38.72320981540235,0.5687437528797387,1396.199951171875,1418.0,0.9846261996980783,2026-09-16,1.363,1984400000,7581499904,9.092,1.334,0.53942,0.30114,0.37057,0.213,0.285,35327500288,13488400384,8437675008,11486900224,384100000,Technology,Semiconductor Equipment & Materials,Netherlands,43938,https://www.asml.com,"ASML Holding N.V. provides lithography solutions for the development, production, marketing, sales, upgrading, and servicing of advanced semiconductor equipment systems. The company offers lithography, metrology, and inspection systems. It also provides extreme ultraviolet lithography systems; and deep ultraviolet lithography systems comprising immersion and dry lithography systems solutions to manufacture various range of semiconductor nodes and technologies. In addition, the company offers metrology and inspection systems, including YieldStar optical metrology systems, a diffraction-based wafer metrology platform to assess the quality of patterns on the wafers; and HMI electron beam solutions to locate and analyze individual chip defects. Further, it provides computational lithography solutions, and lithography systems and control software solutions; and refurbishes and upgrades lithography systems, as well as offers customer support and related services. Additionally, the company offers hardware, software, and services to chipmakers to produce the patterns of integrated circuits. It operates in Japan, South Korea, Singapore, Taiwan, China, rest of Asia, the Netherlands, rest of Europe, the Middle East, Africa, and the United States. The company was formerly known as ASM Lithography Holding N.V. and changed its name to ASML Holding N.V. in 2001. ASML Holding N.V. was founded in 1984 and is headquartered in Veldhoven, the Netherlands.",0.4947000808088655,0.5225928922773371,1130010.57,1741.0,729.5,1500.0990195398704,633.8594805743244,"Actual GBP price level (local daily High/Low, GBp /100 or else / same-day GBPxxx=X FX rate), max/min over the trailing 365 calendar days -- directly comparable to the current GBP price, NOT the rebased (base=100) TR-index band.",-1631200000.0,118300000.0,2013400000.0,11406100000.0,19612200000.0,4390900000.0,12916000000.0,101500000.0,2217100000.0,,
AXE.AX,AXE.AX,AUD,52500275.009930134,38847331.009930134,,,4.404762284544111,-5.924392752752193,,0.1850000023841858,0.18,1.0277777910232544,2026-09-16,-0.161,0,8444058,,10.636,-0.46300998,-2.7053602,-3.59163,0.153,,2351354,-6557405,-3197803,-5253164,283785249,Technology,Semiconductors,Australia,,https://archerx.com.au,"Archer Materials Limited operates as a quantum technologies company in Australia. The company develops semiconductor devices, including chips relevant to quantum computing, sensing, and medical diagnostics. It also engages in the technology research and development of TMR sensor project, lab-on-a-chip biosensing chip, and carbon nano onion quantum material. The company was formerly known as Archer Exploration Limited and changed its name to Archer Materials Limited in October 2019. Archer Materials Limited was incorporated in 2007 and is based in Adelaide, Australia.",-0.42126757202931653,-0.4558823516521485,113.29,0.5049999952316284,0.1749999970197677,0.25175229826462686,0.09329800237641943,"Actual GBP price level (local daily High/Low, GBp /100 or else / same-day GBPxxx=X FX rate), max/min over the trailing 365 calendar days -- directly comparable to the current GBP price, NOT the rebased (base=100) TR-index band.",-86684.0,479104.0,0.0,-6361253.0,10759866.0,14974.0,1845647.0,,,,
AZN.L,AZN.L,GBp,188216724935.8069,215686663623.8069,24.46774231348568,14.318202791116834,5.0625611092372065,10.836474428545584,2.017399472643375,12136.0,12428.0,0.9765046668812359,2026-09-16,0.205,32349999104,4968000000,64.225,0.886,0.21965,0.17021999,0.23459,0.064,0.025,61366001664,19904000000,4905375232,13699999744,1550895914,Healthcare,Drug Manufacturers - General,United Kingdom,96100,https://www.astrazeneca.com,"AstraZeneca PLC, a biopharmaceutical company, focuses on the discovery, development, manufacture, and commercialization of prescription medicines. The company offers Imjudo, Datroway, Iressa, Tagrisso, Imfinzi, Lynparza, Calquence, Enhertu, Orpathys, Truqap, Zoladex, Faslodex, Crestor, Andexxa, Onglyza, Symlin, XIGDUO XR, Atacand, Atacand HCT, Atacand Plus, Farxiga/Forxiga, Plendil, Modip, Splendil, Munobal, Flodil, Tenormin, Tenormine, Prenormine, Atenol, Zestril, Brilinta/Brilique, Komboglyze, Qtern, Wainua, Byetta, Lokelma, Seloken ZOK, Toprol-XL, Betaloc ZOK, XIGDUO, Accolate, Accoleit, Vanticon, Bricanyl Respules, Eklira Genuair/Tudorza/Bretaris, Pulmicort Turbuhaler, Symbicort Turbuhaler, Airsupra, Bricanyl Turbuhaler, Fasenra, Rhinocort, Tezspire, Bevespi Aerosphere, Daliresp/Daxas, Oxis Turbuhaler, Saphnelo, Breztri Aerosphere, Duaklir Genuair, Pulmicort Respules, and Symbicort pMDI. It also provides Beyfortus, Kavigale, Evusheld, Fluenz/FluMist, Synagis, Kanuma, Ultomiris, Koselugo, Voydeya, Soliris, Strensiq, Nexium, and other medicines. The company offers its products for ocology, cardiovascular, renal and metabolism, respiratory & immunology, vaccines and immune, and therapies rare diseases. It serves primary and specialty care physicians through distributors and local representative offices in the United Kingdom, the Americas, rest of Europe, Asia, Africa, and Australasia. It has a strategic agreement with Tempus and Pathos to develop the largest multimodal foundation model in oncology; CSPC Pharmaceutical Group Limited to advance the discovery and development of novel oral candidates, with the potential to treat diseases across multiple indications; and Nucs AI Inc. to develop AI-driven Response Prediction for Therapeutic Radioconjugates. The company was formerly known as Zeneca Group PLC and changed its name to AstraZeneca PLC in April 1999. AstraZeneca PLC was incorporated in 1992 and is headquartered in Cambridge, the United Kingdom.",-0.10479574855348883,-0.10479574855348883,552317.07,157.32,98.92,157.32,98.92,"Actual GBP price level (local daily High/Low, GBp /100 or else / same-day GBPxxx=X FX rate), max/min over the trailing 365 calendar days -- directly comparable to the current GBP price, NOT the rebased (base=100) TR-index band.",-5905000000.0,1614000000.0,2169000000.0,12402000000.0,48667000000.0,29149000000.0,5711000000.0,1746000000.0,2133000000.0,,
BGO.L,BGO.L,GBp,48158012,64387268,,18.464228,2.9439466,28.99,,62.5,62.5,1.0,2026-09-16,0.665,21586000,5313000,98.199,0.671,-0.3148,-0.14519,0.13186,-0.079,,52215000,2221000,-593875,8200000,77052826,Technology,Software - Infrastructure,United Kingdom,164,https://bango.com,"Bango PLC, together with its subsidiaries, develops, markets, and sells technology that enables the marketing and sale of products and services to mobile phone users. It operates through two segments, Payment and Subscription. The company offers Digital Vending Machine, a lifecycle subscription bundling platform that connects subscription providers with brands that distribute digital services to consumers, such as Telcos, retailers, banks, etc. It also provides Bango platform, a direct carrier billing service that collects payments for various products or services, as well as charges cost to the mobile phone bill, wallet or pre-paid balance. The company operates in the United Kingdom, the European Union, the United States, Canada, Japan, rest of Asia, Iraq, the Middle East, Africa, and internationally. Bango PLC was founded in 1999 and is based in Cambridge, the United Kingdom.",-0.28571428571428537,-0.28571428571428537,151.43,1.29,0.55,1.29,0.55,"Actual GBP price level (local daily High/Low, GBp /100 or else / same-day GBPxxx=X FX rate), max/min over the trailing 365 calendar days -- directly comparable to the current GBP price, NOT the rebased (base=100) TR-index band.",-15316000.0,1713000.0,-167000.0,-7748000.0,21982000.0,21586000.0,5313000.0,,,,
BIOA,BIOA,USD,355701035.35228676,24186095.352286756,,-3.209973745364648,0.9462760058714462,-0.2279353554309239,,7.75,8.09,0.957972805933251,2026-09-16,,2835000,318744992,0.756,17.189,-0.28211,0.0,-11.96777,0.016,,10355000,-106020000,-58067000,-87601000,45896909,Healthcare,Drug Manufacturers - Specialty & Generic,United States,60,https://bioagelabs.com,"BioAge Labs, Inc., a clinical-stage biopharmaceutical company, develops therapeutic product candidates for metabolic diseases. The company's technology platform and differentiated human datasets that allows users to identify targets based on insights into molecular changes that drive aging. Its lead product candidate includes BGE-102, an orally available brain-penetrant small-molecule NLRP3 inhibitor which is in Phase 1 clinical trail for the treatment of atherosclerotic cardiovascular disease, as well as for the treatment of diabetic macular edema and geographic atrophy; and develops APJ agonists for obesity, including programs targeting both oral and parenteral administration. The company has collaboration agreement with Novartis Pharma AG to identify and validate novel therapeutic drug targets by investigating the biological mechanisms that drive diseases related to aging and mediate. BioAge Labs, Inc. was incorporated in 2015 and is headquartered in Emeryville, California.",-0.41448226236873886,-0.41421010822726134,12985.59,25.954999923706055,4.679999828338623,19.549692237846642,3.440501688584022,"Actual GBP price level (local daily High/Low, GBp /100 or else / same-day GBPxxx=X FX rate), max/min over the trailing 365 calendar days -- directly comparable to the current GBP price, NOT the rebased (base=100) TR-index band.",-719000.0,697000.0,,-80605000.0,272051000.0,5560000.0,188888000.0,281000.0,,,
BRK-B,BRK-B,USD,1112740906332.3018,-211214678691.69824,13.07344131042121,23.422286469194724,0.0009953546659572845,-1.6163501166302674,,519.7999877929688,509.2,1.020816943819656,2026-09-16,0.603,128598999040,365513998336,17.142,2.891,0.121199995,0.22296,0.32561,0.1,1.078,384687013888,130683002880,71975247872,46634000384,1408035161,Financial Services,Insurance - Diversified,United States,387800,https://www.berkshirehathaway.com,"Berkshire Hathaway Inc., together with its subsidiaries, engages in the insurance, freight rail transportation, and utility businesses. The company provides property, casualty, life, accident, and health insurance and reinsurance; operates railroad systems in North America; generates, transmits, stores, and distributes electricity from natural gas, coal, wind, solar, hydroelectric, nuclear, and geothermal sources; operates natural gas distribution and storage facilities, interstate pipelines, liquefied natural gas facilities, and compressor and meter stations; and holds interest in coal mining assets. It manufactures boxed chocolates and other confectionery products; specialty chemicals, metal cutting tools, and components for aerospace and power generation applications; prefabricated and site-built residential homes, flooring products; insulation, roofing, and engineered products; building and engineered components; paints and coatings; and bricks and masonry products, as well as offers manufactured and site-built home construction, and related lending and financial services. In addition, the company provides recreational vehicles, apparel, footwear, toys, jewelry, custom picture framing products, alkaline batteries, logistics services, and professional aviation training and shared aircraft ownership programs; castings, forgings, fasteners/fastener systems, aerostructures, and precision components; and cobalt, nickel, and titanium alloys. Further, it distributes televisions and information, and grocery and non-food consumer products; franchises and services quick service restaurants; and distributes electronic components. Additionally, it retails automobiles; furniture, bedding, and accessories; household appliances, electronics, and floor coverings; watches, home decor and repair services; sells kitchenware; and motorcycle clothing and equipment. The company was incorporated in 1998 and is headquartered in Omaha, Nebraska.",0.033638711701734936,0.03411915667906218,2220845.71,537.739990234375,464.010009765625,398.6003127202197,341.36083166921424,"Actual GBP price level (local daily High/Low, GBp /100 or else / same-day GBPxxx=X FX rate), max/min over the trailing 365 calendar days -- directly comparable to the current GBP price, NOT the rebased (base=100) TR-index band.",-20927000000.0,5069000000.0,15199000000.0,82459000000.0,717419000000.0,129081000000.0,51877000000.0,5187000000.0,15913000000.0,,
BTQ,BTQ,USD,386822193.5431586,367818353.5431586,,-24.4152651364715,28.947282307750207,-6.463091142751138,,2.630000114440918,2.7,0.9740741164595992,2026-09-16,-15.501,1078551,9786750,6.013,1.935,-4.89153,0.0,0.0,,,0,-56911904,-2986856,-25315416,147080677,Technology,Software - Infrastructure,Canada,,https://www.btq.com,"BTQ Technologies Corp. engages in the development of computer-based technology related to post-quantum cryptography for applications in blockchain and related technologies in Canada, Taiwan, Australia, and the United States. The company's flagship hardware product is Quantum Compute-In-Memory, a quantum-secure compute-in-memory chip designed to implement fast, crypto-agile, energy-efficient post-quantum cryptography directly in silicon; Bitcoin Quantum, a permissionless, quantum-safe fork of Bitcoin that replaces Bitcoin's quantumvulnerable Elliptic Curve Digital Signature Algorithm (""ECDSA"") with Module-Lattice Digital Signature Algorithm (ML-DSA); and QSSN, a quantum-secure validation and wallet infrastructure product designed to enable banks, payment providers, and digital asset platforms to issue and manage stablecoins with built-in protection against quantum-era cybersecurity threats. It has a strategic collaboration with Industrial Technology Research Institute to validate BTQ's Quantum Compute In Memory (QCIM) chip, which is designed to enable secure, scalable cryptographic computation for the post-quantum era. BTQ Technologies Corp. has a strategic collaboration with TIDAL PWR to develop a trusted quantum data center reference architecture that can be applied across future large-scale facilities. The company was incorporated in 1983 and is headquartered in Vancouver, Canada.",-0.48656673976642695,-0.48632809116679576,11963.29,16.0,2.0899999141693115,11.921600338947975,1.5787440962076154,"Actual GBP price level (local daily High/Low, GBp /100 or else / same-day GBPxxx=X FX rate), max/min over the trailing 365 calendar days -- directly comparable to the current GBP price, NOT the rebased (base=100) TR-index band.",-21337.0,0.0,0.0,-24605873.0,31610006.0,0.0,20939224.0,60882.0,,,
CRBU,CRBU,USD,134009389.31297709,41917941.31297709,,-0.9894484732824427,1.3498919847328241,-0.4005363366360177,,1.25,1.31,0.9541984732824427,2026-09-16,2.281,26655000,112314000,27.171,6.487,-0.78266,0.0,-16.90394,-0.438,,10035000,-104609000,-59605500,-95780000,107207513,Healthcare,Biotechnology,United States,97,https://cariboubio.com,"Caribou Biosciences, Inc. operates as a clinical-stage clustered regularly interspaced short palindromic repeats (CRISPR) genome-editing biopharmaceutical company. It offers a genome-editing platform based on novel CRISPR hybrid RNA-DNA genome-editing technology that enables precise genome editing of allogeneic cell therapies. The company develops Vispacabtagene Regedleucel, an allogeneic anti-CD19 CAR-T cell therapy that is in phase 1 clinical trial to treat relapsed or refractory B cell non-Hodgkin lymphoma; and CB-011, an allogeneic anti-BCMA CAR-T cell therapy that is in phase 1 clinical trial for the treatment of relapsed or refractory multiple myeloma. Caribou Biosciences, Inc. was incorporated in 2011 and is headquartered in Berkeley, California.",-0.21420174089937272,-0.2138364944912191,2734.77,3.5350000858306885,1.25,2.691337026914069,0.9241624751128789,"Actual GBP price level (local daily High/Low, GBp /100 or else / same-day GBPxxx=X FX rate), max/min over the trailing 365 calendar days -- directly comparable to the current GBP price, NOT the rebased (base=100) TR-index band.",-1359000.0,8000.0,-550000.0,-148675000.0,122175000.0,27227000.0,12360000.0,,,,
CU6.AX,CU6.AX,AUD,779739683.9400882,601255011.9400882,,-7.8497643947740965,4.1883762494231975,-5.562484260505875,,2.0899999141693115,2.1,0.9952380543663388,2026-09-16,1.176,0,178253696,,16.088,-0.77545,0.0,-10.9564,-0.011,,10526335,-108096808,-59437108,-92545984,373081230,Healthcare,Biotechnology,Australia,100,https://www.claritypharmaceuticals.com,"Clarity Pharmaceuticals Ltd, a clinical stage radiopharmaceutical company, engages in research and development of radiopharmaceutical products for oncology in Australia and the United States. The company's lead product is SAR-bisPSMA, a theranostic radiopharmaceutical for the treatment of Prostate Specific Membrane Antigen (PSMA) cancer. It also develops SAR-Bombesin, a pan cancer theranostic radiopharmaceutical to treat prostate, breast, ovarian, urinary, small cell lung cancer, as well as glioblastoma and gastrointestinal stromal tumours; and SARTATE, a theranostic radiopharmaceutical for the treatment of somatostatin receptor 2 (SSTR2) cancer. Clarity Pharmaceuticals Ltd was incorporated in 2010 and is based in Sydney, Australia.",-0.3423201158983262,-0.38165685106344527,4324.05,5.869999885559082,1.7999999523162842,2.867092908917037,0.9419300031477735,"Actual GBP price level (local daily High/Low, GBp /100 or else / same-day GBPxxx=X FX rate), max/min over the trailing 365 calendar days -- directly comparable to the current GBP price, NOT the rebased (base=100) TR-index band.",-182743.0,4762430.0,416506.0,-63878929.0,90230512.0,,47684182.0,,,,
EDIT,EDIT,USD,416201901.5056722,218532093.50567222,,-3.598316330798303,3.9504374956813626,-2.6970457678105486,,2.7100000381469727,2.72,0.996323543436387,2026-09-16,2.087,15511000,211644992,14.733,3.187,-1.18822,-1.57322,-1.6730901,2.323,,47005000,-81035000,-44316000,-119859000,153580035,Healthcare,Biotechnology,United States,87,https://www.editasmedicine.com,"Editas Medicine, Inc., a clinical stage genome editing company, focuses on developing transformative genomic medicines to treat a range of serious diseases. The company develops a proprietary gene editing platform based on CRISPR technology. Its lead program is EDIT-401, a one-time therapy designed to reduce LDL cholesterol through the upregulation of the LDL receptor to treat hyperlipidemia. The company also develops therapies to treat Sickle cell disease and transfusion-dependent beta thalassemia; and in vivo gene editing medicines indicated for other cells and tissues. It has a research collaboration with Juno Therapeutics, Inc. to develop alpha-beta T-cell experimental medicines for the treatment of solid and liquid tumors, and autoimmune disease. The company was formerly known as Gengine, Inc. and changed its name to Editas Medicine, Inc. in November 2013. Editas Medicine, Inc. was incorporated in 2013 and is based in Cambridge, Massachusetts.",0.3213370989807831,0.32195126886952163,7144.89,4.5370001792907715,1.659999966621399,3.3805189297024927,1.216597428081423,"Actual GBP price level (local daily High/Low, GBp /100 or else / same-day GBPxxx=X FX rate), max/min over the trailing 365 calendar days -- directly comparable to the current GBP price, NOT the rebased (base=100) TR-index band.",-607000.0,6171000.0,,-160060000.0,27288000.0,18102000.0,146645000.0,4068000.0,,,
EMV.AX,EMV.AX,AUD,161277889.28110766,147579889.28110766,,-13.346154848641177,10.20588287138178,-17.426894936603805,,1.7350000143051147,1.645,1.0547112548967263,2026-09-16,1.058,3405757,17103760,21.598,5.533,-0.66393995,-0.99502,-1.0083001,1.875,,8357952,-8468590,-3635044,-6246476,92955561,Healthcare,Medical Devices,Australia,,https://www.emvision.com.au,"EMVision Medical Devices Ltd engages in the research, development, and commercialization of neurodiagnostic technology for stroke diagnosis and monitoring, and other medical imaging needs in Australia. It offers non invasive brain scanners, including emu Brain Scanner, a bedside device; and First Responder Brain Scanner, a device embedded in standard road and air ambulances to deliver pre-hospital stroke diagnosis and care to patients. The company was incorporated in 2017 and is based in Macquarie Park, Australia.",0.036727199372075026,-0.025280875173003037,39.69,2.359999895095825,1.4700000286102295,1.1562392170815678,0.7619265054813277,"Actual GBP price level (local daily High/Low, GBp /100 or else / same-day GBPxxx=X FX rate), max/min over the trailing 365 calendar days -- directly comparable to the current GBP price, NOT the rebased (base=100) TR-index band.",-124216.0,203443.0,31396.0,-8284954.0,15768711.0,3405757.0,17103760.0,,,,
FTC.L,FTC.L,GBp,512466553.46382976,505204537.46382976,116.5,60.16008442553191,12.526881123404255,101.4466958624045,,233.0,235.0,0.9914893617021276,2026-09-16,1.023,5643000,12905000,13.804,1.887,0.11951999,0.08207,0.044749998,-0.015,-0.773,55529000,4980000,-3800625,11807000,219942723,Technology,Communication Equipment,United Kingdom,236,https://filtronic.com,"Filtronic plc designs, develops, manufactures, and sells radio frequency (RF) technology in the United Kingdom, Europe, the Americas, and internationally. It provides Morpheus II and X2, an E-band transceiver module; Cerus, an E-brand power amplifier for long range communications; Hercules II, a high power E-band transreceiver; Taurus, an E-brand power amplifier; Hades X2, an E-band active diplexer; tower top amplifiers; and transmit and receive modules. The company also offers custom products, such as waveguide diplexers; cross-band and in band combiners; custom combiners; front end modules, such as power amplifiers, low noise amplifiers, switches, filters, power detectors, baluns, and other products; GaN amplifiers; and microwave and millimeter wave transceiver products. In addition, it provides filter products, including ceramic, combline and interdigital, waveguide, custom, interference mitigation, lumped element, metal cavity, small cell, suspended substrate, and thin film filters, as well as switched filter banks. Further, the company provides hybrid manufacturing, plastic packaging, outsourced semiconductor assembly and test, electromechanical manufacturing solutions, process engineering, RF design, and in-house testing services. It serves space, aerospace, defense, telecommunication infrastructure, critical communications, and adjacent markets. The company was formerly known as Filtronic Comtek plc and changed its name to Filtronic plc in March 1998. Filtronic plc was founded in 1977 and is headquartered in Sedgefield, the United Kingdom.",0.3238636363636349,0.3238636363636349,6335.26,4.8,1.14,4.8,1.14,"Actual GBP price level (local daily High/Low, GBp /100 or else / same-day GBPxxx=X FX rate), max/min over the trailing 365 calendar days -- directly comparable to the current GBP price, NOT the rebased (base=100) TR-index band.",-12841000.0,476000.0,-797000.0,3760000.0,40880000.0,5643000.0,12905000.0,,,,
GELN.L,GELN.L,GBp,33266112,22750112,,-5.3703704,1.9594594,-5.493,,14.5,14.5,1.0,2026-09-16,0.473,0,10516000,,12.075,-0.42298,-2.00423,-5.76482,0.328,,2836000,-4142000,-3022625,-4543000,229421456,Industrials,Electrical Equipment & Parts,United Kingdom,42,https://www.gelion.com,"Gelion plc, together with its subsidiary, engages in the research and development, manufacture, and sale of battery systems in the United Kingdom and internationally. The company offers storage batteries, which include lithium-sulfur, and room temperature sodium sulfur, lithium-Ion batteries, recycling technology, bespoke battery energy storage systems, and zinc hybrid cell batteries. Its products are used in various applications, including drones and unmanned aerial vehicles, commercial e-aviation, passenger and heavy vehicles, and heavy electric vehicles; and stand-alone power systems, commercial and industry systems, home UPS, pole-top batteries, commercial operations, and utility-scale storage and reserve power applications. The company was incorporated in 2015 and is based in Norwich, the United Kingdom.",-0.20547945205479545,-0.20547945205479545,34.84,0.28,0.12,0.28,0.12,"Actual GBP price level (local daily High/Low, GBp /100 or else / same-day GBPxxx=X FX rate), max/min over the trailing 365 calendar days -- directly comparable to the current GBP price, NOT the rebased (base=100) TR-index band.",-483000.0,27000.0,-19000.0,-6003000.0,9971000.0,27000.0,2661000.0,,,,
GFUZ,GFUZ,USD,632868681.2073847,595079433.2073847,,,-0.5995259445584435,-12.642299039658056,,7.840000152587891,7.82,1.0025575642695512,2026-09-16,,4265000,31975000,,0.36,,0.0,0.0,,,,-47071000,,-38599000,80723040,Industrials,Specialty Industrial Machinery,Canada,133,https://generalfusion.com,"General Fusion Group Ltd., together with its subsidiaries, engages in the research and development of commercial fusion machines in Canada. The company's core technology is based on magnetized target fusion (MTF), which combines magnetic confinement with rapid mechanical compression to achieve fusion conditions. It also operates Lawson Machine 26 (LM26), a large-scale fusion demonstration machine that validates key elements of its MTF technology to enable fusion power plants to provide firm, dispatchable, and carbon-free electricity for grid and industrial applications. The company serves electric utilities, independent power producers, state-owned enterprises, energy developers, and industrial companies. General Fusion Group Ltd. was founded in 2002 and is headquartered in Richmond, Canada.",-0.22794502123588667,-0.22758616283345978,5040.38,14.850000381469728,6.079999923706055,11.092949875019258,4.553859219905047,"Actual GBP price level (local daily High/Low, GBp /100 or else / same-day GBPxxx=X FX rate), max/min over the trailing 365 calendar days -- directly comparable to the current GBP price, NOT the rebased (base=100) TR-index band.",-442000.0,4820000.0,74000.0,-31296000.0,-173804000.0,4687000.0,49125000.0,4139000.0,-81000.0,,
GSIT,GSIT,USD,184860763.25680816,100031227.25680816,,-11.45238134268801,2.008350605610285,-4.9934150122868,,4.809999942779541,5.22,0.9214559277355443,2026-09-16,2.095,8165000,77045000,8.884,9.162,-0.24475999,-0.62904,-0.85314006,0.005,,25151000,-20034000,-9450750,-18069000,38432590,Technology,Semiconductors,United States,125,https://gsitechnology.com,"GSI Technology, Inc. designs, develops, and markets semiconductor memory solutions for networking, industrial, test equipment, medical, aerospace, and military customers in the United States, China, Singapore, Germany, the Netherlands, and internationally. It offers associative processing unit products, which focus on applications using similarity search in visual search queries for e-commerce, computer vision, drug discovery, cybersecurity, and service markets. The company also provides static random-access memory (SRAM) products, including SyncBurst, NBT, SigmaQuad, and SigmaDDR. In addition, it offers radiation-hardened and radiation-tolerant SRAMs for networking and telecommunications, test and measurement, military/defense and aerospace applications, such as networking satellites and missiles. The company's products are used as components by the original equipment manufacturer customers, including KYEC, Cadence Design Systems, and Nokia for including radar and guidance systems and satellites; test and measurement applications; automotive applications comprising smart cruise control; medical applications, such as ultrasound and CAT scan equipment; and audio/video processing. The company markets its products through a network of independent sales representatives and distributors. GSI Technology, Inc. was incorporated in 1995 and is headquartered in Sunnyvale, California.",-0.22580270228309185,-0.22544284811070292,4856.29,18.149999618530273,3.2300000190734863,13.51866477317627,2.3745343861890165,"Actual GBP price level (local daily High/Low, GBp /100 or else / same-day GBPxxx=X FX rate), max/min over the trailing 365 calendar days -- directly comparable to the current GBP price, NOT the rebased (base=100) TR-index band.",-486000.0,926000.0,-132000.0,-13378000.0,81761000.0,8466000.0,67212000.0,1380000.0,-262000.0,,
GUTS,GUTS,USD,89618252.23650493,98709468.23650493,,-1.2844204200954255,-56.300002336502075,-1.1647822195244317,,0.5630000233650208,0.5908,0.9529451986544021,2026-09-16,2.334,60736000,47140000,,3.152,,0.0,0.0,,,,-84766000,-48358752,-82428000,159179848,Healthcare,Biotechnology,United States,100,https://fractyl.com,"Fractyl Health, Inc., a metabolic therapeutics company, develops therapies for the treatment of type 2 diabetes (T2D) and obesity. It develops Revita DMR System (Revita), an outpatient procedural therapy designed to durably modify duodenal dysfunction, a pathologic consequence of a high fat and high sugar diet, which can initiate T2D and obesity in humans. The company also develops Rejuva, a novel adeno-associated virus delivered pancreatic gene therapy platform that is designed to enable long-term remission of T2D and obesity by durably altering metabolic hormone function in the pancreatic islet cells of patients. Fractyl Health, Inc. was formerly known as Fractyl Laboratories Inc. and changed its name to Fractyl Health, Inc. on June 09, 2021. The company was incorporated in 2010 and is headquartered in Burlington, Massachusetts.",-0.7442097977045921,-0.7440909040171254,1171.26,2.444999933242798,0.3770000040531158,1.825925951974127,0.2762995449037343,"Actual GBP price level (local daily High/Low, GBp /100 or else / same-day GBPxxx=X FX rate), max/min over the trailing 365 calendar days -- directly comparable to the current GBP price, NOT the rebased (base=100) TR-index band.",-557000.0,1442000.0,,-140954000.0,9458000.0,61646000.0,81540000.0,1835000.0,,,
HSBA.L,HSBA.L,GBp,258110656428.6692,-122863693907.33081,14.498078071556643,10.643252001751131,2.02351621249132,,3.762439193717435,1507.800048828125,1537.4,0.9807467469937069,2026-09-16,0.571,837577998336,1219653009408,,,0.13104999,0.37797,0.58768004,0.254,,67432001536,,,-70560997376,17118360963,Financial Services,Banks - Diversified,United Kingdom,206161,https://www.hsbc.com,"HSBC Holdings plc engages in the provision of banking and financial products and services worldwide. It operates through four segments: Hong Kong, UK, Corporate and Institutional Banking, and International Wealth and Premier Banking. The Hong Kong segment is involved in the retail banking and wealth and commercial banking of HSBC Hong Kong and Hang Seng Bank. The UK segment engages in UK retail banking and wealth, as well as first direct and M&S Bank, UK Commercial Banking, and HSBC Innovation Bank. The Corporate and Institutional Banking segment is involved in transaction banking and capital markets. The International Wealth and Premier Banking segment is involved in the business comprising premier banking outside of Hong Kong and the UK, its private bank, asset management, and insurance businesses. The company was founded in 1865 and is headquartered in London, the United Kingdom.",0.3340545278921996,0.3340545278921996,458899.66,16.1,9.592860107421876,16.1,9.592860107421876,"Actual GBP price level (local daily High/Low, GBp /100 or else / same-day GBPxxx=X FX rate), max/min over the trailing 365 calendar days -- directly comparable to the current GBP price, NOT the rebased (base=100) TR-index band.",-4661000000.0,63078000000.0,6776000000.0,29907000000.0,198225000000.0,256139000000.0,307737000000.0,60720000000.0,7608000000.0,,
HYT.AX,HYT.AX,AUD,12857268.111759659,7933972.111759659,,,0.3529411590678822,-1.7550083412847595,,0.006000000052154,0.005,1.2000000104308,2026-09-16,0.221,38973,4163876,0.113,8.872,-0.13006,0.0,0.0,,,,-4521988,-11808736,-3720213,2142877997,Energy,Oil & Gas E&P,Australia,,https://hyterra.com,"Hyterra Ltd focuses on the exploration, development, and production of natural hydrogen in the United States. The company explores for hydrogen and helium resources. The company's flagship project includes the 100% owned Nemaha project covers an area of approximately 72,500 acres located in Kansas. Hyterra Ltd was incorporated in 2010 and is based in Subiaco, Australia.",-0.7099228091098617,-0.7272727234242897,19.52,0.0270000007003545,0.0049999998882412,0.013253420542880572,0.0026152953050869007,"Actual GBP price level (local daily High/Low, GBp /100 or else / same-day GBPxxx=X FX rate), max/min over the trailing 365 calendar days -- directly comparable to the current GBP price, NOT the rebased (base=100) TR-index band.",-15767110.0,1910.0,0.0,-4339296.0,32676644.0,15479.0,2442915.0,,,,
IDN,IDN,USD,48234849.74550497,36600517.74550497,14.875000715255737,31.733331846553867,2.144144111538738,10.150205202327543,,2.380000114440918,2.37,1.0042194575700076,2026-09-16,0.778,0,11837000,,4.978,0.15513,0.13026,0.09645,0.16,,24114000,3606000,1442375,2899000,20266743,Technology,Software - Application,United States,38,https://www.intellicheck.com,"Intellicheck, Inc., a technology company, provides on-demand digital identity validation solutions for KYC, fraud, and age verification needs in North America. It validates both digital and physical identities for financial services, fintech companies, BNPL providers, e-commerce and retail commerce businesses, and law enforcement and government agencies. The company also offers commercial identification services, such as Intellicheck identity service, an identity solution; validating the ID; matching the person to the ID; and determining the risk score through IDN-Mobile, IDN-Portal, IDN-Direct, and IDN-Capture elements. In addition, it offers data collection device software products for use in commercially available data processing devices, including credit card terminals, PDAs, tablets, laptops, desktops, mobile phones, and point-of-sale terminals; and instant credit application kiosk software applications for financial service companies and retail stores. It serves banking, fintech, retail, title insurance, automotive, and education industries. The company was formerly known as Intellicheck Mobilisa, Inc. and changed its name to Intellicheck, Inc. in May 2017. Intellicheck, Inc. was incorporated in 1994 and is headquartered in Melville, New York.",-0.6438780773756394,-0.6437125485626178,1262.42,9.079999923706056,2.3499999046325684,6.721106570775773,1.7441699539609223,"Actual GBP price level (local daily High/Low, GBp /100 or else / same-day GBPxxx=X FX rate), max/min over the trailing 365 calendar days -- directly comparable to the current GBP price, NOT the rebased (base=100) TR-index band.",-265000.0,5000.0,58000.0,1331000.0,20697000.0,0.0,9650000.0,292000.0,58000.0,,
IMSR,IMSR,USD,548895813.9110605,163150309.91106045,,-5.379746921322691,1.5983454275940707,-4.320299150362384,,4.25,4.385,0.9692132269099202,2026-09-16,,3879000,273518016,1.377,44.53,-0.27415,0.0,0.0,,,,-37762772,-41733752,-24381912,82718567,Utilities,Utilities - Regulated Electric,United States,74,https://www.terrestrialenergy.com,"Terrestrial Energy Inc. engages in the development of small modular nuclear plants using its generation IV integral molten salt reactor (IMSR). The IMSR captures the transformative operating benefits of molten salt reactor technology in a plant design of nuclear energy supply. The company uses a plant design together with molten salt reactor technology and uranium in its fuel for a nuclear plant. Terrestrial Energy Inc. was founded in 2013 and is headquartered in Charlotte, North Carolina.",-0.3047421628397483,-0.3044190004697349,9836.1,31.5,4.139999866485596,23.645789338089912,3.0727079444947534,"Actual GBP price level (local daily High/Low, GBp /100 or else / same-day GBPxxx=X FX rate), max/min over the trailing 365 calendar days -- directly comparable to the current GBP price, NOT the rebased (base=100) TR-index band.",-1141457.0,4339211.0,17950.0,-27998691.0,295406242.0,2073236.0,97164391.0,2702000.0,115000.0,,
IPWR,IPWR,USD,63930810.412671536,22008688.412671536,,-3.3826088767906444,1.5042537833510048,-1.8903066730501317,,3.890000104904175,3.95,0.9848101531402974,2026-09-16,1.841,358447,41294488,0.844,27.86,-0.43047002,0.0,-587.5888,3.549,,30250,-11643013,-5296367,-9183345,16434655,Technology,Semiconductors,United States,17,https://www.idealpower.com,"Ideal Power Inc. focuses on the development and commercialization of its bidirectional bipolar junction TRANsistor solid-state switch technology. The company offers SymCool Power Module designed to meet low conduction loss needs of the solid-state circuit protection and EV contactor markets. It serves electric and hybrid electric vehicles, electric vehicle charging, renewable energy and energy storage system uninterruptible power supplies, industrial motor drives, solid-state transformers, power distribution and transmission switches, and other industrial and defense markets. The company was formerly known as Ideal Power Converters Inc. and changed its name to Ideal Power Inc. in July 2013. The company was incorporated in 2007 and is headquartered in Austin, Texas.",0.258314868728891,0.2588997452933357,1019.88,9.300000190734863,2.615000009536743,6.91176042980569,1.9374796083459915,"Actual GBP price level (local daily High/Low, GBp /100 or else / same-day GBPxxx=X FX rate), max/min over the trailing 365 calendar days -- directly comparable to the current GBP price, NOT the rebased (base=100) TR-index band.",-449494.0,12701.0,,-10578420.0,7877089.0,403335.0,6129049.0,399972.0,,,
LAES,LAES,USD,492597939.2706299,13312835.270629883,,-8.111110829318918,0.9443725864137567,-0.28895936841457087,,2.190000057220459,2.3,0.9521739379219387,2026-09-16,-7.713,7140000,482278016,1.27,14.431,-0.123339996,-1.7038001,-2.88647,1.311,,24578000,-46074000,-32420000,-43109000,223430764,Technology,Semiconductors,Switzerland,185,https://www.sealsq.com,"SEALSQ Corp, together with its subsidiaries, designs, develops, and markets semiconductors in North America, Europe, the Middle East, Africa, the Asia Pacific, and Latin America. It offers semiconductors, such as VaultIC secure elements, quantum-resistant RISC-V secure chips, secure ARM platform, and smart card reader chips; custom chip design services; and other PKI services, including personal digital identity services. The company also provides semiconductors secure chips, SaaS, software and INeS certificate management platform, implementation, integration and other services, and ASIC design and production services. Additionally, it develops WISeRobot.ch, a platform human and artificial intelligence collaboration. It serves smart energy, smart home, automotive EV charging, consumer IoT, aerospace and military telecommunications, industry, logistics, medical, and luxury sectors. It has a strategic partnership with L5 Cartronics to develop secure multi-package IoT modules for smart cameras and smart metering. The company was founded in 2022 and is headquartered in Cointrin, Switzerland. SEALSQ Corp operates as a subsidiary of WISeKey International Holding AG.",-0.42090407033695376,-0.4206349011121099,34178.23,8.710000038146973,1.9900000095367432,6.538248445612013,1.4856942125642585,"Actual GBP price level (local daily High/Low, GBp /100 or else / same-day GBPxxx=X FX rate), max/min over the trailing 365 calendar days -- directly comparable to the current GBP price, NOT the rebased (base=100) TR-index band.",-1243000.0,223000.0,-162000.0,-34208000.0,461508000.0,7998000.0,417657000.0,,,,
LIS.AX,LIS.AX,AUD,96030043.8158909,79666163.8158909,,,3.0612248216421385,-13.405000642079616,,0.1500000059604644,0.15,1.0000000397364293,2026-09-16,0.785,685000,15630000,2.226,6.055,-0.14701,0.0,0.0,,,,-5943000,-7236000,-2397000,640200230,Industrials,Electrical Equipment & Parts,Australia,,https://www.lis.energy,"Li-S Energy Limited engages in the development and commercialization of lithium sulphur and metal batteries in Australia. It serves electric vehicle and e-mobility; aviation and drone technology; and consumer devices and internet of things. The company was incorporated in 2019 and is headquartered in Brisbane, Australia.",0.029306179683234124,-0.032258033504348194,18.68,0.1949999928474426,0.1150000020861625,0.09582027048874954,0.060235915797466066,"Actual GBP price level (local daily High/Low, GBp /100 or else / same-day GBPxxx=X FX rate), max/min over the trailing 365 calendar days -- directly comparable to the current GBP price, NOT the rebased (base=100) TR-index band.",-4775000.0,67000.0,599000.0,-4257000.0,30768000.0,685000.0,14980000.0,,,,
LTBR,LTBR,USD,227982877.90905234,-21816219.090947658,,,0.9541365611414896,,,6.46999979019165,6.82,0.9486803211424707,2026-09-16,2.154,0,237466176,,116.557,-0.13906999,0.0,0.0,,,,,-10365764,-16973188,35236922,Industrials,Electrical Equipment & Parts,United States,13,https://www.ltbridge.com,"Lightbridge Corporation, together with its subsidiaries, engages in research, developing, and commercializing nuclear fuel. It develops nuclear fuel for water-cooled reactors; and metallic fuels under the Lightbridge Fuel. The company has a strategic partnership with Studsvik Scandpower, Inc. to develop software for modeling metallic nuclear fuel. The company is headquartered in Reston, Virginia.",-0.48837075197212176,-0.48813294189430045,6656.88,31.34000015258789,6.329999923706055,23.38026770644194,4.698126010021805,"Actual GBP price level (local daily High/Low, GBp /100 or else / same-day GBPxxx=X FX rate), max/min over the trailing 365 calendar days -- directly comparable to the current GBP price, NOT the rebased (base=100) TR-index band.",-10526.0,3646731.0,0.0,-19580341.0,202987344.0,,201862421.0,5850688.0,0.0,,
MOLN.SW,MOLN.SW,CHF,122959808.03353646,58071812.033536464,,13.897307002075783,2.100785413888374,-1.1418720365388901,,3.2100000381469727,3.25,0.9876923194298377,2026-09-16,0.685,3042000,67930000,5.196,7.274,-0.61967,0.0,0.0,,,,-50850000,-27040624,-46113000,38305237,Healthcare,Biotechnology,Switzerland,134,https://www.molecularpartners.com,"Molecular Partners AG, a clinical-stage biotechnology company, designs and develops designed ankyrin repeat proteins therapeutics for the treatment of oncology diseases in Switzerland. Its product pipeline comprises MP0317, which is in Phase 2 clinical trial for the treatment of advanced solid tumors; MP053, novel tetra-specific T cell-engaging DARPin, which is phase 1 clinical trial for the treatment of acute myeloid leukemia; and MP0712, a 212Pb Radio-DARPin therapy (RDT) candidate targeting the tumor-associated protein delta-like ligand 3 (DLL3) which is in Phase 1 clinical trial to treat SCLC and neuroendocrine tumors. It also researches for Switch-DARPin T cell engager to treat CD3 x costim x; and MP0726, a Radio-DARPin Therapy to treat ovarian cancer and other MSLNexpressing cancers. In addition, the company develops MP0621, a Switch-DARPin candidate targeting CD16a, c-KIT, and CD47 as conditioning for hematopoietic stem cell transplantation; and Radio-DARPin Therapy (RDT) platform, a delivery system for effective and selective delivery of radioactive payloads to solid tumors. It has collaboration agreement with Orano Med SAS to develop novel Radio-DARPin therapeutics and an additional six targeted alpha therapeutics candidates and Eckert & Ziegler SE to develop Radio-DARPin therapeutics. Molecular Partners AG was incorporated in 2004 and is headquartered in Schlieren, Switzerland.",-0.08415213982769665,-0.05309736318202529,65.58,3.9600000381469727,2.6600000858306885,3.819272798035354,2.5181287637303296,"Actual GBP price level (local daily High/Low, GBp /100 or else / same-day GBPxxx=X FX rate), max/min over the trailing 365 calendar days -- directly comparable to the current GBP price, NOT the rebased (base=100) TR-index band.",-714000.0,18000.0,2000.0,-61649000.0,80334000.0,3644000.0,82653000.0,22000.0,4000.0,,
MSCL.TO,MSCL.TO,CAD,275813736.8500377,208246264.8500377,,-7.150715734740015,3.260490519969857,-5.814066630110283,,13.0,13.27,0.9796533534287868,2026-09-16,1.143,0,61839000,,11.22,-0.70448995,0.0,0.0,,,,-35816000,-16919124,-29000000,21216439,Healthcare,Biotechnology,Canada,18,https://satellos.com,"Satellos Bioscience Inc., a clinical-stage drug development company, focuses on restoring natural muscle repair and regeneration in degenerative muscle diseases in Canada, the United States, and Australia. The company uses its proprietary discovery platform MyoReGenX, an automated microscopy system that recapitulates the muscle stem cell environment ex-vivo. It develops SAT-3247, an oral, small molecule drug candidate for the treatment of Duchenne muscular dystrophy disease. The company has a license agreement the with Ottawa Hospital Research Institute (OHRI); and an option agreement with the University of British Columbia. Satellos Bioscience Inc. was founded in 2018 and is headquartered in Toronto, Canada.",-0.8655222791985996,-0.8632154895331436,200.77,18.979999542236328,7.320000171661377,10.354214040197684,3.9003805824926974,"Actual GBP price level (local daily High/Low, GBp /100 or else / same-day GBPxxx=X FX rate), max/min over the trailing 365 calendar days -- directly comparable to the current GBP price, NOT the rebased (base=100) TR-index band.",-6000.0,0.0,172000.0,-24701000.0,27784000.0,,9804000.0,0.0,154000.0,,
MSFT,MSFT,USD,3640745103230.939,3637394640766.939,27.329986216600183,20.781868580533175,8.231344336299234,18.726197011896577,0.8121558431858287,490.2999877929687,497.75,0.9850326223866774,2026-09-16,1.108,128812998656,76842999808,29.118,1.23,0.34039003,0.40305,0.45111,0.177,0.317,331839012864,194237005824,16545500160,182934994944,7425545491,Technology,Software - Infrastructure,United States,223000,https://www.microsoft.com,"Microsoft Corporation, a technology company, develops and supports a portfolio of technology solutions for individuals and businesses worldwide. Its products include operating systems, server applications, business solution applications, software development tools, desktop and server management tools, and video games; and devices, such as PCs, tablets, gaming and entertainment consoles, other intelligent devices, and related accessories. The company's Productivity and Business Processes segment offers Microsoft 365 Commercial, Enterprise Mobility + Security, Power BI, Exchange, SharePoint, Microsoft Teams, Microsoft 365 Security and Compliance, Microsoft 365 Copilot, and Windows Commercial on-premises and Office licensed on-premises. This segment also provides Microsoft 365 Consumer products and cloud services; LinkedIn, including talent solutions, marketing solutions, subscriptions, and sales solutions; Dynamics 365, a set of cloud-based applications; and on-premises ERP and CRM applications. Its Intelligent Cloud segment offers server products and cloud services; cloud and AI consumption-based services, GitHub cloud services, health and life sciences cloud services, as well as virtual desktop offerings, and other cloud services; SQL Server, Windows Server, Visual Studio, System Center, and related client access licenses; and enterprise support services, industry solutions, Microsoft partner network, and learning experience. The company's More Personal Computing segment provides Windows OEM licensing and devices comprising Surface and PC accessories; XBOX hardware, and XBOX first- and third-party content and services; XBOX Game Pass and other subscriptions; XBOX Cloud Gaming, advertising, and other cloud services; and search advertising consisting of Bing, Copilot, Microsoft News, Microsoft Edge, and third-party affiliates. It sells its products through partners and retail networks. The company was founded in 1975 and is headquartered in Redmond, Washington.",0.019786182168287203,0.020260188359835674,14892651.58,553.719970703125,349.20001220703125,415.051321024065,265.2174210957665,"Actual GBP price level (local daily High/Low, GBp /100 or else / same-day GBPxxx=X FX rate), max/min over the trailing 365 calendar days -- directly comparable to the current GBP price, NOT the rebased (base=100) TR-index band.",-115948000000.0,3051000000.0,32185000000.0,165934000000.0,442387000000.0,56826000000.0,20935000000.0,3051000000.0,32185000000.0,,
NYXH,NYXH,USD,157852328.02978617,123426272.02978617,,-1.8309939302490543,1.6061906754198652,-1.4918566660194974,,1.5499999523162842,1.49,1.040268424373345,2026-09-16,0.963,59988000,97785000,72.18,2.384,-1.22684,0.0,-2.6824799,4.728,,21663000,-82744000,-46059124,-71855000,101840217,Healthcare,Medical Devices,Belgium,153,https://www.nyxoah.com,"Nyxoah SA, a medical technology company, focuses on the development and commercialization of solutions to treat obstructive sleep apnea. Its lead solution is the Genio system, a hypoglossal neurostimulations therapy for obstructive sleep apnea. The company was incorporated in 2009 and is headquartered in Mont-Saint-Guibert, Belgium.",-0.6632000294294015,-0.6630434816410953,498.53,6.875,1.2599999904632568,5.167250246393692,0.9422531891480177,"Actual GBP price level (local daily High/Low, GBp /100 or else / same-day GBPxxx=X FX rate), max/min over the trailing 365 calendar days -- directly comparable to the current GBP price, NOT the rebased (base=100) TR-index band.",-3769000.0,1848000.0,1009000.0,-89076000.0,49129000.0,40475000.0,30001000.0,11153000.0,1472000.0,,
ONWD.BR,ONWD.BR,EUR,194680597.93028387,120706989.93028387,,-4.6613837268454805,2.8340081316679244,-2.777035189485275,,2.799999952316284,2.89,0.9688581149883336,2026-09-16,0.854,13789000,81505000,19.168,9.226,-0.90853995,0.0,-5.5665603,2.538,,8421000,-43463000,-29065376,-45989000,69528780,Healthcare,Biotechnology,Netherlands,137,https://www.onwd.com,"Onward Medical N.V., a medical technology company, develops and commercializes therapies to enable functional recovery for people with spinal cord injury (SCI) in the United States, Europe, and internationally. The company offers ARCEX System, an external stimulator that is intended to improve hand strength and sensation following SCI; ARCIM System, an implantable system currently used to explore potential indications in clinical feasibility studies; ARCBCI System, an implantable system currently being investigated to enable thought driven movement of the legs and upper extremities. Onward Medical N.V. was founded in 2014 and is headquartered in Eindhoven, Netherlands.",-0.3871335838520399,-0.3756967962178799,361.28,5.769999980926514,2.2699999809265137,5.02018538551454,1.9446252574756004,"Actual GBP price level (local daily High/Low, GBp /100 or else / same-day GBPxxx=X FX rate), max/min over the trailing 365 calendar days -- directly comparable to the current GBP price, NOT the rebased (base=100) TR-index band.",-432000.0,2216000.0,311000.0,-41476000.0,55316000.0,13665000.0,68110000.0,,,,
PLTR,PLTR,USD,418949209559.51544,405296389591.51544,149.00855512350967,75.0498309755108,42.85644407083855,152.21622558674022,,174.33999633789062,176.24,0.9892192257029654,2026-09-16,1.621,211400000,9409098752,2.139,7.228,0.38097,0.49005002,0.47120997,0.928,2.154,6155940864,2662629888,2159104512,3400291072,2300713329,Technology,Software - Infrastructure,United States,4401,https://www.palantir.com,"Palantir Technologies Inc. builds and deploys software platforms for the intelligence community to assist in counterterrorism investigations and operations in the United States, the United Kingdom, and internationally. It provides Palantir Gotham integrates with other platforms for defense offerings which enables users to see, understand, and act in the modern battlespace; operations centers to the tactical edge; integrating data from domains and sensors in near real-time; and situational awareness and accelerating operational decision-making, as well as facilitates the hand-off between analysts and operational users, helping operators plan and execute real-world responses to threats that have been identified within the platform. It also offers Palantir Foundry, a platform that helps organizations operate by creating a central operating system for their data; and allows individual users to integrate and analyze the data they need in one place. In addition, it provides Palantir Apollo, a software that delivers software and updates across the business, as well as enables customers to deploy their software virtually in any environment; and Palantir Artificial Intelligence Platform that provides unified access to open-source, self-hosted, and commercial large language models (LLMs) that can transform structured and unstructured data into LLM-understandable objects and can turn organizations' actions and processes into tools for humans and LLM-driven agents. The company also has a strategic partnership with Ondas Inc. to develop and deploy AI-enabled operational capabilities to scale stratospheric, aerial, and land-based ISR missions. The company has a strategic collaboration with NVIDIA to deliver an intelligent engine for running NVIDIA AI and Nemotron open models in sovereign environments and with PwC to transform critical business operations and deliver measurable enterprise value. The company was incorporated in 2003 and is headquartered in Aventura, Florida.",-0.01963994869704,-0.01918426814126295,5848356.95,207.52000427246097,106.37000274658205,157.99328366709128,80.78802068790434,"Actual GBP price level (local daily High/Low, GBp /100 or else / same-day GBPxxx=X FX rate), max/min over the trailing 365 calendar days -- directly comparable to the current GBP price, NOT the rebased (base=100) TR-index band.",-33882000.0,3470000.0,22724000.0,1657368000.0,7387268000.0,229338000.0,1423796000.0,266384000.0,41111000.0,,
PRME,PRME,USD,544130629.299363,525727173.299363,,-3.398547898089172,13.333333757961784,-2.7797379171461216,,3.0,3.14,0.9554140127388535,2026-09-16,2.349,112478000,95071000,282.544,3.055,-3.7328699,0.0,-37.50867,0.035,,4073000,-189122000,-75780000,-156051008,181376856,Healthcare,Biotechnology,United States,146,https://primemedicine.com,"Prime Medicine, Inc., a biotechnology company, engages in delivering genetic medicines to address the spectrum of diseases by deploying gene editing technology in the United States. Its lead therapeutic product candidate is PM359 for Chronic Granulomatous Disease, which is in Phase 1/2 clinical trial; PM577 for Wilson Disease, that is in preclinical studies; and PM647 to treat genetic disorder caused by mutations in the SERPINA1 gene, resulting in production of misfolded Z-AAT protein that accumulates in the liver and leads to hepatocellular injury, cirrhosis, and increased risk of hepatocellular carcinoma. The company also provides vivo programs targeting diseases of the liver, and Cystic Fibrosis programs. In addition, it offers Prime Editing technology comprising a programmable DNA binding domains, such as Cas domains, are typically modified such that they do not cause a double-stranded break in the DNA, as well as a RT domain that copies the edited DNA sequence directly into the target genomic site where the edit is made; and pegRNA which contains a search sequence, also known as a spacer, which provides a target genomic address for the Prime Editor. The company has a research collaboration and license agreement with BMS; Cystic Fibrosis Foundation; Broad Institute; and Beam. Prime Medicine, Inc. was incorporated in 2019 and is headquartered in Cambridge, Massachusetts.",-0.13584835880298163,-0.13544669300722323,11319.6,6.940000057220459,2.6700000762939453,5.166066899912087,1.9952334079633185,"Actual GBP price level (local daily High/Low, GBp /100 or else / same-day GBPxxx=X FX rate), max/min over the trailing 365 calendar days -- directly comparable to the current GBP price, NOT the rebased (base=100) TR-index band.",-4531000.0,4149000.0,0.0,-201142000.0,120868000.0,116427000.0,63032000.0,4033000.0,0.0,,
PRQR,PRQR,USD,262481406.97110495,98476454.97110495,,-3.932346684211625,2.2074186899929575,-2.349973076962559,,1.8600000143051147,1.89,0.984126991695828,2026-09-16,0.059,15312000,117125000,19.266,3.488,-0.57404,-2.28177,-1.00719,1.204,,18423000,-41902000,-19073124,-49007000,141119032,Healthcare,Biotechnology,Netherlands,186,https://www.proqr.com,"ProQR Therapeutics N.V., a clinical-stage biotechnology company, focuses on the discovery and development of novel therapeutic medicines. The company develops an RNA editing platform through its Axiomer RNA editing technology for genetic disorders with unmet needs. Its lead product candidate, AX-0810, targets na-taurocholate cotransporting polypeptide (NTCP) for the treatment of cholestatic diseases. The company also develops AX-2402, which targets methyl CpG binding protein 2 mutations for Rett syndrome; AX-2911, which targets PNPLA3 for metabolic dysfunction-associated steatohepatitis; and AX-1412, which targets the B4GALT1 gene for cardiovascular diseases. It has a research and collaboration agreement with Eli Lilly and Company for the discovery, development, and commercialization of potential new medicines for genetic disorders in the liver and nervous system. The company was incorporated in 2012 and is headquartered in Leiden, the Netherlands.",-0.07963569898370904,-0.07920790501592423,2083.02,3.0999999046325684,1.3300000429153442,2.312537994380478,0.9762186864452865,"Actual GBP price level (local daily High/Low, GBp /100 or else / same-day GBPxxx=X FX rate), max/min over the trailing 365 calendar days -- directly comparable to the current GBP price, NOT the rebased (base=100) TR-index band.",-1020000.0,929000.0,19000.0,-42165000.0,49374000.0,15964000.0,92413000.0,1121000.0,26000.0,,
QSI,QSI,USD,159785255.91513893,42563791.91513893,,-2.085714340209961,0.886998753045689,-0.4868542985476638,,0.7300000190734863,0.77,0.9480519728227095,2026-09-16,3.253,3253000,111741000,1.805,9.969,-0.49113998,0.0,-74.50291,-0.418,,1605000,-87360000,-50126000,-92448000,198946412,Healthcare,Medical Devices,United States,145,https://www.quantum-si.com,"Quantum-Si incorporated, a life sciences company, develops proprietary, universal, and single-molecule detection platform applied to proteomics to enable next-gen protein sequencing (NGPS). The company offers Platinum and Platinum Pro NGPS instruments for single-molecule, amino acid level resolution, and automated data analysis; library preparation kits to prepare a customer's protein sample for sequencing; and sequencing kits, which contain the reagents and consumables used to perform NGPS. It also provides Platinum analysis software, a cloud-based solution that automates data analysis workflows and visualizes the sequencing results. The company was founded in 2013 and is headquartered in Branford, Connecticut.",-0.336671954511111,-0.3363636334080333,2698.43,3.0999999046325684,0.6899999976158142,2.312662007254937,0.516184877485295,"Actual GBP price level (local daily High/Low, GBp /100 or else / same-day GBPxxx=X FX rate), max/min over the trailing 365 calendar days -- directly comparable to the current GBP price, NOT the rebased (base=100) TR-index band.",-2517000.0,0.0,58000.0,-101281000.0,220226000.0,4166000.0,21639000.0,7771000.0,-95000.0,,
RR.L,RR.L,GBp,118626907980.6055,114500990796.6055,40.01666642116934,29.25491926580193,42.00000206967666,22.46468860346902,0.852585048462491,1440.5999755859375,1479.8,0.9735099172766168,2026-09-16,1.188,4373000192,6483999744,151.735,1.239,1.14485,0.13114999,0.21104,0.206,-0.63,23164999680,5096999936,4602500096,5117000192,8234548067,Industrials,Aerospace & Defense,United Kingdom,43162,https://www.rolls-royce.com,"Rolls-Royce Holdings plc designs and manages mission-critical power systems in the United Kingdom and internationally. The company operates through three segments: Civil Aerospace, Defence, and Power Systems. The Civil Aerospace segment develops, manufactures, markets, and sells aero engines for large commercial aircraft, regional jet, and business aviation markets, as well as provides aftermarket services. The Defence segment is involved in the development, manufacture, marketing, and sale of military aero engines, naval engines, and submarine nuclear power plants, as well as offers aftermarket services. The Power Systems segment engages in the development, manufacture, marketing, and sale of integrated solutions for onsite power and propulsion under the mtu brand name. Rolls-Royce Holdings plc was founded in 1884 and is headquartered in London, the United Kingdom.",0.2630170138988608,0.2630170138988608,408219.97,15.86,9.9,15.86,9.9,"Actual GBP price level (local daily High/Low, GBp /100 or else / same-day GBPxxx=X FX rate), max/min over the trailing 365 calendar days -- directly comparable to the current GBP price, NOT the rebased (base=100) TR-index band.",-985000000.0,302000000.0,1099000000.0,6935000000.0,2726000000.0,4272000000.0,6034000000.0,,,,
SEYE.ST,SEYE.ST,SEK,2079494244.146549,2377526244.146549,,-35.84459326751925,1.52311222215194,142.73466298246467,,53.04999923706055,53.0,1.0009433818313311,2026-09-16,1.35,383907008,85875000,28.119,1.801,-0.09438,-0.26604,-0.1457,0.529,,488825984,16657000,-87903376,3922000,39198762,Technology,Software - Application,Sweden,277,https://www.smarteye.se,"Smart Eye AB (publ) develops human insight artificial intelligence (AI) technology solutions that understand, support, and predict human behavior in the Nordics countries, the rest of Europe, North America, Asia, and internationally. The company provides driver monitoring systems and interior sensing solutions for automotive market; and AIS, an end-to-end driver monitoring hardware and software system for fleet and aftermarket. It offers various behavioral research products, including smart eye research instruments under the Smart Eye Pro, AI-X, XO, and Aurora names, as well as offers smart recorders, software, and analysis services to automotive, aviation and aerospace, media and marketing, psychology and neuroscience, and behavioral research industries. In addition, the company offers media analytics platform comprising emotion AI for video testing, a cloud-based service used for analyzing images and videos of humans expressing emotion to support qualitative research, and software development kits that enable developers to incorporate emotion sensing to their apps and digital experiences; and iMotions, a human insights software to collect and analyze human behavior data through eye tracking, galvanic skin response, facial expression analysis, EEG, EMG, and ECG on one convenient platform. Smart Eye AB (publ) was incorporated in 1999 and is based in Gothenburg, Sweden.",-0.3658060677653766,-0.33102147294451345,2834.83,101.6999969482422,48.880001068115234,8.105565757509249,3.9233312862317273,"Actual GBP price level (local daily High/Low, GBp /100 or else / same-day GBPxxx=X FX rate), max/min over the trailing 365 calendar days -- directly comparable to the current GBP price, NOT the rebased (base=100) TR-index band.",-117196000.0,31282000.0,-21793000.0,-194552000.0,1295242000.0,308121000.0,134812000.0,41239000.0,-8543000.0,,
SHEL.L,SHEL.L,GBp,204402399389.71494,241949169821.71494,10.676118909689164,9.669795368944275,1.5032497219266314,4.200457112011262,3.225032853348245,3576.5,3571.0,1.0015401848221788,2026-09-16,-0.22,73075998720,31374000128,40.2,1.435,0.14341,0.08756,0.16691,0.447,2.2,296600993792,57605001216,21458374656,49139998720,5715151303,Energy,Oil & Gas Integrated,United Kingdom,84000,https://www.shell.com,"Shell plc operates as an energy and petrochemical company in Europe, Asia, Oceania, Africa, the United States, and other parts of the Americas. It operates through the following segments: Integrated Gas, Upstream, Marketing, Chemicals and Products, and Renewables and Energy Solutions. The company explores for and extracts natural gas to produce liquefied natural gas or convert it into gas-to-liquids (GTL) fuels and other products; explores for and extracts crude oil, natural gas, and natural gas liquids; and operates marketing and transportation of oil, gas, and liquids, supported by the infrastructure required to deliver them to market or to process them within Shell's chemical manufacturing plants and refineries. It is also involved in marketing, which includes mobility, lubricants, and sectors focused on decarbonization; operates a retail network, including electric vehicle charging, convenience retail, and the wholesale commercial fuels business for transport and industry; sells products for road transport and machinery in manufacturing, mining, power generation, agriculture, and construction; and provides low-carbon energy solutions, such as biofuels, to a broad range of commercial customers, including those in the aviation, marine, and agriculture sectors. In addition, the company offers chemicals and products, including chemicals manufacturing plants with their own marketing network, and refineries that turn crude oil and other feedstocks into a range of oil products, which are moved and marketed around the world for domestic, industrial, and transport use; and operates a pipeline business, trading, and optimization of crude oil, oil products, and petrochemicals. The company was formerly known as Royal Dutch Shell plc and changed its name to Shell plc in January 2022. Shell plc was founded in 1897 and is headquartered in London, United Kingdom.",0.34121337746929825,0.34121337746929825,423817.09,37.585,25.5377197265625,37.585,25.5377197265625,"Actual GBP price level (local daily High/Low, GBp /100 or else / same-day GBPxxx=X FX rate), max/min over the trailing 365 calendar days -- directly comparable to the current GBP price, NOT the rebased (base=100) TR-index band.",-18947000000.0,4741000000.0,11637000000.0,29756000000.0,174392000000.0,75643000000.0,29630000000.0,5134000000.0,13742000000.0,,
SIE.DE,SIE.DE,EUR,203258828469.6774,242772416181.6774,26.05,19.98160755251313,2.9539837203675914,19.393780264420133,2.098003838771593,260.5,266.6,0.977119279819955,2026-09-16,1.283,49924001792,10929999872,66.425,1.444,0.12465999,0.097959995,0.14903,0.073,0.128,81113997312,12517999616,6503750144,14339999744,780264198,Industrials,Specialty Industrial Machinery,Germany,317000,https://www.siemens.com,"Siemens Aktiengesellschaft, a technology company, focuses in the areas of automation and digitalization across the world. It operates through Digital Industries, Smart Infrastructure, Mobility, Siemens Healthineers, and Siemens Financial Services (SFS) segments. The Digital Industries segment provides automation systems and software for factories, numerical control systems, servo motors, drives and inverters, and integrated automation systems for machine tools and production machines; process control systems, machine-to-machine communication products, sensors and radio frequency identification systems; production and product lifecycle management software, and simulation and testing of mechatronic system. The Smart Infrastructure segment offers products, systems, solutions, services, and software to support sustainable transition from fossil and renewable energy sources; sustainable buildings and communities; and buildings, electrification, and electrical products. The Mobility segment provides rail passenger and freight transportation, such as metro systems, trams and light rail, and commuter trains, as well as trains and passenger coaches; locomotives and solutions for automated transportation and leasing; products and solutions for rail automation and electrification; maintenance and digital services; and digital and cloud-based solutions, and related services. The Siemens Healthineers segment develops, manufactures, and sells various diagnostic and therapeutic products and services; and provides clinical consulting and training services. Its financial services segment offers debt and equity investments; leasing, lending, and working capital; structured, equipment, and project financing; and financial advisory services. It has a strategic collaboration with IFS to improve product lifecycle with industrial AI. The company was founded in 1847 and is headquartered in Munich, Germany.",0.09326038932396274,0.10348974443702907,303242.51,291.70001220703125,198.0,250.08575383526065,171.70805551741987,"Actual GBP price level (local daily High/Low, GBp /100 or else / same-day GBPxxx=X FX rate), max/min over the trailing 365 calendar days -- directly comparable to the current GBP price, NOT the rebased (base=100) TR-index band.",-2445000000.0,1640000000.0,2501000000.0,10830000000.0,62244000000.0,56015000000.0,14495000000.0,1648000000.0,2823000000.0,,
SLDP,SLDP,USD,545353150.1611316,275255038.1611316,,-5.311111479878744,1.0824276667643904,-3.1262960228240857,,2.390000104904175,2.545,0.9390963084102848,2026-09-16,1.949,7705000,242435008,1.536,14.609,-0.20581,0.0,29.78269,,,7392000,-88048000,-44831876,-59832000,228181212,Consumer Cyclical,Auto Parts,United States,230,https://www.solidpowerbattery.com,"Solid Power, Inc., a research and development-stage company, develops solid-state battery technologies for the electric vehicles markets in the United States. It engages in the development of sulfide-based solid electrolytes. The company was founded in 2011 and is headquartered in Louisville, Colorado.",-0.4379082996396174,-0.43764703414019457,8638.93,8.859999656677246,1.9800000190734863,6.804027906349969,1.4898509587884101,"Actual GBP price level (local daily High/Low, GBp /100 or else / same-day GBPxxx=X FX rate), max/min over the trailing 365 calendar days -- directly comparable to the current GBP price, NOT the rebased (base=100) TR-index band.",-11082000.0,25000.0,-8000.0,-93483000.0,416174000.0,7990000.0,21607000.0,216000.0,-8000.0,,
SLX.AX,SLX.AX,AUD,1222344148.6022525,1042241492.6022525,,-86.96513012130669,6.071922630147581,1211.616067573663,,4.389999866485596,4.32,1.0162036727975916,2026-09-16,0.484,642197,180744736,0.319,29.465,-0.26439,-2.0471401,-0.42885,0.0,,18865644,860208,1673470,8184680,278438291,Technology,Semiconductors,Australia,,https://www.silex.com.au,"Silex Systems Limited, a technology commercialization company, engages in the research and development, commercialization, and license of SILEX laser enrichment technology in Australia, the United States, and the United Kingdom. It operates through three segments: Silex Systems, Translucent, and Silex USA. The company also sells its cREO technology. In addition, it develops its laser-based enrichment technology for use in various applications comprising uranium production and enrichment for nuclear power; silicon enrichment for silicon quantum computing; and medical isotope enrichment for new cancer therapies. Silex Systems Limited was incorporated in 1987 and is based in Lucas Heights, Australia.",-0.4589483685345096,-0.4913094080798871,3641.3,10.850000381469728,4.070000171661377,5.403546477832404,2.0582188764263125,"Actual GBP price level (local daily High/Low, GBp /100 or else / same-day GBPxxx=X FX rate), max/min over the trailing 365 calendar days -- directly comparable to the current GBP price, NOT the rebased (base=100) TR-index band.",-107663.0,67597.0,0.0,-38620683.0,201196597.0,642197.0,16033107.0,,,,
SPCX,SPCX,USD,1988867039987.9077,3865628680947.9077,,86.55594962421645,15.625517693455068,655.5241443564437,,150.8800048828125,154.81,0.9746140745611556,2026-09-16,,39708000256,100009000960,31.211,5.115,,-0.35661998,-0.01804,0.919,,23043999744,5896999936,,9900000256,7696293669,Industrials,Aerospace & Defense,United States,21000,https://www.spacex.com,"Space Exploration Technologies Corp. provides satellite-based broadband services in the United States, Ireland, Canada, and internationally. It operates through three operating segments: Space, Connectivity, and AI. The Space segment designs, manufactures, and launches reusable rockets to provide access to space. It also provides launch services for the deployment of payloads to intended orbits for commercial and government customers utilizing Falcon 9 and Falcon Heavy; and engages in the launch and development for the development of spacecraft and the provision of launch and mission services for government agency space programs utilizing Falcon 9, Falcon Heavy, Starship, and Dragon. Its company's Connectivity segment operates broadband data and communications network by various Starlink satellites in low-earth orbit, delivering connectivity to various consumers, enterprise, and government customers. The company's AI segment operates a vertically integrated AI platform spanning a frontier LLM Grok; AI solutions for consumer and enterprise customers; X, a real-time information, entertainment, and free speech platform; and AI computational infrastructure. Space Exploration Technologies Corp. was incorporated in 2002 and is based in Starbase, Texas.",-0.06671561128712289,-0.06256596617810406,13926856.77,225.63999938964844,104.83000183105467,168.18730580500423,77.69999657171252,"Actual GBP price level (local daily High/Low, GBp /100 or else / same-day GBPxxx=X FX rate), max/min over the trailing 365 calendar days -- directly comparable to the current GBP price, NOT the rebased (base=100) TR-index band.",-20906000000.0,1945000000.0,718000000.0,-4219000000.0,41325000000.0,23318000000.0,24747000000.0,2151000000.0,181000000.0,,
ULVR.L,ULVR.L,GBp,99911481155.00485,128354613059.00485,21.187213573664327,15.729269465731244,7.203801075013491,11.80184900153303,3.554245689655173,4640.0,4632.5,1.001618996222342,2026-09-16,0.453,32110000128,5943000064,175.397,0.74,0.31869,0.18319,0.20345,0.005,-0.056,50619998208,10876000256,6732624896,8636999680,2153264756,Consumer Defensive,Household & Personal Products,United Kingdom,93731,https://www.unilever.com,"Unilever PLC operates as a fast-moving consumer goods company in the Asia Pacific, Africa, the Americas, and Europe. It operates through four segments: Beauty & Wellbeing, Personal Care, Home Care, and Foods. The Beauty & Wellbeing segment offers hair care, such as shampoo, conditioner, and styling; face, hand, and body moisturizer skin care products; and Prestige Beauty and Wellbeing products. The Personal Care segment provides soap and shower skin cleansing products; and deodorant and oral care, including toothpaste, toothbrush, and mouthwash products. The Home Care segment offers washing powders and liquids, and rinse conditioner fabric care products; and a range of home and hygiene cleaning products. The Foods segment provides cooking aids and mini meals comprising soups, bouillons, and seasonings, as well as mayonnaise and ketchup condiments; and Unilever food solutions. The company provides its products under the AXE, Clear, Cif, Closeup, Comfort, Dermalogica, Domestos, Dove, Dove Men+Care, Hellmann's, Horlicks, Knorr, LUX, Lifebuoy, Liquid I.V., Nexxus, Nutrafol, OMO, Pond's, Paula's Choice, Pepsodent, Radiant, Rexona, Sunlight, Sunsilk, Surf, TRESemmé, and Vaseline brand names. Unilever PLC was founded in 1860 and is headquartered in London, the United Kingdom.",-0.020523058026318042,-0.020523058026318042,231215.81,55.4210986328125,36.44,55.4210986328125,36.44,"Actual GBP price level (local daily High/Low, GBp /100 or else / same-day GBPxxx=X FX rate), max/min over the trailing 365 calendar days -- directly comparable to the current GBP price, NOT the rebased (base=100) TR-index band.",-1591000000.0,1098000000.0,2481000000.0,8693000000.0,15530000000.0,27597000000.0,3941000000.0,,,,
VUL.AX,VUL.AX,AUD,1072200049.2771932,985609073.2771932,,-17.454998576597315,0.7702376478454773,-25.018511730746308,,2.240000009536743,2.19,1.0228310545829877,2026-09-16,1.596,45990000,273880000,5.571,4.493,-0.15759,0.0,-14.08293,-0.452,,5492000,-39395000,-246129632,-37110000,478660737,Basic Materials,Other Industrial Metals & Mining,Australia,,https://www.v-er.eu,"Vulcan Energy Resources Limited engages in the geothermal energy, and lithium exploration and production activities in Europe, Germany, and Australia. The company is involved in exploration and development of battery materials and geothermal lithium; and provision of engineering services. It holds interests in the Phase One Lionheart Project. The company was formerly known as Koppar Resources Limited and changed its name to Vulcan Energy Resources Limited in September 2019. Vulcan Energy Resources Limited was incorporated in 2018 and is based in Perth, Australia.",-0.45975040359697605,-0.49206347232614334,3811.95,7.519999980926514,2.174999952316284,3.664842446648536,1.1504588253936245,"Actual GBP price level (local daily High/Low, GBp /100 or else / same-day GBPxxx=X FX rate), max/min over the trailing 365 calendar days -- directly comparable to the current GBP price, NOT the rebased (base=100) TR-index band.",-50228000.0,1407000.0,1897000.0,-67678000.0,856946000.0,30612000.0,517839000.0,,,,
VYGR,VYGR,USD,187934736.53551152,104779920.53551152,,-2.384638248902763,1.059027705482629,-0.9536078567573849,,3.049999952316284,3.04,1.0032894579987777,2026-09-16,1.321,32567000,116338000,21.096,7.505,-0.54091,0.0,-8.3387,-0.391,,34459000,-109867000,-77310000,-120572000,61617948,Healthcare,Biotechnology,United States,141,https://www.voyagertherapeutics.com,"Voyager Therapeutics, Inc., a biotechnology company, focuses on the human genetics for the cure of neurological diseases. Its product pipeline includes VY1706, a tau silencing gene therapy and VY7523, an anti-tau antibody program for the treatment of alzheimer's disease. The company also provides research program for the treatment of Huntington's disease. In addition, it offers TRACER, an adeno-associated virus (AAV) capsid discovery platform; ALPL-VYGR-NeuroShuttle, to target an undisclosed neurological disease; and develops selective small molecules for the treatment of amyotrophic lateral sclerosis (ALS) and frontotemporal dementia with TDP-43 pathology. The company has collaboration and license agreements with Alexion; AstraZeneca Ireland Limited; Novartis Pharma AG; and Transition Bio, Inc. for the treatment of various other diseases of the central nervous system. Voyager Therapeutics, Inc. was incorporated in 2013 and is headquartered in Lexington, Massachusetts.",-0.2242791627077192,-0.22391860037983213,1973.27,5.550000190734863,2.940000057220459,4.141354870107141,2.179128020383113,"Actual GBP price level (local daily High/Low, GBp /100 or else / same-day GBPxxx=X FX rate), max/min over the trailing 365 calendar days -- directly comparable to the current GBP price, NOT the rebased (base=100) TR-index band.",-2596000.0,10618000.0,144000.0,-119577000.0,196081000.0,36499000.0,65300000.0,7936000.0,126000.0,,
WBT.AX,WBT.AX,AUD,734268859.1952833,565269371.1952833,,-20.333331767998153,9.384615021992534,-9.92255259057274,,3.049999952316284,3.26,0.9355828074589829,2026-09-16,0.956,373000,168342000,0.242,6.795,-0.44967,0.0,-2.80706,1.58,,15276000,-56969000,200750,-18397000,240743886,Technology,Semiconductors,Australia,,https://www.weebit-nano.com,"Weebit Nano Limited engages in the development of non-volatile memory using a resistive random access memory technology based on fab-friendly materials in South Korea and the United States. It offers its products to aerospace and defense, IoT devices, secure devices, edge artificial intelligence, automotive, data center, neuromorphic computing, data logging, and medical devices industries. The company was incorporated in 2010 and is headquartered in Melbourne, Australia.",-0.3588873797801071,-0.39723320418836394,6105.48,8.890000343322754,2.7300000190734863,4.7137298889869115,1.339436791888362,"Actual GBP price level (local daily High/Low, GBp /100 or else / same-day GBPxxx=X FX rate), max/min over the trailing 365 calendar days -- directly comparable to the current GBP price, NOT the rebased (base=100) TR-index band.",-1074000.0,197802.0,462000.0,-54435000.0,153985000.0,373000.0,168342000.0,,,,
IITU.L,IITU.L,GBp,,,,,,,,,,,,,,,,,,,,,,,,,,,,,,,,,,,9282.17,,,,,"ETF/ETC/gilt/trend instrument -- TER and yield only, per SPEC Section 1",,,,,,,,,,etf_equity,0.15
VMID.L,VMID.L,GBP,,,,,,,3.1,,,,,,,,,,,,,,,,,,,,,,,,,,,,4636.14,,,,,"ETF/ETC/gilt/trend instrument -- TER and yield only, per SPEC Section 1",,,,,,,,,,etf_equity,0.1
IWQU.L,IWQU.L,USD,,,,,,,0.0,,,,,,,,,,,,,,,,,,,,,,,,,,,,4751.91,,,,,"ETF/ETC/gilt/trend instrument -- TER and yield only, per SPEC Section 1",,,,,,,,,,etf_equity,0.25
VWRP.L,VWRP.L,GBP,,,,,,,,,,,,,,,,,,,,,,,,,,,,,,,,,,,76826.4,,,,,"ETF/ETC/gilt/trend instrument -- TER and yield only, per SPEC Section 1",,,,,,,,,,etf_equity,0.14
CSP1.L,CSP1.L,GBp,,,,,,,,,,,,,,,,,,,,,,,,,,,,,,,,,,,6545.7,,,,,"ETF/ETC/gilt/trend instrument -- TER and yield only, per SPEC Section 1",,,,,,,,,,etf_equity,0.07
ISF.L,ISF.L,GBp,,,,,,,2.88,,,,,,,,,,,,,,,,,,,,,,,,,,,,84129.61,,,,,"ETF/ETC/gilt/trend instrument -- TER and yield only, per SPEC Section 1",,,,,,,,,,etf_equity,0.07
EMIM.L,EMIM.L,GBp,,,,,,,,,,,,,,,,,,,,,,,,,,,,,,,,,,,21198.8,,,,,"ETF/ETC/gilt/trend instrument -- TER and yield only, per SPEC Section 1",,,,,,,,,,etf_equity,0.18
WLDS.L,WLDS.L,GBP,,,,,,,,,,,,,,,,,,,,,,,,,,,,,,,,,,,1883.12,,,,,"ETF/ETC/gilt/trend instrument -- TER and yield only, per SPEC Section 1",,,,,,,,,,etf_equity,0.35
SMEA.L,SMEA.L,GBp,,,,,,,,,,,,,,,,,,,,,,,,,,,,,,,,,,,13149.36,,,,,"ETF/ETC/gilt/trend instrument -- TER and yield only, per SPEC Section 1",,,,,,,,,,etf_equity,0.12
IJPA.L,IJPA.L,USD,,,,,,,0.0,,,,,,,,,,,,,,,,,,,,,,,,,,,,8877.92,,,,,"ETF/ETC/gilt/trend instrument -- TER and yield only, per SPEC Section 1",,,,,,,,,,etf_equity,0.12
SMGB.L,SMGB.L,GBP,,,,,,,,,,,,,,,,,,,,,,,,,,,,,,,,,,,32949.77,,,,,"ETF/ETC/gilt/trend instrument -- TER and yield only, per SPEC Section 1",,,,,,,,,,etf_equity,0.35
XDWH.L,XDWH.L,USD,,,,,,,0.0,,,,,,,,,,,,,,,,,,,,,,,,,,,,2049.29,,,,,"ETF/ETC/gilt/trend instrument -- TER and yield only, per SPEC Section 1",,,,,,,,,,etf_equity,0.25
SGLN.L,SGLN.L,GBp,,,,,,,,,,,,,,,,,,,,,,,,,,,,,,,,,,,35880.59,,,,,"ETF/ETC/gilt/trend instrument -- TER and yield only, per SPEC Section 1",,,,,,,,,,etc_commodity,0.12
SSLN.L,SSLN.L,GBp,,,,,,,,,,,,,,,,,,,,,,,,,,,,,,,,,,,16195.01,,,,,"ETF/ETC/gilt/trend instrument -- TER and yield only, per SPEC Section 1",,,,,,,,,,etc_commodity,0.2
BRNT.L,BRNT.L,USD,,,,,,,,,,,,,,,,,,,,,,,,,,,,,,,,,,,13573.41,,,,,"ETF/ETC/gilt/trend instrument -- TER and yield only, per SPEC Section 1",,,,,,,,,,etc_commodity,0.49
COPA.L,COPA.L,USD,,,,,,,,,,,,,,,,,,,,,,,,,,,,,,,,,,,3766.73,,,,,"ETF/ETC/gilt/trend instrument -- TER and yield only, per SPEC Section 1",,,,,,,,,,etc_commodity,0.49
ICOM.L,ICOM.L,USD,,,,,,,0.0,,,,,,,,,,,,,,,,,,,,,,,,,,,,5010.96,,,,,"ETF/ETC/gilt/trend instrument -- TER and yield only, per SPEC Section 1",,,,,,,,,,etc_commodity,0.19
YCA.L,YCA.L,GBp,,,,,,,,,,,,,,,,,,,,,,,,,,,,,,,,,,,9174.16,,,,,"ETF/ETC/gilt/trend instrument -- TER and yield only, per SPEC Section 1",,,,,,,,,,etc_commodity,
IHYU.L,IHYU.L,USD,,,,,,,7.84,,,,,,,,,,,,,,,,,,,,,,,,,,,,4834.44,,,,,"ETF/ETC/gilt/trend instrument -- TER and yield only, per SPEC Section 1",,,,,,,,,,etf_bond,0.5
IHYG.L,IHYG.L,EUR,,,,,,,6.49,,,,,,,,,,,,,,,,,,,,,,,,,,,,18688.5,,,,,"ETF/ETC/gilt/trend instrument -- TER and yield only, per SPEC Section 1",,,,,,,,,,etf_bond,0.5
GHYS.L,GHYS.L,GBP,,,,,,,7.22,,,,,,,,,,,,,,,,,,,,,,,,,,,,226.26,,,,,"ETF/ETC/gilt/trend instrument -- TER and yield only, per SPEC Section 1",,,,,,,,,,etf_bond,0.55
IEMB.L,IEMB.L,USD,,,,,,,5.83,,,,,,,,,,,,,,,,,,,,,,,,,,,,13091.96,,,,,"ETF/ETC/gilt/trend instrument -- TER and yield only, per SPEC Section 1",,,,,,,,,,etf_bond,0.45
IBTM.L,IBTM.L,GBP,,,,,,,,,,,,,,,,,,,,,,,,,,,,,,,,,,,3817.72,,,,,"ETF/ETC/gilt/trend instrument -- TER and yield only, per SPEC Section 1",,,,,,,,,,etf_bond,0.07
T36N,T36N,GBP,,,,,,,,,,,,,,,,,,,,,,,,,,,,,,,,,,,,,,,,"ETF/ETC/gilt/trend instrument -- TER and yield only, per SPEC Section 1",,,,,,,,,,gilt,
T56,T56,GBP,,,,,,,,,,,,,,,,,,,,,,,,,,,,,,,,,,,,,,,,"ETF/ETC/gilt/trend instrument -- TER and yield only, per SPEC Section 1",,,,,,,,,,gilt,
DBMG.L,DBMG.L,GBp,,,,,,,,,,,,,,,,,,,,,,,,,,,,,,,,,,,280.01,,,,,"ETF/ETC/gilt/trend instrument -- TER and yield only, per SPEC Section 1",,,,,,,,,,trend,0.75
