ticker,weight,mcr,risk_contribution,pct_of_risk,bucket,name
IITU.L,0.053943367645242365,0.1695107734353671,0.009143981971253391,0.07619984975851946,etf_equity,iShares S&P 500 Information Technology Sector UCITS ETF USD (Acc)
VMID.L,2.859941101350731e-16,0.08972565107403489,2.5661007735208673e-17,2.1384173112133543e-16,etf_equity,Vanguard FTSE 250 UCITS ETF (GBP) Distributing
IWQU.L,0.0,0.11573527582588601,0.0,0.0,etf_equity,iShares Edge MSCI World Quality Factor UCITS ETF USD (Acc)
VWRP.L,0.0,0.10523629236088024,0.0,0.0,etf_equity,Vanguard FTSE All-World UCITS ETF (USD) Accumulating
CSP1.L,4.916302045641308e-16,0.10761232436744074,5.290546904238649e-17,4.408789086754136e-16,etf_equity,iShares Core S&P 500 UCITS ETF USD (Acc)
ISF.L,0.13535252102978318,0.0801895519813885,0.010853858020929778,0.09044881683879595,etf_equity,iShares Core FTSE 100 UCITS ETF GBP (Dist)
EMIM.L,0.0,0.1128877369368747,0.0,0.0,etf_equity,iShares Core MSCI EM IMI UCITS ETF USD (Acc)
WLDS.L,0.0,0.11389080873843653,0.0,0.0,etf_equity,iShares MSCI World Small Cap UCITS ETF USD (Acc)
SMEA.L,0.0,0.09197208109157587,0.0,0.0,etf_equity,iShares Core MSCI Europe UCITS ETF EUR (Acc)
IJPA.L,0.0,0.10643495129809305,0.0,0.0,etf_equity,iShares Core MSCI Japan IMI UCITS ETF USD (Acc)
SMGB.L,0.16605245365825777,0.2583785761418584,0.042904396541082565,0.3575366378333202,etf_equity,VanEck Semiconductor UCITS ETF
XDWH.L,9.642538368248223e-17,0.05491511589413927,5.2952111200603575e-18,4.412675933272128e-17,etf_equity,Xtrackers MSCI World Health Care UCITS ETF 1C
SGLN.L,0.14828752191704705,0.049180246568982185,0.007292816890983724,0.060773474089995366,etc_commodity,iShares Physical Gold ETC
SSLN.L,0.0,0.09409006979364776,0.0,0.0,etc_commodity,iShares Physical Silver ETC
BRNT.L,0.0517124780829529,0.12077227649013406,0.006245433701024385,0.05204528084055476,etc_commodity,WisdomTree Brent Crude Oil
COPA.L,3.9119263756874175e-17,0.10215209647303036,3.996114805246131e-18,3.330095670954295e-17,etc_commodity,WisdomTree Copper
ICOM.L,1.546893919923165e-17,0.06411605573692998,9.918073678891175e-19,8.265061398867131e-18,etc_commodity,iShares Diversified Commodity Swap UCITS ETF
YCA.L,7.006180083654737e-17,0.15121039254305912,1.0594072406767956e-17,8.828393672083547e-17,etc_commodity,Yellow Cake plc
RR.L,0.04999999999999997,0.21160338217232444,0.010580169108616215,0.08816807590290723,stock,Rolls-Royce Holdings plc
PLTR,0.049999999999999926,0.3349780387826518,0.016748901939132567,0.13957418282257786,stock,Palantir Technologies Inc.
AZN.L,0.010776755059487407,0.041927161134456284,0.0004518387458856955,0.003765322882285651,stock,AstraZeneca PLC
SHEL.L,0.04999999999999994,0.10550896999900633,0.005275448499950311,0.043962070831808385,stock,Shell plc
HSBA.L,0.04999999999999984,0.11990203585554879,0.005995101792777421,0.049959181605216105,stock,HSBC Holdings plc
ULVR.L,0.0,-0.005495055857325611,-0.0,-0.0,stock,Unilever PLC
MSFT,3.1302949598729905e-17,0.10562241611764496,3.306293168226717e-18,2.755244306785976e-17,stock,Microsoft Corporation
ASML.AS,0.0,0.257291935401923,0.0,0.0,stock,ASML Holding N.V.
SIE.DE,1.1432424864914966e-16,0.165259065438363,1.8893118488701507e-17,1.5744265406853419e-16,stock,Siemens Aktiengesellschaft
BRK-B,0.014223244940512738,0.051369620415276075,0.0007306426936676353,0.0060886891137431065,stock,Berkshire Hathaway Inc. Class B
IHYU.L,4.501990702568444e-17,0.04377363948475877,1.970685179779669e-18,1.6422376497748936e-17,etf_bond,iShares $ High Yield Corp Bond UCITS ETF USD (Dist)
IHYG.L,3.900745540783661e-17,0.030479482062171936,1.1889270373941275e-18,9.907725311367373e-18,etf_bond,iShares € High Yield Corp Bond UCITS ETF EUR (Dist)
GHYS.L,0.0,0.029055268875503647,0.0,0.0,etf_bond,iShares Global High Yield Corp Bond GBP Hedged UCITS ETF (Dist)
IEMB.L,5.685571015590559e-17,0.04354432224694669,2.475743364607752e-18,2.0631194704543278e-17,etf_bond,iShares J.P. Morgan $ EM Bond UCITS ETF USD (Dist)
IBTM.L,0.09999999999999994,-0.008964784678739835,-0.000896478467873983,-0.007470653898761084,etf_bond,iShares $ Treasury Bond 7-10yr UCITS ETF USD (Dist)
T36N,0.0,0.0016257239822199529,0.0,0.0,gilt,4 7/8% Treasury Gilt 2036
T56,0.0,0.0029209637179897162,0.0,0.0,gilt,5 3/8% Treasury Gilt 2056
DBMG.L,0.09465165766671571,0.049379891285791865,0.00467388856560241,0.03894907137903589,trend,iMGP DBi Managed Futures UCITS ETF R USD (Acc)
