,n_obs,first_date,last_date,mean_ann_arith,cagr_5y,vol_ann,sharpe,sortino,downside_dev_ann,skew,excess_kurtosis,max_drawdown,max_dd_peak,max_dd_trough,var95_daily,cvar95_daily,var99_daily,cvar99_daily,var95_monthly,cvar95_monthly,var99_monthly,cvar99_monthly,beta_vwrp,alpha_ann_vwrp,r2_vwrp,beta_ftas,alpha_ann_ftas,r2_ftas,beta_up,beta_down,beta_asymmetry,upside_capture_monthly,downside_capture_monthly,corr_benchmark,ret_ytd,ret_1y,ret_3y,ret_5y,ret_10y,high_52w_local,low_52w_local,high_52w_gbp,low_52w_gbp,price_local,pct_below_52w_high,pct_above_52w_low,high_52w_close_local,low_52w_close_local,pct_below_52w_high_close_basis,f52_basis,price_gbp,bucket,insufficient_history
IITU.L,1261,2021-09-16,2026-09-16,0.22109149353552585,0.2161855891840181,0.22570595440607197,0.8134100583151777,1.173899307645576,0.1563945837090108,-0.1617088553536079,1.4607544337027738,-0.2802706552706554,2025-01-22,2025-04-07,0.02246139447824035,0.031136979564224128,0.03566969216731492,0.04517543952271582,0.06052715805002018,0.08529661797062005,0.09475480836390744,0.11303662859393493,1.477160713673339,0.06713807238087968,0.7265850245300907,0.7655141498194313,0.14976799500418442,0.18108874845367207,1.473581535324309,1.3527033519852514,0.12087818333905753,1.7223297103473785,1.3087684368351367,0.8523995685886343,0.2133503672947945,0.3010273972602733,1.1487556561085897,1.679125528913946,,40.09,27.69,40.09,27.69,37.99,-0.05238214018458476,0.37197544239797753,39.74,27.92,-0.04403623553095115,intraday High/Low over the trailing 365 calendar days (data/raw),37.99,etf_equity,False
VMID.L,1261,2021-09-16,2026-09-16,0.046128077078635,0.03528767772787944,0.15160816066753247,0.056910373693905905,0.08084401622846156,0.10672499315536775,0.07240297019618545,2.4718913800158173,-0.28792546216937465,2022-01-04,2022-10-12,0.014922860475463203,0.02141322386301878,0.026813615504927557,0.03140122804863162,0.06539017156582977,0.09447236486724846,0.0997290176672239,0.10544756449901393,0.8178486685485068,-0.05554282983168334,0.493648386966584,1.0118509896794843,-0.0317755301482381,0.692339657695324,0.8754157700784165,0.8403637758790073,0.03505199419940919,0.6455567167149523,0.9428932226292817,0.7026011578175676,0.09918237324441281,0.15079191564707295,0.4299021971592265,0.18177280558517883,,38.45000076293945,31.34925079345703,38.45000076293945,31.34925079345703,36.96,-0.03875164456109992,0.1789755437381617,38.30500030517578,31.905000686645508,-0.035112917229086715,intraday High/Low over the trailing 365 calendar days (data/raw),36.96,etf_equity,False
IWQU.L,1261,2021-09-16,2026-09-16,0.11034250357478456,0.10122979188269277,0.16736606006823362,0.43522864519298193,0.6300524684824081,0.11561339288176824,0.06152640556387356,2.3897604996579016,-0.18734671497708177,2025-01-24,2025-04-07,0.016069965560258963,0.022895404010077825,0.027665148050496035,0.03518185542768256,0.04502619667714188,0.06511011878884583,0.06990287388716787,0.07100830838872563,0.9770401413673513,-0.003952062355218336,0.5781053741128542,0.8763783666575748,0.03788822160527456,0.4246575032777573,0.9832958430931517,0.9125592935658777,0.07073654952727393,0.9683304527503114,1.0296180367394325,0.7603324102738588,0.1026304112453742,0.16910850338852224,0.4978770284342202,0.6098816256272195,,91.30999755859376,75.33000183105469,67.77028114937109,55.909928152141745,88.45,-0.03132184465078425,0.17416696999915127,90.94000244140624,76.02999877929688,-0.02738071667647657,intraday High/Low over the trailing 365 calendar days (data/raw),65.64759093127051,etf_equity,False
VWRP.L,1261,2021-09-16,2026-09-16,0.11611525030075777,0.1137157215975868,0.13024422893375673,0.6035987232934684,0.8456388296933942,0.09296551617581414,-0.3838983702638502,3.0517541212598838,-0.17641997020990474,2025-01-22,2025-04-09,0.012678635857960141,0.01903383778964668,0.02107944032891971,0.03146901895307345,0.047968080583668186,0.05632102177856424,0.05964742118371907,0.06033436225801336,0.9999999999999998,1.3660947373317356e-17,1.0,0.7448188386479256,0.048794837892665636,0.5109624751280658,1.0,1.0,0.0,1.0,1.0,1.0,0.12632240545779205,0.19340805510625825,0.6180106948243858,0.7121939573034122,,145.39999389648438,119.16000366210938,145.39999389648438,119.16000366210938,142.66,-0.018844525526150124,0.19721379335072298,144.9600067138672,119.29000091552734,-0.015866491496562274,intraday High/Low over the trailing 365 calendar days (data/raw),142.66,etf_equity,False
CSP1.L,1261,2021-09-16,2026-09-16,0.13411894743405092,0.13173176521672714,0.14455880699736726,0.6683712285741993,0.9482852721283166,0.10188806077015292,-0.2788609454603483,2.719559479306149,-0.2077482901179295,2025-01-22,2025-04-09,0.014419188694504752,0.021137221553346224,0.02371763278637937,0.03306638474329241,0.04785412311537475,0.06235736427726524,0.06732531574385568,0.07764454350171979,1.0646163083364897,0.012879715119012257,0.9200556493416691,0.6883256232951285,0.0701196709925454,0.3545180215842144,1.0761904111212,1.0381008415964494,0.03808956952475051,1.1303182885888974,1.0754694155660092,0.9591953134485545,0.11292968322822783,0.1779048794837914,0.6366999035059466,0.860965500426671,,624.44,515.95,624.44,515.95,610.62,-0.022131830119787366,0.1834867719740283,621.41,516.32,-0.017363737307091842,intraday High/Low over the trailing 365 calendar days (data/raw),610.62,etf_equity,False
ISF.L,1261,2021-09-16,2026-09-16,0.126104264453103,0.12568404157644575,0.1247363251483187,0.7103324901366734,0.9850713632186786,0.08994705131168602,-0.6015113158858513,4.702017030698976,-0.12689553467356185,2025-03-03,2025-04-09,0.0123011256942249,0.019005341295897888,0.023739794556271177,0.032840136513535484,0.04973883183215497,0.056329468214654045,0.0586613619236674,0.06267975557290395,0.6528354468748624,0.03751867302647382,0.46466348145586567,0.9933075125604418,0.051512614261914995,0.9784299304344506,0.7087487109905094,0.7370498528730393,-0.028301141882529857,0.5892779188049787,0.2720177901814564,0.6816622928223816,0.10150850558490121,0.18382977037931525,0.5755550726807843,0.7974234739578452,,11.484000244140626,8.912000122070312,11.484000244140626,8.912000122070312,10.462,-0.08899340146409973,0.1739227846385636,10.675999755859374,8.940999755859375,-0.020044938249640154,intraday High/Low over the trailing 365 calendar days (data/raw),10.462,etf_equity,False
EMIM.L,1261,2021-09-16,2026-09-16,0.09863639446693981,0.0887676011945191,0.16520814307751755,0.37005678611286075,0.5206652047119498,0.11741978129835391,-0.21317620865508438,2.786996830094333,-0.20994925697716615,2021-11-11,2022-10-28,0.016462557719333356,0.02427297498754798,0.02991405038533163,0.038254940102907635,0.056480538353063874,0.0823177693052648,0.08610536791447461,0.09873949579831887,0.9307672199280429,-0.011988794129270806,0.5384386638808545,0.7595515897706009,0.026660999163239954,0.33678852771112766,0.886766598787835,0.9272188956010059,-0.04045229681317086,0.9706009977569716,1.1233843473037601,0.7337837991403564,0.2047619047619056,0.29122807017543995,0.6775797762121814,0.5091807251374749,,44.02,31.47030029296875,44.02,31.47030029296875,40.48,-0.08041799182189924,0.2862921428507703,43.76,31.54,-0.07495429616087756,intraday High/Low over the trailing 365 calendar days (data/raw),40.48,etf_equity,False
WLDS.L,1259,2021-09-16,2026-09-16,0.08183938096473714,0.07464470530101819,0.15608765898348767,0.2840671790037402,0.394218842595586,0.11247402755485032,-0.384286161690525,2.2948588616727745,-0.2155225897331675,2024-11-25,2025-04-09,0.015187714604989013,0.022822115361187213,0.0294840884627359,0.037732763541467915,0.06106048034038033,0.07008551710324262,0.07205173323415866,0.07876028253448564,1.0673690489249055,-0.036419510234280056,0.7922746445937026,0.8979617737925537,0.016636785251891214,0.5175660761027323,1.0875248279583858,1.1260943362236175,-0.038569508265231756,0.9668347218166247,1.220802982833776,0.8900981095327086,0.14317454542243757,0.1908950582230673,0.49873757009941433,0.4317254529046337,,8.925800323486328,6.396999835968018,8.925800323486328,6.396999835968018,7.717,-0.13542766807203044,0.20634675596052054,7.973999977111816,6.4004998207092285,-0.032229743898858465,intraday High/Low over the trailing 365 calendar days (data/raw),7.717,etf_equity,False
SMEA.L,1155,2021-09-16,2026-09-16,0.09294504793131689,0.09940354491913861,0.14029171517069425,0.39521256022749723,0.5590529198409048,0.09917674331634907,-0.10585990123090296,3.482166276343335,-0.1575595706294115,2021-11-11,2022-03-07,0.013246963952115484,0.020494615750080738,0.025953224896041027,0.03277065417775089,0.04407210885862754,0.06515451931329568,0.07220537344638081,0.08311658939273991,0.8359104415330649,0.0016682586443308104,0.6315768781792404,0.9846950313505012,0.031959947436308866,0.7964015949254062,0.9184308144168318,0.8556178562188994,0.06281295819793242,0.6227200728994845,0.47561047502369885,0.7947181124016491,0.08469811781960401,0.1689936775553209,0.5129560216648306,0.5973721707405191,,92.24,75.49669921875,92.24,75.49669921875,88.75,-0.03783607979184733,0.17554808247773668,91.72,75.52,-0.03238116005233316,intraday High/Low over the trailing 365 calendar days (data/raw),88.75,etf_equity,False
IJPA.L,1261,2021-09-16,2026-09-16,0.10605010268686249,0.0919828956420361,0.1905284695701352,0.35978928945119454,0.5210445112740464,0.13156285346763427,0.0893115421676584,1.9604811539650422,-0.195467922806148,2021-09-21,2022-06-17,0.0188486003339796,0.02601103898008936,0.029624627749876897,0.03765913654958761,0.04481047995842128,0.06322857420534718,0.06903880757145336,0.08982299529994764,0.8025859114543105,0.005589510863437411,0.3010095564555405,0.7998129169529669,0.024991937027596396,0.27749099099791263,0.7805624015252427,0.7568265963806855,0.023735805144557198,0.7025516872012209,0.6539581330815285,0.548643378211696,0.21982819148119614,0.2599286117379145,0.6059394548480335,0.5480259781781605,,85.62000274658203,54.21870040893555,63.547166939987285,40.24112001436868,84.61,-0.01179634097386606,0.5605316867029848,85.18000030517578,65.06999969482422,-0.006691715228147821,intraday High/Low over the trailing 365 calendar days (data/raw),62.797542890840006,etf_equity,False
SMGB.L,1261,2021-09-16,2026-09-16,0.3318689053915593,0.32240905781888407,0.3239625948691446,0.9086509061654516,1.313969953282932,0.22403016496388178,-0.15882707889253764,1.2101400245106317,-0.362393165908678,2024-06-19,2025-04-07,0.03213265389281205,0.044642172460159335,0.05214460038410313,0.06382361988454498,0.11837717049686336,0.14780524546026866,0.15391540116614125,0.1938124197396761,1.9070765860875458,0.14382376258619972,0.5878459203375275,1.1013708100012993,0.2714450584547852,0.18656694527074236,1.8036111936303745,1.7107881629728492,0.09282303065752529,2.6917392491160834,1.9224553418516848,0.7667111061785458,0.6608263197115727,1.045284979421571,2.4659744711041243,3.082522637278995,,95.91000366210938,37.540000915527344,95.91000366210938,37.540000915527344,76.78,-0.19945785561122809,1.0452849794215684,94.19000244140624,37.58250045776367,-0.18483917602865185,intraday High/Low over the trailing 365 calendar days (data/raw),76.78,etf_equity,False
XDWH.L,1261,2021-09-16,2026-09-16,0.06299484227478369,0.05205031445413222,0.1568683894594767,0.1625237714407063,0.23075849309482302,0.11048279061307348,-0.02790439799786183,2.035523502317421,-0.18278652497655556,2024-09-02,2025-05-15,0.01483014057267873,0.021718850823976905,0.025867590973786214,0.03265259111016217,0.051748188304593636,0.06345291433289117,0.06602288980340507,0.07357024909707155,0.5510300554785327,-0.017517725361084622,0.20931322924270102,0.6783273585282064,-0.008282407485619002,0.2959938856319315,0.5790794038936077,0.5284091641436138,0.05067023974999385,0.466283641414884,0.6080978775675868,0.4575076275240677,0.05026112572612407,0.16199089692790158,0.1651323487353471,0.2729933373637139,,64.77999877929688,51.20000076293945,48.07971577604844,38.00064110532716,61.7,-0.04754552079863905,0.20507810704293683,64.68000030517578,51.20000076293945,-0.046072979145260096,intraday High/Low over the trailing 365 calendar days (data/raw),45.793740649625676,etf_equity,False
SGLN.L,1261,2021-09-16,2026-09-16,0.19966714373830097,0.20346704052700493,0.17057552029268838,0.9507058425502112,1.3699124515178573,0.11837774272262468,-0.3242015929718267,4.84117022938669,-0.24889466840052044,2026-03-02,2026-07-16,0.01588572954211708,0.02501888679152733,0.03047352381451037,0.04263226039757477,0.05007943317369848,0.08609386005584636,0.10236581788634494,0.10559854346836595,0.054907056974786136,0.15849642936904423,0.0017576803634630211,0.026615529705405403,0.1674146927312695,0.0003975390742159135,-0.03225315835596316,0.07232764921277969,-0.10458080756874286,0.6334271275921801,-0.24066838571351723,0.0419246987283521,0.00852501206369527,0.20507399577166852,1.0990960830264438,1.4841521394611634,,78.10000000000001,51.910000000000004,78.10000000000001,51.910000000000004,62.7,-0.19718309859154937,0.20785975727220185,76.9,52.16,-0.18465539661898567,intraday High/Low over the trailing 365 calendar days (data/raw),62.7,etc_commodity,False
SSLN.L,1261,2021-09-16,2026-09-16,0.21964632183150185,0.15145928976306777,0.39357376704351893,0.46280097172066154,0.6360290292427063,0.2863805163867693,-0.6913717377683328,18.099101728746618,-0.6494263549679344,2026-01-29,2026-07-17,0.034110048142391804,0.05699468848600621,0.06266004261058904,0.11738947665802862,0.10857817599608953,0.23601800127739256,0.2738117923687462,0.3794380073203094,0.417359007676675,0.14973367954574848,0.019075866439424716,0.49056962004120386,0.16302454524912588,0.024379892864670016,0.2942388042128257,0.5254870240631048,-0.23124821985027905,1.1646878220879238,0.24894395714461012,0.13811540985503692,-0.33446104540860344,0.16573101478491603,1.064130884367387,1.014486214604386,,112.81509765625,38.86,112.81509765625,38.86,45.64,-0.5954442184762713,0.17447246525990745,112.81509765625,39.331201171875,-0.5954442184762713,intraday High/Low over the trailing 365 calendar days (data/raw),45.64,etc_commodity,False
BRNT.L,1261,2021-09-16,2026-09-16,0.3011388160030776,0.2616989780651109,0.370091870489104,0.7123604624296646,1.008193056909852,0.26149636143214483,-0.317130877374675,3.0080791214682563,-0.33352552128953816,2022-06-14,2025-05-07,0.03629924206665324,0.05401916484665214,0.06397719119446012,0.08765936954364156,0.1082602794270012,0.1521190622016074,0.16517902088997485,0.17619509401991074,0.1079878304257285,0.255758871248043,0.0014442671023502385,0.27198503023160525,0.18395140169356436,0.008773943093848602,-0.4107581174603093,0.5757553165815571,-0.9865134340418664,0.3636548997260258,-1.3328340659891968,0.03800351434210274,1.0910721361889761,1.0024120283318654,0.7355274415315662,2.25427222166168,,101.80999755859376,44.900001525878906,75.56338125992328,33.32478160524953,98.87,-0.02887729721142296,1.2020043795101998,100.7300033569336,45.119998931884766,-0.018465236721403877,intraday High/Low over the trailing 365 calendar days (data/raw),73.3813150409804,etc_commodity,False
COPA.L,1261,2021-09-16,2026-09-16,0.1166065977977999,0.08407012147090653,0.2657726838288255,0.29764758611817904,0.4085049798619358,0.19364904149892104,-1.3694077263226136,21.07020882128778,-0.2644621726471049,2022-03-04,2022-07-14,0.02501498121688483,0.03655199962777421,0.03778978006500732,0.0603901545375866,0.06479538976123779,0.1089610487608685,0.1119173684397477,0.11976833079366234,0.4834834211373193,0.04145038289083137,0.056138327138596344,0.6810101541143009,0.053229272228726664,0.10191292747022096,0.3243985577386755,0.6133570935606716,-0.2889585358219961,0.5327401875759836,0.37092262787734875,0.23693528048519166,0.11424279477779486,0.3603814494753437,0.51901787580294,0.46767504507323676,,59.06999969482422,39.03070831298828,43.84175439543352,28.96859212084561,55.32,-0.0634839971931267,0.4173455310210479,58.27000045776367,40.36000061035156,-0.05062640182922162,intraday High/Low over the trailing 365 calendar days (data/raw),41.058504582452066,etc_commodity,False
ICOM.L,1261,2021-09-16,2026-09-16,0.135760403186692,0.1271024794611293,0.1798672708404133,0.5462939573585527,0.7746692799394388,0.12684174489838254,-0.27584146465087683,2.2476201289434243,-0.28457617804968327,2022-06-08,2024-09-09,0.01679691047128682,0.02603686111843314,0.03148438084517268,0.040728058437508055,0.06882545211574091,0.07338159920182423,0.07537246226610553,0.0754723885705012,0.09290247285506957,0.09157670598681832,0.004525506948151459,0.19810120126455205,0.06824551154024201,0.019081462187243936,-0.2068115377943231,0.2701538366401762,-0.4769653744344993,0.2380051249162354,-0.2974534267905872,0.06727188824576925,0.3593182114546565,0.4776748212777462,0.4512572869640774,0.8281149732213566,,10.989999771118164,7.385000228881836,8.156777945835183,5.481147247631135,10.9,-0.008189242310512546,0.4759647477560567,10.9350004196167,7.400000095367432,-0.0032007698466943735,intraday High/Low over the trailing 365 calendar days (data/raw),8.089980114763692,etc_commodity,False
YCA.L,1261,2021-09-16,2026-09-16,0.15594570263915072,0.09403626479151628,0.3644355108970713,0.3250114192977306,0.48100256039262085,0.24624755124477674,0.252306156676394,2.2796000031679426,-0.48153122901276013,2024-01-16,2025-04-07,0.036243822075782764,0.04924046101452275,0.057865412618462155,0.07166834145896213,0.09481146321827802,0.11923494349228365,0.12124185269770056,0.12915329750925197,0.9890178498723216,0.040701321336964025,0.12493492514603965,1.0010298692976178,0.0723234039495051,0.11786960347805464,0.9527710013622628,1.0623264911056405,-0.1095554897433777,0.7946231216375699,0.42395327177335873,0.353461348871472,-0.054898648648648574,0.07183908045977039,0.15076097481000716,0.6031518624641872,,7.5152001953125005,4.95,7.5152001953125005,4.95,5.595,-0.2555088547754454,0.13030303030303014,7.22,5.005,-0.22506925207756234,intraday High/Low over the trailing 365 calendar days (data/raw),5.595,etc_commodity,False
RR.L,1261,2021-09-16,2026-09-16,0.6052161522635398,0.6827045383237209,0.41570126825862186,1.3656829930822927,2.200819752421045,0.25795667802372957,1.1888382418500767,13.125785152687477,-0.5508543546058668,2021-09-27,2022-10-12,0.03541176547236512,0.05275025853797534,0.05954483127755364,0.09101303672268815,0.09829453102624477,0.15490548810680937,0.1613791055210184,0.1761621941384368,1.3059895407636395,0.46483636343071055,0.16743015399019834,1.6891343527320644,0.5125793137540401,0.25614828994236305,1.4124086400758027,1.4509822051625527,-0.03857356508675003,2.35555771064076,-0.22092655804360067,0.4091822992141753,0.2630170138988608,0.29280780238868687,5.577764321077276,12.144712444182574,,15.860000000000001,9.9,15.860000000000001,9.9,14.405999755859376,-0.09167719067721469,0.455151490490846,15.704000244140625,10.29,-0.0826541306738422,intraday High/Low over the trailing 365 calendar days (data/raw),14.405999755859376,stock,False
PLTR,1261,2021-09-16,2026-09-16,0.5864025760411469,0.4431918982837173,0.6720038549076554,0.8168146239526786,1.317366373055056,0.4166666063960681,1.1695254637882044,8.489788425078077,-0.7611282506596437,2021-09-23,2022-12-28,0.06046116596127837,0.08329393614956315,0.09818178903376755,0.12435019436956768,0.22200889996451673,0.24076009427465037,0.24268436881651348,0.24398357634749912,1.4447495580250163,0.43501931376557557,0.07840767748825117,0.6671012896175292,0.4441286668854456,0.01597487339360082,1.4158308302105709,0.9994824385784874,0.4163483916320835,2.588945391138494,-0.6518642305020788,0.2800137094648242,-0.01963994869704,0.06554420790020221,9.235240059723012,5.93355122556085,,207.52000427246097,106.37000274658205,154.02134935595282,78.94781715845946,174.33999633789062,-0.15988823849004474,0.6389958807582399,207.17999267578125,107.2699966430664,-0.15850949656747204,intraday High/Low over the trailing 365 calendar days (data/raw),129.39514711756973,stock,False
SPCX,67,2026-06-12,2026-09-16,0.13718344119926584,-0.23102424759686602,0.9029300789349096,0.1103999562367573,0.16992781887249855,0.5866222603260801,0.5094337371689462,2.51861272561079,-0.48915108523781736,2026-06-16,2026-08-05,0.07582066731549918,0.11677302311231932,0.1447197830004937,0.15842194491947348,,,,,2.946468492089567,-0.009265164636306089,0.11622126378242303,-1.4289960825345198,-2.3927164425521426,0.014539862654575186,8.33601096793307,1.4014297426441629,6.934581225288907,,,0.3409123989860491,,,,,,225.63999938964844,104.83000183105467,167.4700099227108,77.80482846274072,150.8800048828125,-0.3313242098433796,0.43928266953550743,211.38999938964844,108.2699966430664,-0.2862481417358812,intraday High/Low over the trailing 365 calendar days (data/raw),111.98314121260569,stock,True
AZN.L,1261,2021-09-16,2026-09-16,0.13142441580889322,0.10609598517347063,0.24736858647620752,0.3796941929727487,0.5334226167077364,0.1760788029360117,-0.23784066323019998,5.7516319776534175,-0.26747514311539655,2024-09-02,2024-11-07,0.02179570592062463,0.03593774168408933,0.041572276539187644,0.06443347302603193,0.07740325360175622,0.10702603669810233,0.1135031896193382,0.12701521771884916,0.4289304532154085,0.060594174230544265,0.05100369569512209,0.9150234249318909,0.06936849167385492,0.22088359718805484,0.5277121986895705,0.4946295566010314,0.033082642088539116,0.17103265684360897,-0.2652247312726845,0.2258399780710272,-0.10479574855348883,0.03252480992367035,0.22703009936759289,0.6643094822927604,,157.32,98.92,157.32,98.92,121.36,-0.22857869310958556,0.22684997978164168,155.42,109.56,-0.2191481147857418,intraday High/Low over the trailing 365 calendar days (data/raw),121.36,stock,False
SHEL.L,1261,2021-09-16,2026-09-16,0.24737576255612787,0.24308642514747159,0.24402842128176017,0.860046389079414,1.206179293351705,0.17400046884649265,-0.4731803667196441,3.387439019566144,-0.2063934326171878,2022-06-08,2022-07-14,0.023403818517758187,0.03680593837875927,0.045322018004322014,0.05845242024137032,0.08674544420710792,0.11121125656297785,0.11600762145566212,0.13610619469026541,0.467654027356833,0.17347479622519693,0.06229963682050388,0.9094709401133676,0.1540166680990779,0.2164767182926024,0.20481151933704397,0.8713027348284265,-0.6664912154913825,0.29774841843711697,-0.9877764359460466,0.24959895196195064,0.34121337746929825,0.4024314898787349,0.6035189040873208,1.9923742362559502,,37.585,25.5377197265625,37.585,25.5377197265625,35.765,-0.048423573234002926,0.40047742644774265,36.525,25.62,-0.02080766598220396,intraday High/Low over the trailing 365 calendar days (data/raw),35.765,stock,False
HSBA.L,1261,2021-09-16,2026-09-16,0.3725304249475402,0.40760682833584716,0.247417668651295,1.3541087294768939,1.9305149411272582,0.17354459051837778,-0.5106548138685765,4.354966514417562,-0.2198235148013159,2025-03-03,2025-04-09,0.023150908432299385,0.03813862784489482,0.047846362793120385,0.06274384505791226,0.08702898373568216,0.10818535340021795,0.11213816674109199,0.11630106168625332,0.8523402754459147,0.26812438231164587,0.20131752308079987,1.2770583380274159,0.2980703713164623,0.4155632813423177,0.8862552907803926,1.0888417404517836,-0.20258644967139106,1.190794905893677,-0.6765374052292952,0.4486842130951341,0.3340545278921996,0.5583229471747844,2.1304152161367034,4.358341826304065,,16.1,9.592860107421876,16.1,9.592860107421876,15.07800048828125,-0.06347823054153734,0.5717940551030853,15.974000244140624,9.642999877929688,-0.05609113197478721,intraday High/Low over the trailing 365 calendar days (data/raw),15.07800048828125,stock,False
ULVR.L,1261,2021-09-16,2026-09-16,0.051696298535321095,0.03289541264744322,0.19661375287666832,0.0722039955375153,0.1027214877183408,0.13820183927093146,-0.15482061758791066,13.747622391063324,-0.28413168935574407,2024-09-09,2026-06-04,0.016292352421361178,0.027704139698632235,0.03039506318503822,0.05082776945461134,0.0780845539516726,0.14214891343307065,0.16066177154968675,0.23193707700749933,0.11252193004353794,0.005956806082642852,0.0055560166414813095,0.4629921378050716,-0.0006084186179116051,0.09035659879725955,0.2745429323598682,0.01301593694697993,0.26152699541288826,0.20941203776055073,0.2642732235094506,0.07453869224423822,-0.02052305802631782,-0.13860246038675983,0.059618573863260194,0.16012312674691254,,57.112998046875,36.44,57.112998046875,36.44,46.4,-0.1875754804201033,0.2733260153677277,56.41517944335938,40.78,-0.177526324336424,intraday High/Low over the trailing 365 calendar days (data/raw),46.4,stock,False
MSFT,1261,2021-09-16,2026-09-16,0.1508276901411765,0.11465770044941936,0.2919937559467656,0.38811682727159985,0.5767871255015957,0.1964809634795896,0.5233630879577227,6.1958702006801065,-0.3412389780305115,2025-10-29,2026-03-27,0.029393508563887106,0.039478715087034294,0.04178039080538169,0.05767595542210402,0.07799683819046035,0.12364943741893519,0.14339551555459892,0.15960126770245397,0.6704065265102305,0.06084873690943967,0.0894223988524977,0.2985678304329037,0.05179003147937411,0.01725060898057762,0.6473584022664156,0.4670689814371273,0.18028942082928834,1.0218650624157362,0.7641492297406922,0.2990357818932342,0.019786182168287203,-0.008792390458914112,0.3764094825684321,0.7672335702925799,,553.719970703125,349.20001220703125,410.9709680858547,259.1762527367084,490.2999877929687,-0.1145343969256235,0.4040663535323219,542.0700073242188,352.8299865722656,-0.09550430540659993,intraday High/Low over the trailing 365 calendar days (data/raw),363.90065610220165,stock,False
ASML.AS,1261,2021-09-16,2026-09-16,0.21575988126614504,0.14441666732193426,0.4017493935603545,0.443709148348385,0.637036460000576,0.2798268112722839,-0.17920501283590073,2.843746603038208,-0.4638363524241347,2021-11-18,2022-10-14,0.0384088542925086,0.05632593695013265,0.06509145813514798,0.08858048454132636,0.14125547553952358,0.16626930399594406,0.1681763142780088,0.17110907639365114,1.9189635949708985,0.026772115440530063,0.38702586477756884,1.4189201274864607,0.14922232648624068,0.19729236788988014,1.8185911597251319,1.6481907421695587,0.1704004175555731,2.3761388979877904,2.3131089439003634,0.6221140287580488,0.49470008080886574,1.0289708844147687,1.4738409598246451,0.9976685042008913,,1741.0,729.5,1491.0673712922062,624.7752138757406,1396.199951171875,-0.1980471274142016,0.9139135725454077,1721.4000244140625,732.9000244140625,-0.18891603847448557,intraday High/Low over the trailing 365 calendar days (data/raw),1195.76576162674,stock,False
SIE.DE,1261,2021-09-16,2026-09-16,0.18424533710643987,0.14693993468709854,0.3075662446794452,0.4771178230542895,0.6869887230011351,0.2136066171004635,0.06258434411971707,3.200616111681258,-0.36996608127165853,2022-01-05,2022-07-05,0.029466588250385055,0.043809182576595954,0.05170414371724371,0.06591524026306947,0.10163316940315327,0.15798609269403638,0.1836397814584843,0.19832545454861483,1.406721427231168,0.03587765190793845,0.3548590154930388,1.4309961240604516,0.09501401523410583,0.3380371335319925,1.4340780868051328,1.5817980747011915,-0.14771998789605867,1.519987743006192,1.3150969593501916,0.5957004410717176,0.09326038932396274,0.1503712667951156,1.0393195058674616,1.0282926773298748,,291.70001220703125,198.0,249.82445169870334,169.57572631582815,260.5,-0.10695924203420104,0.31565656565656575,289.8500061035156,203.75,-0.10125929096249076,intraday High/Low over the trailing 365 calendar days (data/raw),223.10341770340017,stock,False
BRK-B,1261,2021-09-16,2026-09-16,0.14863776362697897,0.14000418323240105,0.18813143445598468,0.5907453156265643,0.8498116814004771,0.1307792844690315,-0.10210417387224156,3.270837595992349,-0.2055184717750117,2022-03-30,2022-06-17,0.01764795342707914,0.025910070971751825,0.03035021395109404,0.04150298661532743,0.05273968729446623,0.07595394509963256,0.0805208117249388,0.0992633260001412,0.34408583678062044,0.08453558033318095,0.05674503097591854,0.4229411854008207,0.08783775646845282,0.07880804471804148,0.33522894006507997,0.3375098207563608,-0.002280880691280851,0.49892014915362926,-0.035842916522142006,0.23821215539077467,0.033638711701734714,0.050821861572926785,0.3182818189755301,0.9075916621602478,,537.739990234375,464.010009765625,399.1106264136987,344.3882341335058,519.7999877929688,-0.03336185287909699,0.12023442782090776,529.4199829101562,465.3999938964844,-0.018170819817392547,intraday High/Low over the trailing 365 calendar days (data/raw),385.7955564128007,stock,False
IHYU.L,1261,2021-09-16,2026-09-16,0.04540124723852629,0.041268409845880205,0.10007291119953779,0.0789549054166297,0.11554540258548422,0.06838218623783573,0.3305686234976154,2.8964237408272027,-0.10534511760097143,2022-09-28,2023-07-14,0.009609817601142321,0.013510583552255172,0.01603764813283357,0.019464192569470542,0.026658447429856125,0.030241140167114284,0.030894468882683365,0.032556107597236705,0.2792411607830252,-0.013558844807915266,0.13208173936357825,0.2573900541158791,-0.0005460662681663381,0.10202978921057038,0.26994390202406954,0.23489340560822813,0.0350504964158414,0.18846655810390137,0.30441327795350476,0.36343051517942,0.009318511489370351,0.03130154863893475,0.15932391261144585,0.2251541270117825,,115.52999877929688,92.5500030517578,85.74636631038398,68.69061323945319,92.83,-0.19648575278410496,0.003025358606261852,98.31999969482422,92.73999786376952,-0.055838076809038295,intraday High/Low over the trailing 365 calendar days (data/raw),68.89842697738656,etf_bond,False
IHYG.L,1261,2021-09-16,2026-09-16,0.02655960989842435,0.024137915159740064,0.0739677033190796,-0.14790766254268203,-0.21688543270120028,0.05044317622128202,0.4560999234839304,3.3775503979101575,-0.15469500347665222,2021-09-30,2022-07-14,0.007133826622819583,0.00986675073132297,0.0115050027913802,0.01454737559125802,0.029735542968979647,0.04284555142200264,0.04786674128236795,0.05293427787381444,0.24364021113200007,-0.029577377108446906,0.1840478057239877,0.25229828202312626,-0.018982762705943314,0.17959914352444906,0.2721999100731362,0.20881844240537,0.0633814676677662,0.15896145461057903,0.3609478051855727,0.4290079320059102,-0.01521950651337356,0.0065365554902689915,0.17553151379152943,0.12919393967587522,,93.90399932861328,88.19000244140625,80.42342873793251,75.52971574644506,90.25,-0.03891207355105564,0.023358629114024865,93.76000213623048,88.87000274658203,-0.03743602875702323,intraday High/Low over the trailing 365 calendar days (data/raw),77.293986363654,etf_bond,False
GHYS.L,1244,2021-09-16,2026-09-16,0.03258605482469576,0.029588406778624066,0.061023600288353276,-0.08052532384330814,-0.11263385785240236,0.043627602472282985,-0.10995578359744439,3.805416702592943,-0.14705379843586064,2021-09-23,2022-09-29,0.00622576059187697,0.008946775059404846,0.01016375774879532,0.013774537124988363,0.025725826501481735,0.04691917329718901,0.04920583887857622,0.06540092652717777,0.2691632006092785,-0.025566163786441352,0.3323041117075437,0.267329723283882,-0.011956346279260533,0.3028601425468004,0.2930480531935936,0.2828616490573532,0.01018640413624039,0.2333298457356043,0.41801996707309264,0.5764582480176189,0.003852567795156414,0.016608691067113268,0.22104539253351407,0.15998703620588262,,92.63999938964844,87.22000122070312,92.63999938964844,87.22000122070312,88.04,-0.04965457059537104,0.009401499287095216,92.20999908447266,87.44999694824219,-0.04522285138136217,intraday High/Low over the trailing 365 calendar days (data/raw),88.04,etf_bond,False
IEMB.L,1261,2021-09-16,2026-09-16,0.019083270428790867,0.012551683473564612,0.115214688692201,-0.15984706273355387,-0.2298214447236088,0.08013494821319972,0.36006303248252836,3.811200745573709,-0.15246424634606093,2021-12-14,2023-08-21,0.011053473322804482,0.015668323942149898,0.01943129951070292,0.02404902601608424,0.034823319717867784,0.04268070549393491,0.04478329648450571,0.05326592709581157,0.2997991665149382,-0.04150704244474055,0.11485822984135274,0.32536549543700094,-0.0290944887273538,0.12350335883240338,0.3389242690202387,0.20880731126033084,0.13011695775990786,0.3324736095454709,0.7294827105281901,0.33890740599956337,-0.0006286008579292623,0.03205169457190005,0.18567743417317994,0.06180396083271922,,95.0199966430664,89.0,70.52384250892845,66.05580093706135,90.13,-0.051462816415740575,0.012696629213483135,94.69000244140624,89.80000305175781,-0.04815716890732946,intraday High/Low over the trailing 365 calendar days (data/raw),66.89448694895886,etf_bond,False
IBTM.L,1261,2021-09-16,2026-09-16,-0.008983855927839122,-0.013294034943929223,0.09374809589001819,-0.4958378672818301,-0.7044394394497373,0.06598701509976403,0.2814457340633328,2.384598600575047,-0.16289168521940534,2022-09-28,2023-08-21,0.009509364042245337,0.012598271203531951,0.014314212766122422,0.01865384978353961,0.028697035575863186,0.03856811023715826,0.041220287603773005,0.04795966890808412,-0.03438008896540077,-0.04307422569552051,0.002281424280002664,-0.18262774989833505,-0.032544632037894046,0.058503424013616856,-0.028433731368896133,-0.13929681836713542,0.1108630869982393,-0.018039671560860383,0.3679132305649211,-0.047764257347965695,-0.028574400969229696,-0.015589733867469091,0.021037948277808693,-0.06078536996607842,,137.9900360107422,122.97000122070312,137.9900360107422,122.97000122070312,123.92,-0.10196414478540228,0.007725451491147339,136.6199951171875,123.3499984741211,-0.09295853880168803,intraday High/Low over the trailing 365 calendar days (data/raw),123.92,etf_bond,False
T36N,1261,2021-09-16,2026-09-16,-0.04036807227842919,-0.04461695956114953,0.10254560466638482,-0.7593506570248436,-1.104105684512087,0.0705259228085939,1.24533979470937,16.118429047823074,-0.3349075221358203,2021-12-07,2022-09-27,0.009792400833375951,0.013622824580759179,0.014543989410894026,0.021410631993800836,0.03915866765333408,0.06487415043081128,0.07735322400138525,0.07767782868546436,0.039958890433173515,-0.08035341814741762,0.0025757856428693104,0.07868501338454825,-0.08060509425915909,0.009058647682196885,0.053891160445002,-0.04792664263484778,0.10181780307984978,0.15007713122810454,0.8341916858144421,0.05075219840429881,-0.017286278663076082,0.005498652606479526,0.09751009040948722,-0.2095005803622918,,,,,,,,,,,,,96.75,gilt,False
T56,1261,2021-09-16,2026-09-16,-0.11053897871373503,-0.1217593458349816,0.1972276272336027,-0.7505996030586168,-1.1166894098730458,0.13256951969354244,2.1592427814710984,31.973790033383096,-0.5299245843280607,2021-12-07,2022-09-27,0.017947311625751243,0.025433067723298175,0.027452221708084097,0.040101081740410424,0.07439434045027016,0.10177083309144064,0.11055453820263378,0.11730500788614429,0.06681912899325028,-0.1526543035744729,0.001947076873708986,0.14738546076957845,-0.15469345644060334,0.008582772454149179,0.023895286353191797,-0.05679142054129233,0.08068670689448412,0.2516845978570667,1.5761294194658866,0.04412569403090391,-0.06162955074362064,-0.019211142725841568,-0.026045870731444376,-0.4828450710701021,,,,,,,,,,,,,93.155,gilt,False
DBMG.L,1258,2021-09-16,2026-09-16,0.10334640904584387,0.09709806732569248,0.15265466193384777,0.4313422742004311,0.6074394518720347,0.1083999546669473,-0.16337473769976132,2.7644823621745775,-0.3163295643729749,2022-09-27,2025-05-27,0.01493448957916153,0.022341976923561532,0.02797116812554456,0.03411539556124595,0.05738573609394701,0.10152281374934731,0.10484664843352487,0.11519115352984954,0.12852930419448783,0.056973011427877196,0.011951046846942481,0.04978195227091508,0.0604332108372291,0.0016541524700866006,-0.09737690228738455,0.20357541242711072,-0.30095231471449524,0.09692149308158916,-0.39129341537976964,0.10932084360698398,0.14145785876993,0.2578600564794449,0.22040456484564608,0.6026475451150486,,101.84,79.44,101.84,79.44,100.22,-0.015907305577376296,0.26158106747230625,100.74,79.44,-0.00516180266031363,intraday High/Low over the trailing 365 calendar days (data/raw),100.22,trend,False
IPWR,1261,2021-09-16,2026-09-16,0.09682490071486746,-0.23581942730695382,0.8730931089110112,0.06794796581187319,0.11092341734863323,0.5348275606079536,1.4773383581351924,8.216070424099668,-0.84461378287564,2021-11-17,2026-03-30,0.07384592109059959,0.10357770005798363,0.12605307561211002,0.15703032878248135,0.26932295343159723,0.30912309784474057,0.32662007821219763,0.33569384780716227,1.0803400839778303,-0.025661204806904984,0.025972684331346474,0.6903003049945562,0.03393458931928388,0.009870843567450382,0.6767512973196849,1.4086737478071036,-0.7319224504874188,1.6924498092050535,3.0085012988155357,0.16116043041437397,0.258314868728891,-0.25140020845395794,-0.6454219996679804,-0.7334178368427813,,9.300000190734863,2.615000009536743,6.902460239481064,1.9408530346109283,3.890000104904175,-0.5817204274060561,0.4875717364120784,8.989999771118164,2.680000066757202,-0.5672969739775264,intraday High/Low over the trailing 365 calendar days (data/raw),2.8871581188168305,unicorn,False
VYGR,1261,2021-09-16,2026-09-16,0.31402770878267783,0.006836564627880071,0.8046429493130941,0.34366511136242905,0.5685946968472345,0.48633536386459314,2.1549490264099287,21.313190890202176,-0.8182370215422822,2023-05-22,2025-05-28,0.06636552351151265,0.09735223753536107,0.10507535694678342,0.15972080201797392,0.2217092451556115,0.2670569525048488,0.2790994671877196,0.30403064931834667,0.5186389174389033,0.23608371265777933,0.007047592129828306,0.5481981096831151,0.24397563883011122,0.00713254525327367,0.7103243971496771,0.6376942677756378,0.07263012937403934,2.1787546645727707,1.746226139428635,0.08394993823600161,-0.2242791627077192,-0.300486202591135,-0.6823177323396608,-0.04476749251908174,,5.550000190734863,2.940000057220459,4.119210199998141,2.182068073423636,3.049999952316284,-0.45045047792828263,0.037414929576505385,5.329999923706055,3.0,-0.427767355351938,intraday High/Low over the trailing 365 calendar days (data/raw),2.263709996721922,unicorn,False
AL3.AX,1261,2021-09-16,2026-09-16,0.4059170365613323,-0.039781144834948545,0.9699157983263196,0.3798443506096822,0.6367508426020265,0.5785890051685341,1.6403037409812118,9.786851005156688,-0.7553750893265401,2021-11-04,2023-06-29,0.08316297970985587,0.11285617843959782,0.13402521402129078,0.1638596700149429,0.2366131979064251,0.29766135929733745,0.3205335405868063,0.33724568899075014,0.4029285068721857,0.33714871261382595,0.0029275539035699127,0.09743834361679268,0.3175068166444521,0.00016109757200188923,0.15676524067299086,0.5769789377215584,-0.42021369704856754,1.81863772756269,1.2645284430949457,0.0541068748272327,-0.17949591076897242,-0.3787309333648501,0.8834866304683422,-0.23339854039124797,,0.2949999868869781,0.0900000035762786,0.15603923946926812,0.04760519571024372,0.135000005364418,-0.5423728428295155,0.5000000000000011,0.2899999916553497,0.0930000022053718,-0.534482726727597,intraday High/Low over the trailing 365 calendar days (data/raw),0.07140779356536564,unicorn,False
ONWD.BR,1236,2021-10-21,2026-09-16,-0.1090792984554713,-0.263481896194512,0.6464100568187445,-0.2267590005898881,-0.3886101855156327,0.3771885141429851,2.8523117781270497,24.61686310791089,-0.8370302029376961,2021-10-29,2024-01-19,0.04848803772318255,0.07742830718965832,0.09309178790840929,0.12534864231112144,0.22155523278166014,0.2706423716777118,0.29340762915331886,0.2935085518938584,0.7408606001399382,-0.2053602073343229,0.0223050973389336,0.6667017225603208,-0.15902891457643792,0.016700932288318593,0.44325581806512604,0.8581511489573438,-0.41489533089221775,-0.2706651763087779,1.4279672685684413,0.149348911408599,-0.3871335838520399,-0.45944056244478393,-0.3378623295186072,,,5.769999980926514,2.2699999809265137,4.941676452565294,1.9441257348612606,2.799999952316284,-0.5147313758107368,0.23348016556962614,5.519999980926514,2.2899999618530273,-0.4927536300740506,intraday High/Low over the trailing 365 calendar days (data/raw),2.398040533324839,unicorn,False
LTBR,1261,2021-09-16,2026-09-16,0.6121905408238018,0.05577072986588694,1.088741566809435,0.5278484429578055,0.9071740708437469,0.6334953337999311,1.7024656906983433,9.350074534923266,-0.8324281721728642,2021-11-09,2024-09-06,0.09120673776226429,0.12456019745952703,0.1433052168130673,0.18265813749661305,0.3140972425154943,0.3552494766085365,0.3622204369294335,0.39771817973024803,1.4410200271780316,0.4611030250783809,0.02971716688332915,1.1562837655952591,0.5885238866148168,0.017428032953330175,1.5165405934900165,1.545668122292297,-0.029127528802280533,5.698308778391166,4.022005518625211,0.17238667838127555,-0.48837075197212554,-0.5380651236965772,0.3478060572092916,0.14003666331754117,,31.34000015258789,6.329999923706055,23.26054844322267,4.698126010021805,6.46999979019165,-0.7935545705586925,0.022116882807737825,27.719999313354492,6.46999979019165,-0.7665945183817289,intraday High/Low over the trailing 365 calendar days (data/raw),4.802033912401442,unicorn,False
ARA.TO,1200,2021-12-10,2026-09-16,0.5460081224327415,0.16243324946561466,0.8916129862924583,0.570323817901353,0.8941402998955222,0.5687117810170946,0.4954342916657229,6.870422643045913,-0.8432246668475565,2021-12-10,2022-12-14,0.07436110798378054,0.11022039127705575,0.11840560000922815,0.19001518003167273,0.28343502887927013,0.29785742371392177,0.30124066430476837,0.30491704179855095,0.3533227088170268,0.48341657388211534,0.0026604625037784935,0.19342085411532928,0.4146772884940286,0.0007559937536750772,0.6264299311559792,0.2411582887989185,0.3852716423570607,2.596030139069081,0.9007503057605167,0.05157967141983882,0.6658686164455667,1.2596205974391812,7.626222424596101,,,5.400000095367432,1.7799999713897705,2.8791554499787524,0.9490549126073984,3.660000085830689,-0.32222221829763653,1.0561798565497003,5.21999979019165,1.8700000047683716,-0.2988505300885629,intraday High/Low over the trailing 365 calendar days (data/raw),1.9514275940628687,unicorn,False
SLX.AX,1261,2021-09-16,2026-09-16,0.4553552554582516,0.20841761629292432,0.7271102639441971,0.5746793521956395,0.8497362315766064,0.4917470150507295,-0.052519925172992775,4.205482566187151,-0.6654305195021792,2024-05-16,2025-04-22,0.06740331557444433,0.09687787723498453,0.10561351077297729,0.15282447520748235,0.24421536770618893,0.2954086351783422,0.30523935058035295,0.344537622528842,1.0928486462014986,0.33187723861395635,0.03832096745306102,0.7417204682350209,0.40152687795701153,0.016529405250466978,1.7005246427425889,0.9208197718836445,0.7797048708589444,4.09817465625359,3.0155385060664415,0.195757419918278,-0.4589483685345096,0.20193563669960812,0.36929493636434096,1.2487266232525371,,10.850000381469728,4.070000171661377,5.739070789906327,2.152812744595636,4.389999866485596,-0.5953917316000195,0.07862400032617067,10.489999771118164,4.179999828338623,-0.5815061999741444,intraday High/Low over the trailing 365 calendar days (data/raw),2.3220754945289075,unicorn,False
NYXH,1261,2021-09-16,2026-09-16,-0.29487151123060146,-0.4439546442346448,0.7489209953631216,-0.44380049870206656,-0.6316483093267455,0.526197104184235,-0.22908571121176144,17.505869896446285,-0.9573228684031104,2021-09-27,2026-08-06,0.06422011646733447,0.1015870176472363,0.09718842548548465,0.19063463251896337,0.2591784457676736,0.3382511576340584,0.3647215560691657,0.4247351976734821,0.5806184455407375,-0.3777303964202482,0.010195924802183787,0.5482458161467204,-0.3503254422740254,0.008435857987204587,-0.03263124888760423,0.5511685083224908,-0.583799757210095,1.0491715988590964,4.578588416191624,0.10097487213254538,-0.6632000294294015,-0.7194506536917473,-0.8249864576239061,-0.9450470090014318,,6.875,1.2599999904632568,5.102625072385357,0.9351720061880908,1.5499999523162842,-0.7745454614812678,0.23015870162539032,6.519999980926514,1.309999942779541,-0.762269945268309,intraday High/Low over the trailing 365 calendar days (data/raw),1.1504099809287534,unicorn,False
ALMU,896,2023-02-28,2026-09-16,1.0577489017284991,0.4159279797465776,1.2168899219560236,0.8384068955789816,1.415136518300486,0.7209544015963711,1.472996856731551,13.174552953283008,-0.604702370761055,2026-05-13,2026-09-01,0.09379858321961305,0.14692797705788427,0.162755074059747,0.24290941127345317,0.2766623723233423,0.28875519316029896,0.2950885633001714,0.299015955986373,0.7261285862216812,0.9329024536044045,0.004904515412962329,0.34642623826039026,1.1043462628354126,0.0010167656754187515,-0.42191331999137316,0.873307643864634,-1.295220963856007,1.6117376046990748,-3.1365726739189443,0.07003224552277591,-0.21818516275628264,-0.09212136189998177,2.705270240157182,,,31.790000915527344,10.239999771118164,23.594539014214295,7.6001279379385975,13.43000030517578,-0.5775401095186474,0.3115234966171567,31.489999771118164,10.729999542236328,-0.5735153889237739,intraday High/Low over the trailing 365 calendar days (data/raw),9.96774636790297,unicorn,False
WBT.AX,1261,2021-09-16,2026-09-16,0.3040283626569,0.0002229743913437776,0.784312388527226,0.3398242416613925,0.5200118342857183,0.5125428789962059,0.48457474724902494,2.358501373760582,-0.8675510082459774,2023-03-09,2025-04-09,0.07328578700222886,0.1008602917286736,0.11358646534824195,0.1460288206984675,0.36368593247811737,0.4058731958868451,0.4148035456212284,0.4812488391147236,0.9445334161818519,0.19231153413532792,0.024602173821559492,0.6426918983126425,0.3537466070109742,0.010449189782487989,1.0350363938034437,1.0142465186105496,0.020789875192894103,2.9338803371534823,1.720474381163982,0.15685080115051872,-0.3588873797801071,0.31939134140787306,-0.23009526654436196,-0.08120964653500684,,8.890000343322754,2.7300000190734863,4.702335437679467,1.4440242225858833,3.049999952316284,-0.656917903877571,0.11721609194398463,8.609999656677246,2.880000114440918,-0.6457607347346476,intraday High/Low over the trailing 365 calendar days (data/raw),1.613287098629851,unicorn,False
VUL.AX,1261,2021-09-16,2026-09-16,-0.1330673893399532,-0.3131838906094636,0.6993060680784426,-0.24390949417704796,-0.36185440996126034,0.4713702103512126,0.5068548368895662,2.7453668873093386,-0.8743954626290362,2021-10-28,2024-01-22,0.06585497033813868,0.09075583546992146,0.11006206357494291,0.13021932108634177,0.27327764606295996,0.34019904196371864,0.36162641949679836,0.39221767516038175,1.1677368281566975,-0.2624839332728339,0.047301219637681746,1.0826082711679461,-0.1760011883138242,0.037125038991488224,1.7009626460912453,1.5490586544693945,0.15190399162185075,2.1024480052783674,4.6492469406475685,0.21748843564125897,-0.45975040359697605,-0.35053912705381307,-0.24175654719060924,-0.8600010418835137,,7.519999980926514,2.174999952316284,3.977678406752773,1.1504588253936243,2.240000009536743,-0.7021276575507703,0.029885084434708498,7.519999980926514,2.240000009536743,-0.7021276575507703,intraday High/Low over the trailing 365 calendar days (data/raw),1.1848403845291684,unicorn,False
IDN,1261,2021-09-16,2026-09-16,0.06774215635810123,-0.22852386131790237,0.8283704883706579,0.036508007929622485,0.057856248405226865,0.5227120180051129,2.633786518786413,44.02967105155031,-0.8333987227501977,2021-11-01,2022-05-12,0.06547360911084331,0.10337333766244405,0.10969422134975539,0.18504533796695893,0.2565689023641146,0.36987337577213625,0.42025541798076,0.4449930351382604,0.7105326527008744,-0.025418742023348154,0.012480610308979623,0.7042094559663463,0.09068659461304573,0.01131517366286372,0.8762754540932288,0.6015105472010682,0.2747649068921606,0.8161499899712075,1.216817984489139,0.11171665188761984,-0.6438780773756394,-0.5637183044459535,-0.11394484058778986,-0.7130405966346536,,9.079999923706056,2.3499999046325684,6.739176038975949,1.7441699539609223,2.380000114440918,-0.7378854477490451,0.012766047245027501,8.989999771118164,2.380000114440918,-0.7352613820873438,intraday High/Low over the trailing 365 calendar days (data/raw),1.7664361099965449,unicorn,False
GELN.L,1208,2021-11-30,2026-09-16,-0.2585091505875231,-0.38829819947848154,0.7191910006357273,-0.4115862828175915,-0.7317570293688634,0.4045183561035682,4.981112753153405,67.38540340392176,-0.9635185171056677,2021-12-06,2025-03-19,0.05882352941176461,0.08852460667556504,0.0978431372549019,0.14389589239644288,0.2461914343202072,0.2683277050215525,0.27544444444444455,0.2777777777777781,0.1187454531056926,-0.30450607333346713,0.0004642937556822435,0.12960154439921223,-0.24881039825241216,0.0005047539038320892,-0.4500026796503875,0.4429273167405487,-0.8929299963909362,-0.17307118651987055,2.6782139789173574,0.02154747678225745,-0.20547945205479545,-0.2892156729832016,-0.40816326530612324,,,0.28,0.12,0.28,0.12,0.145,-0.4821428571428572,0.20833333333333326,0.27,0.1225,-0.462962962962963,intraday High/Low over the trailing 365 calendar days (data/raw),0.145,unicorn,False
EDIT,1261,2021-09-16,2026-09-16,-0.20263747922432315,-0.4606405143787009,0.9368076360493117,-0.25633595413144433,-0.40699068567598573,0.5900318795391349,2.5458363763558913,34.573401567299896,-0.9832005045169747,2021-09-17,2025-04-08,0.08092706827210547,0.11104910186959935,0.11977119388513968,0.17287102931343995,0.3050213598671951,0.3880062228124541,0.4177005990553886,0.4263626185093745,1.230580665835407,-0.3370374507510123,0.029270915682763077,0.8824880332806582,-0.3107850378011693,0.013923013028950937,1.1970299026817945,0.9703213511619763,0.22670855151981828,0.6809154780580159,3.563403164732721,0.1710874503952968,0.32133709898078333,0.004547724788328988,-0.7260425675605594,-0.9557831617567755,,4.5370001792907715,1.659999966621399,3.3673615808386836,1.2320519927041753,2.7100000381469727,-0.40268901673911717,0.6325301762882809,4.150000095367432,1.6649999618530271,-0.34698795762147194,intraday High/Low over the trailing 365 calendar days (data/raw),2.011362056845675,unicorn,False
SEYE.ST,1261,2021-09-16,2026-09-16,-0.039268580737088506,-0.21618798238075287,0.6303378670313589,-0.12178957469053549,-0.17239842398338381,0.44529746249007274,-0.31544037154942967,18.33972732813366,-0.8462735814048338,2021-11-15,2022-12-07,0.05105319823058196,0.0837191371467933,0.0912160970938629,0.16544848534568304,0.2623545300548637,0.2931847780916808,0.30270586638920194,0.32234896381622535,1.2223813832304105,-0.17301836073040772,0.06379455853601568,0.9894506841232539,-0.05015305248458446,0.04027338627986721,0.9285651217133728,1.3064382285858007,-0.3778731068724279,1.2700936758292236,2.6401767891756314,0.2525758470955125,-0.3658060677653766,-0.37577904232718196,0.13847211745674626,-0.7027603027331257,,101.6999969482422,48.880001068115234,7.719985078388053,3.710451231080041,53.04999923706055,-0.4783677401282609,0.08531092630571635,99.1999969482422,51.5,-0.46522176543271976,intraday High/Low over the trailing 365 calendar days (data/raw),4.026993262615664,unicorn,False
QSI,1261,2021-09-16,2026-09-16,0.26706368556623555,-0.38606413009666396,1.4131826576972673,0.16244445423658235,0.34851730771292816,0.6586866146553787,8.671047220424459,150.87706550408197,-0.9261456232912676,2021-09-27,2024-11-19,0.08834743896772439,0.123637302464008,0.13321813512560438,0.2005181426264147,0.3501905866077751,0.4032369987985847,0.4078038633244241,0.43093476729566904,1.7738312548479414,0.08958470938870668,0.026726678243968238,1.380738072272682,0.1745087048993051,0.01464662985996934,2.40137457893826,1.2250159646238208,1.1763586143144393,3.4917540311213426,5.805802741418947,0.16348296010278401,-0.336671954511111,-0.3889001424031694,-0.7057759467555175,-0.9160241325678102,,3.0999999046325684,0.6899999976158142,2.3008199618575067,0.5121180054953149,0.7300000190734863,-0.7645161156351679,0.057971045791138875,2.630000114440918,0.7020000219345093,-0.7224334649017045,intraday High/Low over the trailing 365 calendar days (data/raw),0.5418060218423505,unicorn,False
CRBU,1261,2021-09-16,2026-09-16,-0.25806728023549763,-0.4588336327335728,0.8453078338455856,-0.34965638362874746,-0.5109776180704617,0.5784348859576469,0.5621228103499666,7.06917602731972,-0.9722721357880633,2021-09-16,2025-04-16,0.077774351245099,0.11116525266309368,0.12168854274281331,0.18158758060655986,0.32101188676912645,0.3687089577597836,0.38016838286485644,0.4267424374222598,1.0118524778682267,-0.3751224152957684,0.024306453105268244,0.6772773248179403,-0.30594694015938023,0.009936613199417965,0.5169208821416793,0.780570308289822,-0.2636494261481427,2.1221747558065833,5.742373665340207,0.15590526965201684,-0.21420174089937272,-0.34257346705267533,-0.8186605502790028,-0.9535089423352232,,3.5350000858306885,1.25,2.623677100922772,0.9277500131609739,1.25,-0.6463932193353079,0.0,2.8399999141693115,1.25,-0.5598591416276082,intraday High/Low over the trailing 365 calendar days (data/raw),0.9277500131609739,unicorn,False
ALCLS.PA,1261,2021-09-16,2026-09-16,-0.0019285732202114485,-0.36876142886680097,1.139751396562495,-0.03459401176355523,-0.07552950270001621,0.5220287677096408,14.985588004157862,400.32551962546313,-0.9230609663714258,2021-09-17,2023-10-31,0.06565542712251024,0.10076193476620457,0.10686712199353464,0.17662590014172125,0.268661202714379,0.439816290229367,0.47936017474506315,0.6220258450234692,1.841381805294543,-0.18476421266826795,0.0442776341039951,1.6137241968747926,0.007181346797633469,0.031828863449511635,2.0890037418535865,1.3437699633918512,0.7452337784617353,2.513047114357326,4.268280769091883,0.21042251330120337,-0.730652090475506,-0.5914229769019046,-0.32274504451240416,-0.904950249553798,,4.840000152587891,1.1510000228881836,4.145184551736417,0.9857659841959523,1.1510000228881836,-0.7621900854129606,0.0,4.570000171661377,1.1510000228881836,-0.7481400482158518,intraday High/Low over the trailing 365 calendar days (data/raw),0.9857659841959523,unicorn,False
GUTS,662,2024-02-02,2026-09-16,-0.5040079575924958,-0.7032641655001917,1.1094550567412398,-0.4880846270447823,-0.6652287157818748,0.8140177126238994,-0.9732410300152007,20.121829915142,-0.9713921456535748,2024-02-02,2026-02-17,0.088442255626932,0.15488562748814388,0.1551466841663245,0.31550487363048774,0.42220446463025313,0.6391145160446,0.7018873655412542,0.7960466397862356,1.1815906779024217,-0.688683290948126,0.01662788548699834,1.1938355002794203,-0.5626040899534105,0.014072512024525974,1.0627586923179049,1.5863099576203465,-0.5235512653024417,-0.2577941067232456,3.457567455317962,0.12894915853544092,-0.7442097977045921,-0.4455290165658795,,,,2.444999933242798,0.3770000040531158,1.814678976195669,0.27980940697757234,0.5630000233650208,-0.76973413548592,0.49336874618627147,2.369999885559082,0.3930000066757202,-0.7624472360545245,intraday High/Low over the trailing 365 calendar days (data/raw),0.4178586232692213,unicorn,True
PRME,986,2022-10-20,2026-09-16,-0.062083498076042534,-0.372012086956541,0.9064970389613641,-0.1098552932838503,-0.16848631209716772,0.591048001683435,0.7365925744371552,2.471644222051564,-0.9527837728881321,2022-11-01,2025-05-21,0.08753323634883299,0.10769549547897504,0.1181849070883596,0.14298094177979967,0.2901086016359196,0.3112859441043882,0.32014337875274446,0.3223756155237044,1.2907164902293085,-0.25068794852555104,0.02818631559502971,1.2551967057947147,-0.20789937126940014,0.023776182073833696,0.13792997758436354,2.1787908894938623,-2.040860911909499,2.491099984222229,7.091420824554833,0.1678878065704288,-0.13584835880298163,-0.2613619532552439,-0.7811941987044054,,,6.940000057220459,2.6700000762939453,5.150868115538753,1.9816740847372074,3.0,-0.5677233465036122,0.1235954735117859,6.670000076293945,2.700000047683716,-0.5502248927009172,intraday High/Low over the trailing 365 calendar days (data/raw),2.2266000315863375,unicorn,False
PRQR,1261,2021-09-16,2026-09-16,0.22549480648321374,-0.25340185148167593,1.019046304436798,0.1844811228544849,0.30629356693870047,0.6137732775851533,4.948694471573519,126.66022221987828,-0.9272775693672546,2021-11-08,2022-05-11,0.06654666303486667,0.11066601750565641,0.12411347714421393,0.21861628480773157,0.30242361624100494,0.5207213322025327,0.5913762900937753,0.8032276187942912,0.9614608604640303,0.11243565553124305,0.015100535903907919,0.8933420967619777,0.11979849961177104,0.011843035731267215,0.5764066466117291,0.8808647601583004,-0.30445811354657126,1.681482140896592,0.7351881353510319,0.12288423781717432,-0.07963569898370904,-0.1468224960469139,0.07764591757025618,-0.7719909821529877,,3.0999999046325684,1.3300000429153442,2.3008199618575067,0.9871260458550453,1.8600000143051147,-0.39999997692723355,0.3984962062317057,3.049999952316284,1.3700000047683716,-0.39016392020184754,intraday High/Low over the trailing 365 calendar days (data/raw),1.3804920302007855,unicorn,False
ALMDT.PA,1261,2021-09-16,2026-09-16,0.07245813252022519,-0.24344386982944344,0.8695059390222982,0.04020459315037376,0.0696861110114769,0.5016513622702778,2.8161593770660334,27.405499750881287,-0.9315012597888129,2021-10-22,2025-06-18,0.06460940955190084,0.09860351088103883,0.12066186718113327,0.1666272969589218,0.2850403002265544,0.3592863714990014,0.3775896920613526,0.45145838768036106,1.180160349870413,-0.05794357914281444,0.0312502798917893,1.129251756909218,0.017176328569740978,0.025896761033739613,0.8912786154916665,1.4611041756796377,-0.5698255601879711,-0.23053460397190112,-0.040018917162068464,0.17677748694839326,-0.2152774044565129,0.11898407000982258,-0.16984883672919782,-0.7739479006583442,,7.269999980926514,2.625,6.226341045867022,2.2481630382780247,3.785000085830689,-0.4793672495514484,0.44190479460216725,6.590000152587891,2.680000066757202,-0.4256449168147104,intraday High/Low over the trailing 365 calendar days (data/raw),3.2416370639404595,unicorn,False
CU6.AX,1261,2021-09-16,2026-09-16,0.34126170227461955,0.08925417187796958,0.7207155874253067,0.421472363820771,0.6525964983325001,0.4654663380063862,0.5677108720814414,1.9621192798069167,-0.8500004168078356,2024-10-03,2025-04-09,0.0663167486166006,0.08961842287487963,0.10445126860378744,0.1225875360646578,0.27303239263823853,0.3703903370494339,0.39034435489556757,0.41817463248881415,0.7953672992159506,0.2413735362091751,0.020659728545334155,0.7750886718385123,0.3084780361252962,0.01829551129748863,0.804587816602631,1.3507108891711135,-0.5461230725684825,3.2904196784842603,2.673440045291077,0.14373492458457782,-0.3423201158983262,-0.27786944624023735,0.8521699699418777,0.5384606390622795,,5.869999885559082,1.7999999523162842,3.104916469634467,0.9521038511495272,2.0899999141693115,-0.643952307510096,0.16111109418633496,5.699999809265137,1.815000057220459,-0.6333333361218548,intraday High/Low over the trailing 365 calendar days (data/raw),1.105498344387251,unicorn,False
LAES,840,2023-05-23,2026-09-16,0.7488298177859769,-0.3975152901600282,1.725736105205627,0.41218921922087254,0.8306363080736205,0.8563673546075362,3.619971021712315,26.771888193175652,-0.9850356268388274,2023-05-24,2024-11-11,0.11337086431768092,0.17026310047505366,0.21411138340337096,0.2755956379590404,0.47780136617428437,0.5570300091504738,0.5741048058419528,0.6346427213844694,1.0146953939514398,0.5848379396976077,0.004721718084824356,0.2620924569604681,0.7234655829028354,0.00027671706497189863,0.6460172770546061,0.5971136402780892,0.04890363677651688,1.369753329462169,-29.663400899666243,0.06871475885735441,-0.42090407033695376,-0.2334635322333598,-0.5770529490360231,,,8.710000038146973,1.9900000095367432,6.46456212001835,1.4769780280304414,2.190000057220459,-0.7485648624995442,0.10050253604283865,7.650000095367432,2.0899999141693115,-0.7137254862850727,intraday High/Low over the trailing 365 calendar days (data/raw),1.6254180655270516,unicorn,False
IMSR,219,2025-11-03,2026-09-16,-0.9317758410043636,-0.7805169632082058,1.0918908696633602,-0.8877039527798232,-1.3258055183418647,0.7310844822976756,0.8439935501493896,1.9736808563894535,-0.7355119486858696,2025-11-05,2026-09-16,0.1068558784564732,0.1254905042474105,0.13536714318304507,0.1478578735340785,,,,,3.586742183802967,-1.3126568997128105,0.1409929643787995,2.508094500902458,-1.216008338770159,0.07124789780528618,2.8789880559165444,2.723280286250818,0.1557077696657263,,,0.375490298648047,-0.3047421628397483,,,,,16.3799991607666,4.139999866485596,12.157235549582365,3.0727079444947534,4.25,-0.7405372272436004,0.026570081415916214,15.529999732971191,4.25,-0.7263361189261983,intraday High/Low over the trailing 365 calendar days (data/raw),3.1543500447473116,unicorn,True
EMV.AX,1261,2021-09-16,2026-09-16,0.043875899598601664,-0.09991652095353187,0.5497071791710485,0.011598719900686838,0.017601531356239226,0.3622355049432444,0.7142429721235726,4.228097060351834,-0.6672677620587804,2021-10-04,2023-07-10,0.05184622381738666,0.07115475316645065,0.09615173012660214,0.10794747866199285,0.15432347493411303,0.21114744740429311,0.22281596082859562,0.23861025261393332,0.29739968050575233,-0.01652413742242266,0.004965181807654484,0.2946153398936587,-0.009021990631195574,0.004483922353025749,0.12492390759136661,0.663911741331754,-0.5389878337403874,0.7776076576673153,1.8131251207393044,0.07046404620552467,0.036727199372075026,-0.18063423647436705,0.1519392742357275,-0.386425829393344,,2.359999895095825,1.4700000286102295,1.2483139157541452,0.7775515141701445,1.7350000143051147,-0.26483046973412383,0.1802720956035777,2.319999933242798,1.4800000190734863,-0.25215514472881684,intraday High/Low over the trailing 365 calendar days (data/raw),0.9177223550693314,unicorn,False
SLDP,1261,2021-09-16,2026-09-16,0.09375509320236361,-0.24466964445694783,0.8833459237775328,0.06368410346175009,0.10198779641420849,0.5515865150560935,1.539067705029387,11.185790009250693,-0.9320144604788235,2021-11-15,2025-04-07,0.0755043760850943,0.10340242310501885,0.12292908251694136,0.15751063231888185,0.31569845051908935,0.3627897024267974,0.3707168382304115,0.37890567926157437,1.2826831474591553,-0.04477653154953345,0.03576795718048187,1.0122819322660945,0.0031719931138628997,0.020306368579015244,1.0801442060230901,1.3680030663257903,-0.28785886030270014,1.9987694141848376,3.318983745164749,0.1891241845467734,-0.4379082996396174,-0.3475899119368788,0.04506959368897556,-0.7539912810357542,,8.859999656677246,1.9800000190734863,6.575891838470832,1.4695560350033245,2.390000104904175,-0.7302482847047318,0.20707074842481177,8.510000228881836,2.0,-0.7191539317716086,intraday High/Low over the trailing 365 calendar days (data/raw),1.7738581030236618,unicorn,False
HYT.AX,1261,2021-09-16,2026-09-16,-0.14982264856903016,-0.5356754749932737,1.002078034683313,-0.18693419283282645,-0.2535163139246875,0.7388978076759132,-1.3946652153787162,43.154259816293454,-0.9837383725234956,2022-04-06,2026-08-17,0.0822425999861267,0.137447011183558,0.13403433964469139,0.2816843514332446,0.2657411665325748,0.6612646792154119,0.7364189957326134,0.7951572524725519,0.5445708387377268,-0.22982300943762418,0.005009826156687658,0.7753095783609959,-0.16811950299867473,0.010464857358860824,-0.09862181171724202,-0.009927938497428382,-0.08869387321981363,-1.0290981195044613,1.7360762844715771,0.07078012543565979,-0.709922809109862,-0.6584836714592628,-0.7050200846494816,-0.9784921662798771,,0.0270000007003545,0.0049999998882412,0.014281558516025127,0.0026447329308068586,0.006000000052154,-0.7777777816103826,0.20000003725291293,0.0260000005364418,0.0049999998882412,-0.7692307719861639,intraday High/Low over the trailing 365 calendar days (data/raw),0.0031736796154922357,unicorn,False
MSCL.TO,1261,2021-09-16,2026-09-16,0.14903863618309116,-0.4302262940198479,0.9999025540646007,0.11154950622906896,0.15943453804831997,0.6995889193675653,-1.59790856175125,38.479195905393446,-0.9699434646231205,2021-10-08,2026-06-16,0.08141285215667213,0.12278195532948258,0.12681676427124727,0.225881033197519,0.33386291313928484,0.6128561545598191,0.6851344671017224,0.9074983170513796,0.16631042304970584,0.09903379218319001,0.00046928919943212133,0.3320918888817823,0.13505033305279454,0.0016941409444526379,0.3547766421897121,0.5026231795025607,-0.14784653731284864,1.208009262826596,1.7287085078006674,0.021663083793219705,-0.8655222791985997,-0.8710111160788497,-0.8424647277655659,-0.9417548360442318,,197.2800064086915,7.670000076293945,105.18514733188702,4.0894670612957755,13.0,-0.9341038139816926,0.6949152373778658,192.9599990844727,7.889999866485596,-0.9326285237267805,intraday High/Low over the trailing 365 calendar days (data/raw),6.931300034945092,unicorn,False
2498.HK,682,2024-01-05,2026-09-16,0.055391268198351454,-0.3219741802958349,0.857142671944026,0.02087315074137367,0.029190963424449635,0.6129043409155235,-1.7950677068945737,46.1692089014488,-0.8820109374868988,2024-06-11,2024-09-04,0.05961840587635094,0.10609698020259081,0.12038693462770181,0.22596483153550537,0.3099429989251427,0.5043331203281356,0.5681278296990018,0.6722139344619944,0.9834351933839713,-0.1134962487695316,0.019047497005503455,0.9031069333233572,0.05767223911445942,0.013367977875946568,0.5696543669227898,0.617236712442552,-0.04758234551976215,0.16366050615972083,0.2052138996508097,0.13801266972819395,-0.5641312124062579,-0.6162003224966655,,,,46.5,15.600000381469728,4.400321170088658,1.4762368157413415,16.09000015258789,-0.6539784913421959,0.03141024097026324,43.540000915527344,15.949999809265137,-0.6304547585149491,intraday High/Low over the trailing 365 calendar days (data/raw),1.5226057698529512,unicorn,True
GFUZ,243,2025-09-30,2026-09-16,-0.009175654605485502,-0.23385228626672827,0.7197621775746883,-0.06484871817349983,-0.09757473357104929,0.4783580020897367,0.6929448817548279,11.535810671455211,-0.5096085602933953,2026-07-14,2026-07-24,0.05440425048324177,0.11337416796812629,0.16573431625097454,0.19185079218858495,,,,,0.7937334422055731,-0.15303659136055475,0.015864873873837282,0.05768673206296441,-0.11578559716214752,0.0001194283368094462,-0.6100041639681533,1.0983843129786057,-1.708388476946759,-0.968670639570507,,0.12595584096752915,-0.22794502123588678,,,,,14.850000381469728,6.079999923706055,11.021670439479207,4.51257600738961,7.840000152587891,-0.4720538753405774,0.28947372548798156,13.760000228881836,6.730000019073486,-0.4302325565277273,intraday High/Low over the trailing 365 calendar days (data/raw),5.818848195796362,unicorn,True
AXE.AX,1261,2021-09-16,2026-09-16,-0.10395965075089163,-0.3497560852960402,0.8247292391992475,-0.17152253615773186,-0.28456960342439747,0.4971003545305697,1.5099194693735871,6.348091287690659,-0.9119571416535925,2021-09-22,2024-09-25,0.07037725235964497,0.08964703492883143,0.09837989944438431,0.12454838470420376,0.2860666407409161,0.32144952665506216,0.33054664611962103,0.3314481509199133,0.4432426040339509,-0.17592482568070955,0.004899786869176026,0.3751141295552916,-0.13896399150494662,0.0032090494190634145,0.6310089121486521,0.7404639744747854,-0.10945506232613333,0.5295274560815458,2.384243382847782,0.06999847762041757,-0.4212675720293164,-0.2450126251208926,-0.575556670054584,-0.8866037066904623,,0.5049999952316284,0.1749999970197677,0.2671180294598369,0.09256565307086162,0.1850000023841858,-0.633663358156406,0.05714288876981244,0.4650000035762787,0.1800000071525573,-0.6021505355669565,intraday High/Low over the trailing 365 calendar days (data/raw),0.09785512188819491,unicorn,False
MOLN.SW,1261,2021-09-16,2026-09-16,-0.09477251777716951,-0.2752033991772327,0.6669480870990497,-0.19832505758056918,-0.2874549731674946,0.46015038918842016,-0.13691590219805722,12.366977145457968,-0.8854607164223183,2022-01-14,2025-07-14,0.05585609488462782,0.08791227715917721,0.08993369875010788,0.17011391383904712,0.23038077063323745,0.3635719314657853,0.3887576525986186,0.575817793851032,0.5201169529925046,-0.17283372003451491,0.010316560627494309,0.4689242035760126,-0.145064154743764,0.007628507136602902,0.6695035060861984,0.8002097355761524,-0.13070622948995403,0.9570176783691436,2.7305589467118874,0.10157047123792591,-0.08415213982769665,0.11705562714113937,-0.29549521327155714,-0.7984432799063372,,3.9600000381469727,2.6600000858306885,3.5890369725319275,2.410817818944202,3.2100000381469727,-0.18939393756949363,0.2067668926952404,3.950000047683716,2.75,-0.18734177230470672,intraday High/Low over the trailing 365 calendar days (data/raw),2.9092951282216117,unicorn,False
LIS.AX,1253,2021-09-28,2026-09-16,-0.18767116338431838,-0.42492056622069174,0.8693456393892468,-0.25901224229123754,-0.4026743848400161,0.5591891907248574,1.4032834488281036,10.564026957731587,-0.968673746829642,2021-10-19,2025-06-23,0.07633184969952708,0.10724534883327076,0.12199202717598265,0.1558877268888295,0.3001956368961513,0.31610086388627534,0.3165845062951449,0.31789304483997727,0.6663373184412993,-0.2788475595309521,0.009986181521636994,0.6491920126610066,-0.2876288544818715,0.00871406299682409,0.8110583406319611,0.790887973990516,0.020170366641445114,0.3719935307815506,3.244839299919797,0.09993088372288533,0.029306179683234124,0.04658228792898744,-0.2960706403731106,,,0.1949999928474426,0.1150000020861625,0.10314458282360962,0.060828859871658356,0.1500000059604644,-0.230769171987528,0.3043478542555027,0.1899999976158142,0.1150000020861625,-0.21052627451201877,intraday High/Low over the trailing 365 calendar days (data/raw),0.07934199285040623,unicorn,False
GSIT,1261,2021-09-16,2026-09-16,0.7415642702576785,-0.026345515724017443,1.5213287822318273,0.4627956024238223,1.1455719833326798,0.6145962719945594,12.379988681063406,248.52734886859398,-0.8101800151321592,2023-06-15,2025-04-04,0.08123990413852876,0.1239322211019092,0.16130466487031989,0.19243514462936137,0.337340408076368,0.35671404502139675,0.36024490776406826,0.3679930532414305,1.7534660638237667,0.5657002249731659,0.0225354141831533,1.3186303333600031,0.6805888977068143,0.011665600706166068,1.78853334655707,1.059634332050777,0.728899014506293,3.395900460682218,-0.03273233916917806,0.1501180008631657,-0.22580270228309185,0.4553839144302847,0.6700017530049804,-0.06946297975971472,,18.149999618530273,3.2300000190734863,13.470929907970506,2.3973060481642983,4.809999942779541,-0.7349862234780015,0.48916406017832537,12.970000267028809,3.390000104904175,-0.6291441909213296,intraday High/Low over the trailing 365 calendar days (data/raw),3.5699820081744025,unicorn,False
BIOA,498,2024-09-26,2026-09-16,0.3981211799500473,-0.3573259265739721,1.0613062253729653,0.3397899412333302,0.4308379830319184,0.8370227188704736,-4.213417543412024,52.88165968510161,-0.8793717179640435,2024-10-21,2025-04-08,0.06276371865794232,0.138485026159407,0.10770658184746403,0.3578399152541534,0.5726963848579534,0.6626189761201333,0.6765387799106992,0.6883963905471073,0.8516237189595524,0.25100163200961123,0.010177584570806086,0.7839371561078176,0.6990508910920191,0.008990329886676918,1.8618594595030036,0.02643853806300204,1.8354209214400015,2.680102139198785,4.503779497778552,0.10088401543756095,-0.41448226236873886,0.5855896352446681,,,,25.954999923706055,4.679999828338623,19.263801216649096,3.4734959218676105,7.75,-0.701406279222466,0.6559829667239991,25.100000381469727,4.900000095367432,-0.6912350644535648,intraday High/Low over the trailing 365 calendar days (data/raw),5.752050081598038,unicorn,True
AISP,1261,2021-09-16,2026-09-16,0.30106054658558984,-0.273456135781994,1.2985927697687432,0.20295858156712626,0.42882420561180307,0.614612102433836,11.834199318171237,281.7830152122924,-0.8801043715277893,2022-09-28,2024-02-08,0.07996281190940459,0.1320745378246227,0.16518769294958638,0.24002177146861464,0.2787616949335273,0.5205491049205231,0.6052520153250808,0.8415904767618012,0.3074119201113691,0.23986655310090166,0.0009506319885287384,0.2264322405506084,0.28158511072053466,0.0004663073441574239,0.21105485629853918,0.03162877237441945,0.17942608392411974,2.2623164267540075,0.20840727344577048,0.030832320518064435,-0.3411367294876835,-0.5812552921008455,-0.8348036623494852,-0.7975227574597232,,7.199999809265137,1.684999942779541,5.3438399342437926,1.2506069752719675,1.9049999713897705,-0.7354166636312449,0.13056381963273056,6.980000019073486,1.7100000381469729,-0.7270773687415208,intraday High/Low over the trailing 365 calendar days (data/raw),1.4138909988228117,unicorn,False
FTC.L,1261,2021-09-16,2026-09-16,0.8001484992681399,0.8334822940592368,0.6380987172629013,1.195188892620706,2.130744527153583,0.3579258280611173,2.242646086176126,21.86764564684377,-0.5575692963752671,2026-05-20,2026-09-02,0.05014749262536739,0.07466146020607942,0.08838421444527189,0.11934170312685945,0.16779279279280532,0.22228162228161985,0.23012454212454175,0.2871794871794878,0.7464413354239651,0.7041400930490178,0.023213070862952878,0.7219314940457865,0.785643264490944,0.020495410356141885,0.3400092211768357,1.5953375589983356,-1.2553283378214999,2.999302794962791,-1.305821319830213,0.15235836328522637,0.3238636363636358,0.7007299270072962,13.562499999999995,19.711111111111084,,4.8,1.1400000000000001,4.8,1.1400000000000001,2.33,-0.5145833333333333,1.043859649122807,4.69,1.185,-0.5031982942430704,intraday High/Low over the trailing 365 calendar days (data/raw),2.33,unicorn,False
BTQ,245,2025-09-26,2026-09-16,0.2239339468958902,-0.5150307986726204,1.434606171196625,0.12995479222035064,0.2354796192323504,0.7917200966421375,1.6788919431590823,5.296604537491353,-0.8469756825434231,2025-10-08,2026-03-27,0.1059756978001401,0.1376766220656911,0.1607542640138702,0.18646963113935847,,,,,2.515638185218587,-0.154619944810361,0.03986985430975798,1.9168910911590642,0.29822193762034854,0.021670686836932518,2.764171946704342,2.303922993917712,0.46024895278663003,2.3558380263657486,,0.19967437068827304,-0.48656673976642695,,,,,16.0,2.0899999141693115,11.875200168460466,1.5511979583016104,2.630000114440918,-0.8356249928474426,0.2583733121760601,14.140000343322754,2.1500000953674316,-0.814002825276955,intraday High/Low over the trailing 365 calendar days (data/raw),1.9519861126287397,unicorn,True
BGO.L,1261,2021-09-16,2026-09-16,-0.12803967643039796,-0.22289573567156762,0.4896114058516948,-0.3381042076469529,-0.4898622184474873,0.33793109612543765,-0.5522523526706845,32.188511826732295,-0.7849056603773589,2023-03-07,2026-06-02,0.04000000000000026,0.0632621833712579,0.06582098959974785,0.11580489611951378,0.17439070830159953,0.29611866791744845,0.3310625,0.4926829268292684,0.545960730501408,-0.20815025375335539,0.021092921551702504,0.6048737074868707,-0.16531374519357656,0.023555816112291517,0.6008572728934459,0.9528336158185701,-0.35197634292512414,0.0693302359653261,1.4574358934419929,0.1452340233957001,-0.28571428571428537,-0.35897435897435814,-0.6268656716417913,-0.7270742358078608,,1.29,0.55,1.29,0.55,0.625,-0.5155038759689923,0.13636363636363624,1.28,0.57,-0.51171875,intraday High/Low over the trailing 365 calendar days (data/raw),0.625,unicorn,False
^FTAS,1218,2021-09-16,2026-07-22,0.08050609404699866,0.07298441295318936,0.12558437560047264,0.3424478072321347,0.4681506208304224,0.09186379796039339,-0.5865428211478989,4.6194325437062185,-0.13601708329857953,2022-02-10,2022-10-12,0.012191067365343868,0.019467783714509513,0.02538380959102884,0.032951605061502486,0.051173555803105494,0.06497378148045681,0.06613942554493267,0.07191172839470117,0.686022491127667,-0.012108584670272047,0.5109624751280658,0.9999999999999998,6.830473686658678e-18,1.0,0.735610202329828,0.7771213642777796,-0.04151116194795157,0.4964591807106823,0.5169401886684442,0.7148163925988723,0.06532063928725962,0.13389858595536963,0.39592189135846234,0.39864845516252245,,,,,,,,,,,,,,benchmark,False
^GSPC,1261,2021-09-16,2026-09-16,0.12792577315832176,0.11652783578732784,0.18868224828813082,0.4792489700474385,0.6861954980339952,0.13177844130047314,0.04672879837389157,5.382563466641743,-0.21979507481369753,2025-01-23,2025-04-04,0.018908603810173452,0.026749725220164916,0.030680747616113918,0.043619506689532406,0.04625746695902505,0.06779284360609579,0.07356336869095642,0.082266237504666,0.6171688813271332,0.04216849001922333,0.1814942761553976,0.45898170867049926,0.07063511526691098,0.0917157935263595,0.5234512758085198,0.493207763722897,0.030243512085622815,1.0903529254659492,1.112529705646197,0.4260214503465731,0.10266620950601357,0.1516034782669462,0.5600323385140897,0.7360012976244208,,,,,,,,,,,,,,benchmark,False
ACWI,1261,2021-09-16,2026-09-16,0.12288053604495677,0.11240304928306877,0.18145740534468563,0.47052660034884225,0.6799883831694369,0.1255617568744288,0.12444929094975866,4.8742562848210955,-0.1844621680388453,2025-02-13,2025-04-04,0.01793380695110912,0.025057471065265482,0.030157417954456645,0.04050895411939116,0.04244967322169061,0.057004076851510356,0.057773618036640204,0.06201297490858193,0.6019857463847185,0.03832725406854004,0.18669814433702747,0.5536048222252892,0.060862831434016336,0.1443294272547332,0.5098489574746418,0.4857451185963695,0.024103838878272277,0.999856971587549,1.008397331044367,0.4320858066831485,0.1205283336500178,0.1771826515553041,0.5967338662316577,0.6978461398537681,,,,,,,,,,,,,,benchmark,False
