ticker,rank,name,exchange,region,sector,currency,judge_mean,market_cap_usd_m,price_local,price_gbp,gbp_allocated,shares,history_start,n_obs,mean_ann_arith,cagr_5y,vol_ann,sharpe,sortino,skew,excess_kurtosis,max_drawdown,beta_vwrp,beta_up,beta_down,beta_asymmetry,var95_daily,cvar95_daily,ret_ytd,ret_1y,ret_5y,exp_ret_blend,thesis,why_10x,what_kills_it
IPWR,1,Ideal Power Inc.,NasdaqCM,US,"AI infrastructure (power, cooling, networking)",USD,,63.93,3.890000104904175,2.8871581188168305,1000.0,346,2016-09-16,1261,0.09682490071486746,-0.23581942730695382,0.8730931089110112,0.06794796581187319,0.11092341734863323,1.4773383581351924,8.216070424099668,-0.84461378287564,1.0803400839778303,0.6767512973196849,1.4086737478071036,-0.7319224504874188,0.07384592109059959,0.10357770005798363,0.258314868728891,-0.25140020845395794,-0.7334178368427813,0.08968754110837149,"Ideal Power licenses B-TRAN, the only bidirectional bipolar transistor in existence: one device that conducts and blocks in both directions, halving conduction loss versus the back-to-back MOSFET/IGBT pairs every solid-state circuit breaker uses today. Nvidia's 800VDC Rubin Ultra rack architecture creates a socket that no incumbent device fills well, and a US hyperscaler is co-developing an 800V DC prototype for exactly that architecture. Market cap $63.9m at the 2026-09-16 close with $41.3m of cash and essentially no debt, so the market values the whole platform at roughly $22m.","10x = $639m; since $41m of the $64m is cash, the operating business need only reach ~$598m. That requires one pathway - datacentre SSCB or EV contactor - to convert into a production design-in with device or royalty revenue in the tens of millions. An emerging power-semi platform with a named hyperscaler and a named auto OEM at $600m is unremarkable for the category. 100x = $6.4bn is arithmetically live (Navitas has traded near that on GaN) if B-TRAN becomes standard content in both DC datacentre protection and EV contactors; low probability, but the ~14-15 quarter runway is long enough to find out.","Pre-revenue for over a decade with a prior pivot (it was a solar inverter company) and $5,800 of quarterly revenue; hyperscaler co-development routinely ends without a purchase order and the partner is unnamed so nothing can be independently verified; Infineon/onsemi/Wolfspeed/Navitas can attack the same sockets with proven SiC and GaN at scale, and double-sided wafer processing is a real yield risk at volume."
VYGR,2,"Voyager Therapeutics, Inc.",NASDAQ,US,Gene editing & gene therapy,USD,,187.9,3.049999952316284,2.263709996721922,1000.0,441,2015-11-11,1261,0.31402770878267783,0.006836564627880071,0.8046429493130941,0.34366511136242905,0.5685946968472345,2.1549490264099287,21.313190890202176,-0.8182370215422822,0.5186389174389033,0.7103243971496771,0.6376942677756378,0.07263012937403934,0.06636552351151265,0.09735223753536107,-0.2242791627077192,-0.300486202591135,-0.04476749251908174,0.18657747581994005,"Voyager is an AAV capsid arms dealer, not a drug developer. Its TRACER platform screens capsid libraries directly in non-human primates for blood-brain-barrier crossing after ordinary IV dosing plus liver de-targeting - the actual binding constraint on CNS gene therapy, since AAV9 crosses poorly and today's therapies need neurosurgery. Fourteen partnered TRACER-enabled programmes pay milestones and royalties regardless of which disease wins. SEC-verified cash and investments of $148.8m at 30-Jun-2026 against a $187.9m market cap leaves an enterprise value near $39m.","10x = $1.88bn. Two or three of the 14 partnered programmes must reach late-stage development, converting contingent milestones into a visible royalty stream, plus two further large capsid deals. A royalty business with $150-250m of annual milestone-and-royalty income trades at 8-12x revenue. Critically this requires no Voyager-owned drug to work at all. 100x = $18.8bn implies Royalty Pharma-scale economics from a capsid estate - conceivable over 15 years, not a 5-10 year case.","Capsid obsolescence - focused-ultrasound BBB opening, engineered exosomes or rival capsids from Capsida, Dyno or Regenxbio commoditise TRACER, and there is no regulatory moat; partner attrition, since licensees can walk and Voyager gets nothing further, with a Novartis deprioritisation removing the anchor; and burn of ~$22.9m a quarter means the cash cushion that makes the EV look cheap is being spent on an owned pipeline worth possibly less than the cash. The company has already failed twice - this is its third business model."
AL3.AX,3,AML3D Limited,ASX,Other,Advanced materials,AUD,,54.6,0.135000005364418,0.07140779356536564,1000.0,14004,2020-04-20,1261,0.4059170365613323,-0.039781144834948545,0.9699157983263196,0.3798443506096822,0.6367508426020265,1.6403037409812118,9.786851005156688,-0.7553750893265401,0.4029285068721857,0.15676524067299086,0.5769789377215584,-0.42021369704856754,0.08316297970985587,0.11285617843959782,-0.17949591076897242,-0.3787309333648501,-0.23339854039124797,0.23010957764895124,"AML3D sells ARCEMY, a containerised wire-arc additive manufacturing cell that 3D-prints large metal parts from welding wire. The mechanism is a physical bottleneck in AUKUS: the US submarine industrial base cannot hit Virginia-class build rates because castings and forgings carry 18-36 month lead times and many original manufacturers no longer exist. Through BlueForge Alliance the US Navy is installing AML3D machines across its own supply chain rather than merely buying parts - six units at Newport News Shipbuilding and three at Austal USA. FY26 revenue A$12.5m (+70%) with the first EBITDA-positive half.","10x = US$545m from US$54.5m. That needs roughly A$90-120m of revenue at 5-7x sales - about 8-10x FY2026 - achieved by going from a handful of installed systems to 100-150 across US, UK and Australian naval supply chains plus the consumables and licence tail. At A$2-4m per system plus service, 100 systems is A$200-400m of cumulative hardware with recurring revenue underneath. This is the most mechanically checkable 10x in the sleeve: arithmetic on machine count, not a scientific breakthrough. 100x (US$5.5bn) would need WAAM to displace a large share of global castings and forgings with AML3D holding the standard - a 2-3% tail.","Sovereignty risk - an Australian supplier inside a US sovereign defence programme is permanently exposed to the Navy insourcing WAAM or mandating a domestic vendor, and this is unhedgeable; qualification slippage, since additive metal has repeatedly under-delivered on timelines and the jump to safety-critical parts may never come; and contract lumpiness, where one delayed system flips the half back into loss on a A$12.5m revenue base."
ONWD.BR,4,ONWARD Medical N.V.,Euronext Brussels,Europe,"Longevity, neurotech & BCI",EUR,,231.8,2.799999952316284,2.398040533324839,1000.0,417,2021-10-21,1236,-0.1090792984554713,-0.263481896194512,0.6464100568187445,-0.2267590005898881,-0.3886101855156327,2.8523117781270497,24.61686310791089,-0.8370302029376961,0.7408606001399382,0.44325581806512604,0.8581511489573438,-0.41489533089221775,0.04848803772318255,0.07742830718965832,-0.3871335838520399,-0.45944056244478393,,-0.020342705714817944,"ONWARD develops ARC Therapy - targeted spinal cord stimulation that amplifies surviving nerve signal below a spinal cord injury to restore movement, blood pressure and autonomic function. ARC-EX is FDA-cleared and selling (159 units in H1 2026, +430% year on year, 130+ US clinics, VA home-use access); ARC-IM is the implant; ARC-BCI couples the implant to a cortical BCI so the patient's own intention drives stimulation. It is the only listed BCI pure-play - Neuralink, Precision, Paradromics and Synchron are all private - and unlike them it already has revenue and reimbursement data.","10x = US$2.23bn. ARC-EX must reach roughly EUR 50-80m of annual revenue with permanent reimbursement, and ARC-IM must hit its pivotal blood-pressure endpoint to give ONWARD an approved implant. An approved neuromodulation implant with a BCI roadmap would be valued like an early Inspire Medical or Axonics - both exceeded $3bn - plus the scarcity premium of being the only listed BCI pure-play. 100x (US$22bn) is not defensible: US SCI prevalence is roughly 300,000 people, and even with Parkinson's and stroke extensions the market does not support it.","Dilution rather than death - EUR 24.7m lost in six months on EUR 4.2m of revenue, share count already +55.8% in 18 months, so holders can be right on the science and still lose; reimbursement is the real gate, and without a permanent CMS code ARC-EX stays a cash-pay and VA niche; and a missed Empower BP endpoint removes the implant leg entirely, leaving a thinly-traded external-device company on ~US$373k a day."
LTBR,5,Lightbridge Corporation,NASDAQ Capital Market,US,"Nuclear: SMR, fuel & enrichment",USD,,228.0,6.46999979019165,4.802033912401442,1000.0,208,2016-01-04,1261,0.6121905408238018,0.05577072986588694,1.088741566809435,0.5278484429578055,0.9071740708437469,1.7024656906983433,9.350074534923266,-0.8324281721728642,1.4410200271780316,1.5165405934900165,1.545668122292297,-0.029127528802280533,0.09120673776226429,0.12456019745952703,-0.48837075197212554,-0.5380651236965772,0.14003666331754117,0.35489053797856285,"Lightbridge develops an all-metallic, helically-twisted multi-lobe nuclear fuel rod designed as a drop-in replacement for uranium-oxide fuel in existing PWRs and SMRs. Fuel, not reactors, is where nuclear economics change fastest: a fuel letting each of roughly 440 operating reactors produce ~10% more electricity from the same steel needs no new build, site or grid connection, only NRC qualification. The striking fact is the balance sheet - $237.5m of cash, zero debt, against a $228.0m market cap at the 2026-09-16 close of $6.47, its 52-week low. Enterprise value is negative.","10x = $2.28bn. It requires the ATR loop campaign to produce clean irradiation data, DOE to authorise the SHED pilot facility, and at least one US utility to commit to Lead Test Assemblies in a commercial core; the market would then price Lightbridge as a fuel licensor with line of sight to single-digit share of the ~$10bn/yr global fabrication market plus uprate economics. Because enterprise value is negative the technology option is free, so on EV any successful qualification produces an unbounded multiple. On market cap, 100x ($22.8bn) would require dominating Western fleet fuel supply against Westinghouse, Framatome and GNF - implausible.","The clock rather than the balance sheet - fuel qualification is a 10-15 year regulatory marathon and the ATR loop campaign alone runs about 60 months, so the thesis can time out inside a 5-10 year hold; metallic fuel physics, since metallic fuels have historically suffered swelling and fuel-cladding chemical interaction at high burn-up and there is no fallback product; and a decade-long management record of announcing pathways rather than delivering fuel, funded throughout by dilution (+87.6% shares in 21 months), against utilities that are intensely conservative about core loading."
ARA.TO,6,Aclara Resources Inc.,Toronto Stock Exchange,Other,Critical minerals & rare earths,CAD,,670.2,3.660000085830689,1.9514275940628687,1000.0,512,2021-12-10,1200,0.5460081224327415,0.16243324946561466,0.8916129862924583,0.570323817901353,0.8941402998955222,0.4954342916657229,6.870422643045913,-0.8432246668475565,0.3533227088170268,0.6264299311559792,0.2411582887989185,0.3852716423570607,0.07436110798378054,0.11022039127705575,0.6658686164455667,1.2596205974391812,,0.29912083969520575,"Aclara is an ionic adsorption clay rare-earth developer with the Penco Module in Chile, the flagship Carina Module in Brazil, and a planned heavy rare earth separation facility in Louisiana - intended to be the first in the United States. The US has no domestic heavy rare earth separation capability at all: dysprosium and terbium, the elements that let a magnet survive motor temperatures, are almost entirely Chinese. Ionic clays are the geological prize because the heavies desorb with a mild salt solution at ambient temperature, with no crushing, roasting or thorium waste stream, and almost every such deposit sits in China or Myanmar.","10x = US$6.49bn from US$649m. That needs Carina in production, the Louisiana separation plant operating, and Aclara established as the West's primary non-Chinese dysprosium and terbium supplier with binding offtakes at strategic pricing. MP Materials reached a multi-billion valuation on light rare earths alone with a US price floor; a heavy rare earth equivalent with EXIM project financing and two producing modules supports the number. 100x = US$65bn exceeds the plausible value of the entire rare earth industry outside China - the arithmetic does not close.","Chile - Penco was previously rejected on environmental grounds and the company relinquished all water rights in December 2025 to get it through, so community opposition can return and has before; the EXIM Letter of Interest is explicitly non-binding and many never convert, and with ~$42.6m of cash against a multi-hundred-million build a failure to convert forces heavy dilution; and rare earth prices are administered by Chinese policy, so a deliberate price war can render every Western project uneconomic mid-construction, with minorities in a 74.5%-controlled, ~US$248k-a-day stock powerless to respond."
SLX.AX,7,Silex Systems Limited,ASX,Other,"Nuclear: SMR, fuel & enrichment",AUD,,871.0,4.389999866485596,2.3220754945289075,1000.0,430,2016-01-04,1261,0.4553552554582516,0.20841761629292432,0.7271102639441971,0.5746793521956395,0.8497362315766064,-0.052519925172992775,4.205482566187151,-0.6654305195021792,1.0928486462014986,1.7005246427425889,0.9208197718836445,0.7797048708589444,0.06740331557444433,0.09687787723498453,-0.4589483685345096,0.20193563669960812,1.2487266232525371,0.26921352200242704,"Silex owns the SILEX laser uranium enrichment process and holds 51% of Global Laser Enrichment, a JV with Cameco (49%), building the Paducah Laser Enrichment Facility in Kentucky. Enrichment, not reactors, is the true chokepoint - every SMR, HALEU reactor and LEU+ uprate consumes SWU, and the West lost roughly 45% of supply when Russian enriched product was sanctioned. Laser separation uniquely can economically re-enrich DOE's stockpile of over 200,000 tonnes of depleted tails under a 2016 agreement running up to 30 years, feedstock incumbents cannot touch. Near-breakeven EBITDA and US$128.5m of investments make it unusually survivable for a moonshot.","10x = US$8.69bn. It needs PLEF licensed, built and operating at planned scale with conversion and enrichment services attached; at mid-cycle pricing that is a multi-hundred-million-dollar annual EBITDA asset, and Silex's 51% share on Centrus-type multiples supports the number. The required conditions are specific and checkable: licence granted, JV funded without Silex diluting below 51%, enrichment pricing sustained above roughly US$120/SWU. 100x = US$87bn is larger than the plausible enterprise value of the entire Western enrichment industry combined.","The capital call - a GLE final investment decision forces Silex to fund 51% of a multi-billion-dollar plant, so it either issues heavy equity at a depressed price or dilutes below 51% and loses control; this is the most probable value-destroying path and it is triggered by success, not failure. Second, NRC licensing can slip or fail, and nobody outside the classified programme can independently verify that separation factors hold at full cascade scale. Third, Cameco holds half the money and the commercial channel and could walk, while a peace settlement restoring Russian enriched product would collapse SWU pricing."
NYXH,8,Nyxoah SA,"NASDAQ (also Euronext Brussels, NYXH.BR)",US,Digital health & medtech devices,USD,,157.9,1.5499999523162842,1.1504099809287534,1000.0,869,2021-04-28,1261,-0.29487151123060146,-0.4439546442346448,0.7489209953631216,-0.44380049870206656,-0.6316483093267455,-0.22908571121176144,17.505869896446285,-0.9573228684031104,0.5806184455407375,-0.03263124888760423,0.5511685083224908,-0.583799757210095,0.06422011646733447,0.1015870176472363,-0.6632000294294015,-0.7194506536917473,-0.9450470090014318,-0.11657986102577636,"Nyxoah makes Genio, a bilateral hypoglossal nerve stimulator for obstructive sleep apnoea in CPAP-intolerant patients. Unlike the incumbent implant it has no battery and no lead - a chip under the chin powered externally by a nightly disposable patch - so there is no replacement surgery every 10-11 years, and it is MRI-compatible. Bilateral stimulation lets Genio treat complete concentric collapse, a population for which the incumbent device is contraindicated. This is not a market that must be created: Inspire Medical proved physicians implant these and payers reimburse them, so Nyxoah only has to take share.","10x = $1.58bn. Nyxoah needs roughly $250-350m of revenue - about ten times current - at 60-70% gross margins valued at 5-6x sales, implying 800-1,200 active implanting centres and 10-15% share of the US HGNS market. Inspire's own trajectory shows that revenue level is attainable in this category; the question is purely whether Nyxoah funds the commercial build without destroying the equity. 100x = $15.8bn is roughly the whole OSA neurostimulation category at maturity - possible in theory, improbable given the dilution its burn makes near-certain.","The financing rather than the science - a ~$110m annual loss against ~$45m of net cash ($97.8m cash and investments less $52.6m debt) means repeated raises at a $158m market cap, and the share count is already up 172% in 18 months, so holders can be entirely right about Genio and still be diluted out of the return. Second, Inspire has a decade of physician relationships, a built salesforce and the balance sheet to compete on price while Nyxoah is capital-constrained. Third, any adverse safety finding in the BREATHE post-approval study would be fatal to a single-product company with no cash buffer."
ALMU,9,"Aeluma, Inc.",NasdaqCM,US,"Photonic, neuromorphic & novel compute",USD,,245.84,13.43000030517578,9.96774636790297,1000.0,100,2023-02-28,896,1.0577489017284991,0.4159279797465776,1.2168899219560236,0.8384068955789816,1.415136518300486,1.472996856731551,13.174552953283008,-0.604702370761055,0.7261285862216812,-0.42191331999137316,0.873307643864634,-1.295220963856007,0.09379858321961305,0.14692797705788427,-0.21818516275628264,-0.09212136189998177,,0.5627642318869717,"Aeluma grows compound-semiconductor (III-V) material directly on large-diameter silicon wafers and builds photodetectors, lasers and infrared sensors from it, targeting AI/datacentre optical interconnect, defence and aerospace sensing, mobile, automotive lidar, AR/VR and quantum. Co-packaged optics is the declared 2026-28 hyperscaler roadmap and the binding constraint is that every optical engine today imports its laser and detector as separate III-V die - Aeluma attacks exactly that bottleneck, and US industrial policy is now funding it directly. It sells development contracts and NRE today, not volume product: FY2026 revenue $4.5m, Q4 FY2026 $0.6m vs $1.3m prior year, FY2026 net loss $9.2m, gross margin 37.7%, cash $56.0m at 30 June 2026 (>3 years of runway). All seven fact-checked claims confirmed verbatim.","10x on the 16 September close is ~$2.1bn. Aeluma must convert CHIPS money and the Tower production-foundry flow into a qualified 200/300mm III-V-on-Si process with a named datacom or defence customer shipping volume, taking revenue from $4.5m to $100m+. At $2.1bn it would trade as a scarce US-domiciled photonics materials platform - below what compound-semiconductor substrate peers command, so the multiple is not the stretch; the revenue is. The $56m cash pile buys the three-plus years that most moonshots do not have. 100x is $21bn, roughly Coherent's position as default laser supplier: conceivable on a 15-year view, not underwriteable now.","Revenue is going backwards - FY2026 fell to $4.5m and Q4 halved to $0.6m; the company is being paid to do research and even that is lumpy. The physics may not scale: defect density in III-V grown on large silicon wafers is the standing objection that has defeated far better-resourced organisations. The CHIPS letter of intent is politically contingent and explicitly non-binding, and at ~$211m on $4.5m of revenue success is already embedded in the price. Falsifying fact: FY2027 passing without a commercial (non-government) design win in datacom optics."
WBT.AX,10,Weebit Nano Limited,ASX,Other,"Photonic, neuromorphic & novel compute",AUD,,523.2,3.049999952316284,1.613287098629851,1000.0,619,2016-01-04,1261,0.3040283626569,0.0002229743913437776,0.784312388527226,0.3398242416613925,0.5200118342857183,0.48457474724902494,2.358501373760582,-0.8675510082459774,0.9445334161818519,1.0350363938034437,1.0142465186105496,0.020789875192894103,0.07328578700222886,0.1008602917286736,-0.3588873797801071,0.31939134140787306,-0.08120964653500684,0.1904577030558416,"Weebit Nano licenses ReRAM, a non-volatile embedded memory intended to replace embedded flash below 28nm, where flash physically stops scaling. This is a pure semiconductor-IP model: licence fees and NRE now, production royalties later, at IP margins. FY2026 revenue A$15.3m (+158% y/y), gross margin ~100%, cash A$168.3m at 30 Jun 2026 against an A$57m annual burn - funded to the royalty inflection. The validation is unusually hard for a pre-royalty IP company: Texas Instruments licensed the technology in December 2025 and is described as Weebit's largest customer to date; onsemi 65nm BCD demo chips are performing as expected; DB HiTek has JEDEC-qualified it in a 130nm BCD process across three wafer lots.","10x = ~A$7.3bn (~US$4.9bn). ReRAM must become the default embedded NVM below 28nm across three or more major foundries, with royalties compounding toward a few hundred million dollars a year at IP margins. That is a normal valuation for a successful semiconductor IP company - and it is among the most mechanically plausible 10x paths in the sleeve because the royalty arithmetic is already known; only the adoption rate is uncertain. 100x (~US$49bn) would put a single memory-IP family near Arm's valuation - no.","Royalties keep moving right - now a 2027 story, and they have slipped before; until they arrive, revenue is NRE that stops when the work stops. The burn is A$57m a year against A$15m of revenue: the A$168m cash pile came from shareholders, not operations, and the register has been diluted heavily to build it. MRAM is the incumbent alternative (Everspin, GlobalFoundries, Samsung) with more design wins in some segments, and two tier-1 licences are already in the price. Insider ownership of 7% is the one alignment weakness."
VUL.AX,11,Vulcan Energy Resources Limited,ASX,Other,"Grid, geothermal & clean fuels",AUD,,745.7,2.240000009536743,1.1848403845291684,1000.0,843,2018-05-30,1261,-0.1330673893399532,-0.3131838906094636,0.6993060680784426,-0.24390949417704796,-0.36185440996126034,0.5068548368895662,2.7453668873093386,-0.8743954626290362,1.1677368281566975,1.7009626460912453,1.5490586544693945,0.15190399162185075,0.06585497033813868,0.09075583546992146,-0.45975040359697605,-0.35053912705381307,-0.8600010418835137,-0.023436381802909467,"Vulcan Energy is building the world's first integrated geothermal-plus-direct-lithium-extraction operation in Germany's Upper Rhine Valley Brine Field, producing lithium hydroxide and district heat from the same brine. The single most important fact is the financing: a EUR 2.2bn Lionheart Phase One package closed December 2025 with EIB committing EUR 250m inside a syndicate of a dozen-plus banks and export credit agencies - a dozen sophisticated lenders have done the diligence for you, which is rare at a ~A$1bn equity value. Product already exists (geothermal heat has been flowing to Landau since April 2025); lithium production is targeted for 2028. Correction applied: the BASF permits of Feb 2025 covered 2D survey measurements only, with 3D flagged as a possible follow-on, not as already permitted.","10x = ~US$7.5bn (~A$10.7bn). Requires Lionheart Phase One delivered on budget at 24,000 tpa, Phase Two sanctioned, and lithium hydroxide back above ~US$20,000/t with a European green premium. Own arithmetic: at 24,000 tpa and a US$8,000/t margin Phase One alone is ~US$190m EBITDA; a 48,000 tpa business plus a 30-year geothermal annuity at 15-18x supports the target. The structural case is that Europe has no domestic lithium chemical supply and Vulcan's product is net-zero by construction. 100x (US$75bn) exceeds Albemarle and SQM at their peaks combined - not possible.","First-of-a-kind commissioning risk: no integrated geothermal-DLE plant of this scale exists anywhere, and Upper Rhine geothermal carries a history of induced seismicity - Basel and Landau projects were stopped by it - so a felt earthquake is a political event, not just a technical one. Lithium prices staying depressed for years: the plant gets built and the equity still earns nothing. And the EUR 2.2bn is DEBT - at a ~A$1bn equity value the project is heavily geared, a cost overrun impairs equity first, and FCF of -A$246m shows cash already going out of the door."
IDN,12,"Intellicheck, Inc.",NASDAQ,US,Fintech infrastructure,USD,,48.2,2.380000114440918,1.7664361099965449,1000.0,566,1999-11-19,1261,0.06774215635810123,-0.22852386131790237,0.8283704883706579,0.036508007929622485,0.057856248405226865,2.633786518786413,44.02967105155031,-0.8333987227501977,0.7105326527008744,0.8762754540932288,0.6015105472010682,0.2747649068921606,0.06547360911084331,0.10337333766244405,-0.6438780773756394,-0.5637183044459535,-0.7130405966346536,0.06743568398786384,"Intellicheck does authoritative-source identity validation - it reads the encoded data on a US driver's licence and checks it against exclusive state DMV data relationships rather than inspecting an image. That contractual data access, not the software, is the moat, and it cannot be reproduced by a better-funded competitor buying GPUs. TTM revenue $24.11m (+16.7%), gross margin 91%, net income $3.14m / EPS $0.15, ~500 revenue-generating enterprise customers across banking, fintech, retail and government, no debt, positive cash flow - on a $48.0m market cap after a 57% de-rating.","10x = $483m. That needs revenue of roughly $70-90m - three to four times current - at the same 91% margin, with operating leverage taking net margin to 20-25%; on 6-8x sales or 25-30x earnings that clears $480m. This is the most arithmetically ordinary 10x in the sleeve: it requires no new scientific category, only a small company with an unreproducible data asset compounding at 15-25% for six or seven years while state age-verification and KYC statutes keep expanding the addressable transaction count. With only 20.3m shares out, a single large contract moves EPS visibly. 100x ($4.8bn) would need $600m-1bn of revenue and would be acquired long before.","Customer concentration - a handful of large financial-services accounts drive revenue; losing one shows up immediately in a quarter, which is what a 57% drawdown on a profitable company usually means the market is already pricing. It may simply be a niche vendor: 16-17% growth is respectable, not explosive, and Socure, Persona, LexisNexis and Experian are better capitalised and can bundle identity into broader contracts. Acquisition at a modest premium caps the upside - with a $48m cap, no debt and clean cash flow, a 40% premium take-out is plausible and thesis-ending."
GELN.L,13,Gelion plc,LSE (AIM),UK,Next-gen batteries & storage,GBp,,44.4,0.145,0.145,1000.0,6896,2021-11-30,1208,-0.2585091505875231,-0.38829819947848154,0.7191910006357273,-0.4115862828175915,-0.7317570293688634,4.981112753153405,67.38540340392176,-0.9635185171056677,0.1187454531056926,-0.4500026796503875,0.4429273167405487,-0.8929299963909362,0.05882352941176461,0.08852460667556504,-0.20547945205479545,-0.2892156729832016,,-0.10802873259650786,"Gelion is a ~GBP33m AIM lithium-sulphur battery company at 14.5p, licensing a sulphur cathode rather than building gigafactories, so it does not need heavy capital. Li-S offers a step-change in gravimetric energy density with no nickel and no cobalt, which is why the first real markets are drones and defence, where weight dominates cost. Revenue GBP2.84m (+32.8%), cash GBP10.52m, no debt, insiders 39.55%. The partner list is far better than a GBP33m AIM company normally assembles. All RNS dates confirmed verbatim against Investegate.","10x = ~GBP333m (US$444m). It needs one named, royalty-bearing licence with a global cell maker plus a defence or drone design win, taking licence and royalty revenue to roughly GBP15-25m annualised. On the 15-20x revenue multiple licensing models attract once the counterparty is named, GBP333m is reachable from GBP33m - the licensing model means the capital requirement to get there is modest, which is what makes the arithmetic work. 100x is US$4.4bn, requiring Li-S to displace lithium-ion in a mainstream mass market inside the holding period - not credible; cycle life is the reason.","The Oxis Energy base rate - a UK Li-S company with real IP and real partners went into administration in 2021 doing exactly this; that is the honest prior. Cycle life is unsolved physics: the polysulphide shuttle has defeated forty years of attempts, and if the cathode cannot exceed a few hundred cycles it is a niche drone product. Every major commercial relationship is unnamed - the tier-one partner, the exclusive licensee and the funded scale-up counterparty are all anonymous - and with ~GBP26k of daily turnover you can neither verify the thesis nor exit it."
EDIT,14,"Editas Medicine, Inc.",NASDAQ,US,Gene editing & gene therapy,USD,,416.2,2.7100000381469727,2.011362056845675,1000.0,497,2016-02-03,1261,-0.20263747922432315,-0.4606405143787009,0.9368076360493117,-0.25633595413144433,-0.40699068567598573,2.5458363763558913,34.573401567299896,-0.9832005045169747,1.230580665835407,1.1970299026817945,0.9703213511619763,0.22670855151981828,0.08092706827210547,0.11104910186959935,0.32133709898078333,0.004547724788328988,-0.9557831617567755,-0.056911132729493344,"Editas Medicine has pivoted to EDIT-401, an in vivo LNP-delivered gene editor that up-regulates LDL receptor expression in the liver, aiming to cut LDL-C, Lp(a) and ApoB simultaneously with a single dose. That is a different and more ambitious mechanism than the PCSK9-knockdown editors, and it is aimed at the largest chronic-disease market in medicine. The company holds exclusive Broad Institute / Harvard licences to foundational Cas9 and Cas12a patents, giving freedom to operate and leverage over other editors. Best-funded name in its batch, with runway extended into H2 2028 and 79.2% institutional ownership; a dated binary readout sits inside the holding period.","10x = $4.2bn. EDIT-401 must reproduce even half the primate lipid effect in humans with clean safety, and Editas must sign a large-pharma partner. The comparable is priced: Lilly paid roughly $1.3bn upfront plus CVRs for Verve on PCSK9 editing data alone, so a one-shot triple-lipid editor with human data should be worth several multiples of that; $4.2bn is roughly where Intellia peaked in 2021 on comparable evidence. 100x is $42bn - cardiovascular outcomes trials run to tens of thousands of patients and are far beyond this company, so the equity will almost certainly be crystallised by a takeout in the $3-8bn range.","Translation failure - primate lipid effects have translated poorly before, and LDLR up-regulation may prove less durable in humans than knockdown; a Q1 2027 update showing 30% rather than 90% reduction ends it. Safety: liver off-target editing or an LNP immune response, in a PREVENTION indication where tolerance for harm is near zero. Zero insider ownership and a record of pivots - management holds 0.18%, and Editas has pivoted from LCA10 to sickle cell to lipids with each pivot destroying value. Note the H1 2026 revenue line is a one-off from the Bristol Myers Squibb opt-in EXPIRING - a relationship ending, not deepening."
SEYE.ST,15,Smart Eye AB (publ),Nasdaq Stockholm,Europe,"Autonomy, lidar & machine vision",SEK,,212.6,53.04999923706055,4.026993262615664,1000.0,248,2016-12-07,1261,-0.039268580737088506,-0.21618798238075287,0.6303378670313589,-0.12178957469053549,-0.17239842398338381,-0.31544037154942967,18.33972732813366,-0.8462735814048338,1.2223813832304105,0.9285651217133728,1.3064382285858007,-0.3778731068724279,0.05105319823058196,0.0837191371467933,-0.3658060677653766,-0.37577904232718196,-0.7027603027331257,0.024602361471809806,"Smart Eye supplies driver monitoring systems and interior sensing to automotive OEMs, a category that stopped being optional: EU General Safety Regulation driver-drowsiness and attention-warning requirements became binding during 2026, making DMS a regulatory line item on new type approvals rather than a premium feature. The setup is unusually concrete for a moonshot: 379 cumulative design wins across 24 OEMs, >SEK 7.6bn of estimated remaining lifetime order value (roughly 3.6x the market cap), 20 customers already in production across 175 models, 128% automotive organic growth, EBITDA turned positive, and the stock at a 52-week low.","10x = ~SEK 21bn (US$2.1bn). It requires the SEK 7.6bn order book to convert plus continued win accumulation, taking revenue to roughly SEK 1.5-2bn at software gross margins with real operating profit - an ordinary valuation for a profitable automotive software supplier with that backlog. The margin kicker is Interior Sensing upsold onto existing DMS programmes: follow-on orders require no change to the software, so incremental wins drop through at near-full margin. 100x (US$21bn) is not defensible for an automotive software supplier and should not be underwritten.","Net debt of ~SEK 300m against SEK 86m of cash with negative free cash flow - the company has grown revenue for years without converting it to cash, so another dilutive raise before breakeven is the live risk, and it would be priced off a 52-week low. Competition that can bundle: Seeing Machines competes directly while Bosch, Continental and Aptiv can give DMS away inside a cockpit domain controller, and Chinese OEMs increasingly use domestic DMS. Design-win value is an estimate of future deliveries, not a contracted minimum - it can be cancelled with a model programme."
QSI,16,Quantum-Si Incorporated,NASDAQ,US,"Obesity, metabolic & diagnostics",USD,,145.2,0.7300000190734863,0.5418060218423505,1000.0,1845,2020-11-13,1261,0.26706368556623555,-0.38606413009666396,1.4131826576972673,0.16244445423658235,0.34851730771292816,8.671047220424459,150.87706550408197,-0.9261456232912676,1.7738312548479414,2.40137457893826,1.2250159646238208,1.1763586143144393,0.08834743896772439,0.123637302464008,-0.336671954511111,-0.3889001424031694,-0.9160241325678102,0.18926622444669736,Semiconductor-chip single-molecule protein sequencing from the founder of 454 Life Sciences and Ion Torrent. Platinum ships today; next-gen Proteus is the platform bet. Market cap US$145-160m at $0.73 against $169.9m of cash and marketable securities at 30-Jun-2026 - the equity trades below net cash because the Proteus launch slipped to Q2 2027.,"10x = $1.60bn. Proteus must ship on time in Q2 2027 and convert to instrument-plus-consumable revenue; at $80-120m of revenue growing 50%+, tools platforms trade at 12-20x sales. Detection on CMOS means the cost curve should follow Moore's law, as Ion Torrent's did, not a mass spectrometer's. A newly disclosed >$4bn non-human proteomics TAM (agri, pathogen typing, viral surveillance) widens the frame beyond the original clinical pitch. 100x = $16.0bn (~45% of Illumina) is arithmetically conceivable but a tail, not a plan.","Proteus read length, accuracy and throughput may not beat mass spec on real biological questions - the extra design cycle and 20% reduction in force say management is not yet confident in manufacturing readiness. A second slip at $0.73 invites Nasdaq minimum-bid trouble and a reverse split. Class B super-voting stock (19.94m shares x 20 votes = ~66.7% of votes, own calc from the 10-Q cover, 2026-08-11) leaves minorities no recourse."
CRBU,17,"Caribou Biosciences, Inc.",NASDAQ,US,"RNA, cell therapy & next-gen biologics",USD,,134.0,1.25,0.9277500131609739,1000.0,1077,2021-07-23,1261,-0.25806728023549763,-0.4588336327335728,0.8453078338455856,-0.34965638362874746,-0.5109776180704617,0.5621228103499666,7.06917602731972,-0.9722721357880633,1.0118524778682267,0.5169208821416793,0.780570308289822,-0.2636494261481427,0.077774351245099,0.11116525266309368,-0.21420174089937272,-0.34257346705267533,-0.9535089423352232,-0.08918651595419629,"Off-the-shelf allogeneic CAR-T using proprietary chRDNA (hybrid DNA-RNA guide) editing, co-founded by Jennifer Doudna. Market cap US$134m at $1.25 against $113.8m of cash and marketable securities and $26.7m of debt, i.e. an enterprise value of roughly $45m - the market ascribes almost nothing to a platform that has FDA alignment on a pivotal Phase 3 design.","10x = $1.33bn. The evidence is far better than the price: at EHA 2026, optimised vispa-cel (80m cells, donor <30, >=2 matched HLA alleles, n=27) in 2L LBCL gave 82% ORR, 67% CR and 17.1-month median PFS; CB-011 at the 450m-cell expansion dose in 12 BCMA-naive myeloma patients gave 92% ORR, 83% >=CR, 91% MRD-negativity and 50% still in >=CR at 15 months (Q2 release, 2026-08-13). FDA has agreed ANTLER-3: ~250 CD19-naive 2L LBCL patients who cannot access autologous CAR-T - a population incumbents structurally cannot serve. From a $45m EV the first 3x is just the market ceasing to price liquidation. 100x = $13.3bn improbable: $113.8m cannot fund two registrational programmes, so a partner takes half the economics.","Allogeneic durability - the classic failure is host rejection, responses looking excellent at 3-6 months and collapsing by 18; 17.1-month median PFS is Phase 1, n=27, single-arm. The funding gap: management is explicitly 'exploring multiple options to fully fund' ANTLER-3, so a 250-patient Phase 3 means handing away the asset or destroying the share count. In-vivo CAR-T (Capstan/AbbVie, Umoja) could make ex-vivo allogeneic obsolete before approval."
ALCLS.PA,18,Cellectis S.A.,Euronext Paris,Europe,"RNA, cell therapy & next-gen biologics",EUR,,142.0,1.1510000228881836,0.9857659841959523,1000.0,1014,2007-02-07,1261,-0.0019285732202114485,-0.36876142886680097,1.139751396562495,-0.03459401176355523,-0.07552950270001621,14.985588004157862,400.32551962546313,-0.9230609663714258,1.841381805294543,2.0890037418535865,1.3437699633918512,0.7452337784617353,0.06565542712251024,0.10076193476620457,-0.730652090475506,-0.5914229769019046,-0.904950249553798,0.05617852403028549,"TALEN gene-editing pioneer and allogeneic CAR-T developer, now roughly 44% owned by AstraZeneca. Market cap ~US$142m at EUR1.151 against $188m of cash and fixed-term deposits at 31-Mar-2026 with runway into Q4 2027. Own clinical programmes lasme-cel (r/r B-ALL) and eti-cel (r/r NHL) both read out in Q4 2026.","10x = $1.42bn; Cellectis traded above $1.5bn in 2021 on weaker evidence. The arithmetic that makes this defensible: AstraZeneca paid $5.00 per preferred share for its stake, while the ordinary line closed at EUR1.151 (~$1.32) on 2026-09-16 - AZ is roughly 74% underwater on equity it bought after diligence, and you are offered the same asset at about a quarter of its price. With cash above market cap at the last report, the first ~1.5x needs nothing but the market ceasing to price the equity below net cash; the remaining ~7x needs one Q4 2026 clinical success or one AZ programme entering the clinic. 100x = $14.2bn is the wrong bet - AZ's 44% means minorities capture a fraction.","The 44% stake cuts both ways - AZ can block, dictate terms or low-ball the minority, and preferred structures can rank ahead of ordinary shareholders. A decade in the clinic without a breakout dataset; persistence and host rejection remain unsolved, and Q4 2026 is where that gets tested. Thin liquidity (~EUR340k/day median, the thinnest of its group) and a weakening balance sheet - cash and equivalents down to $35.6m against $84.6m of debt at 30-Jun-2026."
GUTS,19,"Fractyl Health, Inc.",NASDAQ,US,"Obesity, metabolic & diagnostics",USD,,89.6,0.5630000233650208,0.4178586232692213,1000.0,2393,2024-02-02,662,-0.5040079575924958,-0.7032641655001917,1.1094550567412398,-0.4880846270447823,-0.6652287157818748,-0.9732410300152007,20.121829915142,-0.9713921456535748,1.1815906779024217,1.0627586923179049,1.5863099576203465,-0.5235512653024417,0.088442255626932,0.15488562748814388,-0.7442097977045921,-0.4455290165658795,,-0.2086178131619824,"Two assets attacking metabolic disease at the organ, not the hormone: Revita, a 45-minute endoscopic duodenal resurfacing procedure to stop weight regain after GLP-1 discontinuation, and Rejuva, a pancreatic gene-therapy platform making islet cells produce incretins endogenously. Market cap US$89.6m at $0.563. A genuine binary deliberately funded only to the pivotal readout. MATERIAL: on 2026-09-10 Nasdaq notified Fractyl its securities are subject to delisting after it failed to regain $1.00 minimum bid compliance by 2026-09-09; a Hearings Panel request stays suspension (8-K filed 2026-09-11), and this is material to whether the position stays holdable on ii.","10x = $0.90bn. The randomised evidence is stronger than the price implies: in the REMAIN-1 Midpoint Cohort at one year, in the pre-specified optimised population (complete ablation >14cm plus run-in loss >=17.5%), Revita patients maintained ~84% of prior GLP-1-induced weight loss versus 46% for sham - LSM regain 4.1% vs 13.5% (n=10 vs 8) - with no device- or procedure-related SAEs through one year; REVEAL-1 open-label at one year (n=15) maintained ~78%. The dose-response concentration of benefit where ablation was complete is mechanistic, not post-hoc luck. Durability is the largest unmet need in medicine's largest market. 100x = $9.0bn is below where single-asset obesity companies have traded pre-approval, so it is arithmetically live - but dilution defeats it.","REMAIN-1 Pivotal misses - sham-controlled device trials fail often and the Midpoint result came from an optimised subgroup of 18 patients. The capital structure: $47.1m cash against $60.7m of debt and stockholders' equity of MINUS $1.7m at 30-Jun-2026, runway only into early 2027 - lenders sit ahead of shareholders, and a miss means equity holders are wiped out. Delisting: if the Hearings Panel is not persuaded the shares leave Nasdaq, and OTC is outside the ii mandate entirely."
PRME,20,"Prime Medicine, Inc.",NasdaqGM,US,Gene editing & gene therapy,USD,,544.1,3.0,2.2266000315863375,1000.0,449,2022-10-20,986,-0.062083498076042534,-0.372012086956541,0.9064970389613641,-0.1098552932838503,-0.16848631209716772,0.7365925744371552,2.471644222051564,-0.9527837728881321,1.2907164902293085,0.13792997758436354,2.1787908894938623,-2.040860911909499,0.08753323634883299,0.10769549547897504,-0.13584835880298163,-0.2613619532552439,,0.014619689783259816,"Prime Medicine develops prime editing - a search-and-replace genome edit that nicks one DNA strand and writes a new sequence from an attached template, with no double-strand break and no donor DNA. In principle it can correct the large majority of known pathogenic human variants rather than the narrow subset addressable by base editing or by knocking a gene out, which is where the volume of human genetic disease actually lives. This is no longer a preclinical claim: PM359 produced clinical proof of prime editing in humans, the FDA granted it RMAT designation on 2026-06-22, and a BLA is targeted for the first half of 2027. Cash and investments of US$108.8m at 30-Jun-2026 against a ~US$42m quarterly loss make a financing inside the holding period close to certain.","10x = US$5.44bn. The required chain is specific: PM359 approved or clearly approvable, PM577a showing durable in vivo correction in Wilson disease with clean safety, and at least one large-pharma deal on an in vivo programme. That combination would make Prime the only company with a clinically validated, correction-capable editor - and editing platforms have carried US$5-10bn valuations on thinner evidence (Intellia peaked above US$10bn in 2021 on a single interim). The multiple is not the stretch; surviving the financing with the share count intact is. 100x = US$54.4bn is Vertex-scale and requires commercial infrastructure Prime cannot fund; the realistic terminal event is an acquisition in the US$5-15bn band. Note dilution cuts the per-share multiple: a US$5.4bn enterprise reached after two raises might deliver 6-7x on today's price.","The financing, at this price - US$108.8m against a ~US$42m quarterly loss and an 'into 2027' guide means raising from a share price 57% off its high. This is the most likely way to be right and still lose money. Translation: ex vivo success in CGD says little about whether a prime editor delivered to the liver corrects enough hepatocytes to change a Wilson disease phenotype, and the 2027 PM577a readout is a genuine binary. Category risk - gene-editing equities have de-rated as a group and even good data has repeatedly failed to re-rate them."
PRQR,21,ProQR Therapeutics N.V.,NASDAQ,US,"RNA, cell therapy & next-gen biologics",USD,,262.5,1.8600000143051147,1.3804920302007855,1000.0,724,2014-09-18,1261,0.22549480648321374,-0.25340185148167593,1.019046304436798,0.1844811228544849,0.30629356693870047,4.948694471573519,126.66022221987828,-0.9272775693672546,0.9614608604640303,0.5764066466117291,0.8808647601583004,-0.30445811354657126,0.06654666303486667,0.11066601750565641,-0.07963569898370904,-0.1468224960469139,-0.7719909821529877,0.15154386218228189,"RNA-editing company whose Axiomer platform uses chemically modified oligonucleotides to recruit the body's own ADAR enzymes for a single A-to-I edit in a target mRNA. Market cap US$262.5m at $1.86 against EUR117.1m (~$134m) of cash at 30-Jun-2026 and runway into mid-2028 - roughly half the market value is cash, so the platform, two clinical assets and the Lilly package are valued at about $144m.","10x = $2.63bn. The key upgrade versus the candidate record: the first human editing signal is no longer a future catalyst, it has already happened. In June 2026 AX-0810 Phase 1 delivered up to an 8-fold increase in total serum bile acids at 6 mg/kg against a pre-defined 2-fold threshold - clearing its own bar by 4x - with dose-dependent conjugated bile acid changes, no serious adverse events, no pruritus and an eight-week half-life, which the company calls the first clinical validation of Axiomer. Axiomer is the pragmatic middle ground: re-dosable, reversible, no viral vector or LNP, using GalNAc delivery that already works commercially. Wave traded above $1bn on ADAR proof-of-concept alone. 100x = $26.6bn: NO - ProQR has partnered its biggest opportunities to Lilly and takes royalties.","Target engagement is not efficacy - bile-acid movement in healthy volunteers is a biomarker, and Korro's 2026 KRRO-110 failure is the direct precedent for a similar mechanism disappointing at the patient stage. Liver-only delivery: GalNAc works and nothing else does yet, capping indications until extrahepatic delivery is solved. Lilly can walk, and ProQR has a long failure history - sepofarsen and ultevursen both failed and the company has already pivoted itself once."
ALMDT.PA,22,Median Technologies SA,Euronext Growth Paris,Europe,"Obesity, metabolic & diagnostics",EUR,,231.5,3.785000085830689,3.2416370639404595,1000.0,308,2011-05-20,1261,0.07245813252022519,-0.24344386982944344,0.8695059390222982,0.04020459315037376,0.0696861110114769,2.8161593770660334,27.405499750881287,-0.9315012597888129,1.180160349870413,0.8912786154916665,1.4611041756796377,-0.5698255601879711,0.06460940955190084,0.09860351088103883,-0.2152774044565129,0.11898407000982258,-0.7739479006583442,0.0795854095549107,"AI Software-as-a-Medical-Device for lung cancer screening. eyonis LCS detects AND characterises lung nodules on low-dose CT - a combined CADe/CADx device, not just nodule-finding. Market cap ~US$231m at EUR3.785. Two caveats up front: this is Euronext GROWTH (a junior MTF, not main Euronext Paris) and ii's coverage of that venue was NOT confirmed - check on ii.co.uk before committing capital; and the balance sheet is the weakest in its group.","10x = $2.32bn, and this is the cleanest arithmetic in the sleeve because CMS has already set the price per unit. FDA 510(k) clearance was granted 2026-02-09 and CMS New Tech APC reimbursement pays approximately $601-700 per exam for 2026, against ~14.5 million Americans meeting USPSTF screening criteria. At ~$600/exam with software gross margins, one million exams is ~$600m of revenue; even 500,000 exams a year is ~$300m of very high-margin revenue, which at 7-8x sales is ~$2.3bn. A cleared device that already has a payment code and a per-exam price is a different asset class from an AI company hoping for one. 100x = $23bn: NO, that implies $2-3bn of annual revenue from a single screening indication.","Adoption, not technology - radiology procurement cycles are long, and Aidence/RadNet, Optellum, Coreline and the Siemens/GE in-house tools are already inside the workflow. The balance sheet, which is the likeliest way to lose money here: stockholders' equity of MINUS EUR35.2m at 31-Dec-2025, more debt (EUR21.8-25.3m) than cash (EUR18.2-18.4m), and shares up from 18.42m (Dec-2024) to 49.00m now - +166% in ~21 months. Venue and reimbursement risk - Euronext Growth means lighter disclosure and ~EUR550k/day liquidity, and New Tech APC rates are reviewed annually and can fall."
CU6.AX,23,Clarity Pharmaceuticals Ltd,ASX,Other,Other frontier (radiopharmaceutical theranostics),AUD,,558.3,2.0899999141693115,1.105498344387251,1000.0,904,2021-08-25,1261,0.34126170227461955,0.08925417187796958,0.7207155874253067,0.421472363820771,0.6525964983325001,0.5677108720814414,1.9621192798069167,-0.8500004168078356,0.7953672992159506,0.804587816602631,1.3507108891711135,-0.5461230725684825,0.0663167486166006,0.08961842287487963,-0.3423201158983262,-0.27786944624023735,0.5384606390622795,0.20596425932596235,"Copper-64/copper-67 radiopharmaceutical theranostics using the proprietary SAR sarcophagine chelator. Lead 64Cu-SAR-bisPSMA is a prostate-cancer PET imaging agent in registrational Phase 3 (CLARIFY); the matched therapeutic 67Cu-SAR-bisPSMA uses the same targeting molecule. Market cap ~US$558m at A$2.09, debt-free with A$178.3m of reported cash. SCEPTIC'S FIRST QUESTION, FLAGGED HONESTLY: the shares are down roughly 63% from a 52-week high of A$5.70 and sit ~15% above the 52-week low; the cause of that de-rating could NOT be established from the sources reachable this session - read Clarity's 2026 ASX announcements before acting.","10x = US$5.58bn. The mechanism is a manufacturing and logistics advantage, not just chemistry: gallium-68's 68-minute half-life forces production beside the patient, whereas copper-64's 12.7-hour half-life and Clarity's stated 48-hour shelf life allow central manufacture and overnight shipping, and next-day imaging when background has cleared - which is why the CLARIFY protocol images at Day 1 and Day 2. The SAR cage holds copper tightly enough not to leak in vivo, which is what previously made copper unusable. And the same molecule carries copper-67 for therapy, giving identical biodistribution a gallium/lutetium pair can never guarantee. Precedents: BMS paid ~$4.1bn for RayzeBio and AstraZeneca ~$2.4bn for Fusion, both pre-approval. 100x = US$55.8bn: NO - that exceeds the entire current radiopharmaceutical industry.","The comparator, not the agent - CLARIFY's endpoint is sensitivity and specificity for pelvic nodal disease against surgical pathology in 383 high-risk patients going to radical prostatectomy with lymph node dissection, a brutal standard on which imaging trials fail even when the agent works. Radiochemistry at scale - copper-64 supply and manufacturing scale-up is a genuine risk, and the 48-hour shelf-life advantage only exists if production is reliable. Entrenched competition (Novartis, Lantheus, Telix) plus a demanding starting price: at ~$558m the shares already discount considerable success, and the unexplained 63% drawdown means the market may know something this dossier does not."
LAES,24,SEALSQ Corp,NasdaqGS,US,Post-quantum & cybersecurity,USD,,489.31,2.190000057220459,1.6254180655270516,1000.0,615,2023-05-23,840,0.7488298177859769,-0.3975152901600282,1.725736105205627,0.41218921922087254,0.8306363080736205,3.619971021712315,26.771888193175652,-0.9850356268388274,1.0146953939514398,0.6460172770546061,0.5971136402780892,0.04890363677651688,0.11337086431768092,0.17026310047505366,-0.42090407033695376,-0.2334635322333598,,0.414321307856876,"Swiss designer of secure microcontrollers and hardware security modules converting its franchise to post-quantum: the QS7001 Quantum Shield secure element and QVault TPM implement NIST post-quantum algorithms in hardware. The central fact: market cap US$489m at $2.19 against $486.1m of cash at 30-Jun-2026 and $7.1m of debt - an enterprise value of roughly $14m for a business guided to $27-36m of FY2026 revenue growing 131% at ~48% gross margin with a >$225m pipeline. Either the market believes the cash will be destroyed, or this is mispriced; both readings deserve respect.","10x = $4.89bn, but with $486.1m of cash in hand the operating business only has to be worth ~$4.4bn - and it does not need to raise again to get there. Post-quantum cryptography cannot live only in software: firmware signing, secure boot and device identity must be rooted in hardware, so every one of the tens of billions of connected devices shipped this decade needs a root of trust running algorithms that did not exist when today's secure elements were designed. That is a forced, dated replacement cycle driven by regulation (EU Cyber Resilience Act, US federal migration timetables). Hardware root-of-trust is a certification moat: QS7001 has NIST SP 800-90B Entropy Source Validation and has completed Common Criteria testing. Revenue must go from ~$30m to $300-400m. 100x = $49bn: NO, that is Infineon scale.","The dilution record is the thesis risk - that $486m was raised by issuing shares, with the count going from 101.54m (31-Dec-2024) to 224.93m (30-Jun-2026), +121.5% in 18 months, and nothing stops it continuing; cash per share, not cash, is what you own. Governance - WISeKey's voting control through non-traded Class F shares means minorities cannot object to related-party transactions, and the group has a history of them (Wecan, Quobly, Miraex). Infineon, NXP and STMicroelectronics will all ship post-quantum secure elements and own the automotive design-in relationships."
IMSR,25,Terrestrial Energy Inc.,NASDAQ Global Select,US,"Nuclear: SMR, fuel & enrichment",USD,,351.6,4.25,3.1543500447473116,1000.0,317,2024-10-10,219,-0.9317758410043636,-0.7805169632082058,1.0918908696633602,-0.8877039527798232,-1.3258055183418647,0.8439935501493896,1.9736808563894535,-0.7355119486858696,3.586742183802967,2.8789880559165444,2.723280286250818,0.1557077696657263,0.1068558784564732,0.1254905042474105,-0.3047421628397483,,,-0.3723543459698899,"Terrestrial Energy develops the Integral Molten Salt Reactor - 390 MWt / ~195 MWe delivering 585C process heat, with the whole primary loop inside a sealed, replaceable seven-year Core-unit. Nasdaq-listed via the HCM II de-SPAC, development site at Texas A&M-RELLIS. Trading at $4.25 against a $31.50 52-week high while licensing evidence accumulates. Not flagged by the fact-checker.","10x on ~US$352m is US$3.5bn, requiring a construction permit application docketed and accepted, one binding multi-GW offtake, and a demonstrated LEU fuel-salt supply chain. On the company's stated ~US$2.7bn lifetime revenue per plant, an 8-12 plant pipeline implies a US$22-32bn backlog; the market paid US$5-8bn for less in this sector before the 2026 de-rating. Two structural choices matter: the sealed Core-unit sidesteps 60-year component corrosion, and IMSR runs on standard-assay LEU rather than HALEU, avoiding the enrichment bottleneck gating Oklo and X-energy. 100x is not conceivable in the hold period.","Molten-salt chemistry - tritium permeation, fission-product management and salt corrosion defeated every programme since Oak Ridge's MSRE, and no molten-salt reactor has ever been NRC-licensed, so the review timetable is open-ended. The Riot Platforms deal is an MOU, not a contract. Construction-stage dilution: US$283m does not build a reactor, and the raise that funds first concrete comes from a register nursing a 93% drawdown."
EMV.AX,26,EMVision Medical Devices Ltd,ASX,Other,Digital health & medtech devices,AUD,,109.0,1.7350000143051147,0.9177223550693314,1000.0,1089,2018-12-13,1261,0.043875899598601664,-0.09991652095353187,0.5497071791710485,0.011598719900686838,0.017601531356239226,0.7142429721235726,4.228097060351834,-0.6672677620587804,0.29739968050575233,0.12492390759136661,0.663911741331754,-0.5389878337403874,0.05184622381738666,0.07115475316645065,0.036727199372075026,-0.18063423647436705,-0.386425829393344,0.046888733137845764,"EMVision is developing emu, a portable electromagnetic brain-imaging device for pre-hospital and bedside stroke triage - distinguishing haemorrhagic from ischaemic stroke at the point of care, which currently requires a CT scanner. A pivotal trial is running inside live code-stroke workflows at eight leading academic centres. Not flagged by the fact-checker.","10x is ~US$1.09bn. The pivotal trial must clear 80% sensitivity and specificity, the FDA must grant De Novo clearance, and emu must sell into US stroke centres and ambulance fleets. Roughly 1,800 certified US stroke centres and tens of thousands of ambulances at a US$100-200k device price plus service means a few thousand units is US$300-500m of revenue; a cleared, category-creating device with that installed base supports US$1bn+ (Inspire Medical and Shockwave both passed it shortly after clearance). 100x (US$10.9bn) is arithmetically possible on the Shockwave path but assumes EMVision is not acquired long before.","Binary trial risk - miss 80% sensitivity or specificity and the product is not clinically usable; the company is blinded until recruitment completes, so there is no early warning. No regulatory precedent: electromagnetic brain imaging has never been FDA-cleared, so De Novo timing and evidentiary demands are unknown. Liquidity - at roughly A$56k of average daily traded value this is the thinnest name in the sleeve after HyTerra and Gelion; the price will gap in both directions and cannot be exited quickly."
SLDP,27,"Solid Power, Inc.",NASDAQ Global Select,US,Next-gen batteries & storage,USD,,583.0,2.390000104904175,1.7738581030236618,1000.0,563,2021-05-18,1261,0.09375509320236361,-0.24466964445694783,0.8833459237775328,0.06368410346175009,0.10198779641420849,1.539067705029387,11.185790009250693,-0.9320144604788235,1.2826831474591553,1.0801442060230901,1.3680030663257903,-0.28785886030270014,0.0755043760850943,0.10340242310501885,-0.4379082996396174,-0.3475899119368788,-0.7539912810357542,0.09237149022570519,"Solid Power is pivoting from being a cell maker to being the merchant supplier of sulphide solid electrolyte - the scarce input every solid-state battery programme needs - with BMW building Solid Power cells on its own line and SK On having purchased and installed a Solid Power-built electrolyte pilot line. About 71% of the market cap is cash, so the market values the technology near zero. Not flagged by the fact-checker.","10x is US$5.83bn. It requires the electrolyte business to convert from pilot to merchant supply with at least two named offtakes, and one automaker to commit solid-state to a production vehicle programme. At scale sulphide electrolyte is plausibly a US$500m-1bn annual revenue line at chemical-specialty margins, and US$5.8bn is 6-10x that - what sole-source battery-materials suppliers command. 100x (US$58bn) is not credible: more than the market value of any battery-materials company outside China.","Revenue that goes backwards - Q2 2026 revenue was negative US$268k on changed milestones, which says the customer relationships are not yet contractual annuities. Being designed out: automakers have a long record of internalising battery chemistry once it works, and the Joint Evaluation Agreement structure makes that easy for BMW, SK On or Samsung SDI. The market may simply be right - solid-state timelines have slipped across the industry before."
HYT.AX,28,HyTerra Ltd,ASX,Other,"Grid, geothermal & clean fuels",AUD,,7.6,0.006000000052154,0.0031736796154922357,1000.0,315091,2016-09-19,1261,-0.14982264856903016,-0.5356754749932737,1.002078034683313,-0.18693419283282645,-0.2535163139246875,-1.3946652153787162,43.154259816293454,-0.9837383725234956,0.5445708387377268,-0.09862181171724202,-0.009927938497428382,-0.08869387321981363,0.0822425999861267,0.137447011183558,-0.709922809109862,-0.6584836714592628,-0.9784921662798771,-0.044807022296833476,"HyTerra is a sub-cent ASX natural-hydrogen explorer on the Nemaha Ridge in Kansas with ~80,000 acres, plus a 16% earn-in on the Geneva Project in Nebraska. The dossier already withdrew two backer claims the candidate record carried: Fortescue could not be found anywhere on HyTerra's site or news archive (checked 2026-09-17) and is treated as unconfirmed, and the widely circulated Mitsubishi Gas Chemical / Toyota / Eneos story concerns Gold Hydrogen, a different ASX company, not HyTerra. This is the smallest position in the sleeve at US$7.6m and the purest lottery ticket in it.","10x is only ~US$76m (about A$107m) - in an exploration play that is one well demonstrating sustained commercial-rate hydrogen flow in Kansas, re-rating this from pre-discovery explorer to holder of a proven North American natural hydrogen field. That is a routine magnitude of move for a microcap explorer on discovery (Helix Exploration and Pulsar Helium both did comparable moves on helium). The requirement is flow rate, not concentration. 100x (US$760m) is arithmetically the clearest case in the sleeve: a proven, developable geologic hydrogen field with 80,000 surrounding acres in a US industrial corridor plus helium credits is plausibly worth that - Koloma was privately valued in that region without a proven producing field.","The play type may simply not work - no one has ever commercially produced natural hydrogen at scale, and concentration measurements are not flow rates. The raise: roughly twelve months of cash on 2.14bn shares at A$0.005 means the next placement will be brutally dilutive, and sub-cent ASX microcaps have a very high base rate of permanent capital loss. The best result is not theirs - the 44% hydrogen / 13% helium Hoarty NE3 figure comes from a well HyTerra holds only 16% of, not from its 100%-owned flagship."
MSCL.TO,29,Satellos Bioscience Inc.,Toronto Stock Exchange,Other,Other frontier (muscle regeneration),CAD,,203.1,13.0,6.931300034945092,1000.0,144,2008-01-07,1261,0.14903863618309116,-0.4302262940198479,0.9999025540646007,0.11154950622906896,0.15943453804831997,-1.59790856175125,38.479195905393446,-0.9699434646231205,0.16631042304970584,0.3547766421897121,0.5026231795025607,-0.14784653731284864,0.08141285215667213,0.12278195532948258,-0.8655222791985997,-0.8710111160788497,-0.9417548360442318,0.09673689041213195,"Satellos Bioscience is developing SAT-3247, an oral, mutation-agnostic small molecule that restores satellite-cell polarity to regenerate muscle in Duchenne muscular dystrophy - addressing all DMD genotypes rather than the subsets served by exon-skipping and gene therapy. Dual-listed TSX and Nasdaq, funded to the pivotal readout with C$61.8m. Not flagged by the fact-checker.","10x is ~US$2.03bn. BASECAMP must show functional benefit - not just biomarker movement - in placebo-controlled paediatric patients. A mutation-agnostic oral therapy for all DMD patients addresses roughly 20,000 people in the US and EU at orphan pricing: a US$1-2bn peak-sales asset. Sarepta exceeded US$10bn on a franchise serving only a fraction of genotypes, so US$2bn for an oral serving all of them is conservative if the drug works. 100x (US$20bn) needs SAT-3247 to succeed in DMD and translate into sarcopenia or GLP-1-associated muscle loss; the mechanism supports the read-across but Satellos cannot currently fund that second indication.","The interim data are the weakest form of evidence - TRAILHEAD is open-label, and the blinded Q4 2026 paediatric readout can easily fail; DMD trials are notoriously hard to power on functional endpoints in small paediatric cohorts. The hypothesis has never produced an approved drug - satellite-cell polarity restoration has zero regulatory precedent. Funded to the data, not through it: C$61.8m against a C$11.7m quarterly loss funds the readout and about a year beyond, so a negative or ambiguous result means the next raise is at a fraction of today's price."
2498.HK,30,"Robosense Technology Co., Ltd",HKEX,Other,"Humanoids, robotics & automation components",HKD,,945.5,16.09000015258789,1.5226057698529512,1000.0,656,2024-01-05,682,0.055391268198351454,-0.3219741802958349,0.857142671944026,0.02087315074137367,0.029190963424449635,-1.7950677068945737,46.1692089014488,-0.8820109374868988,0.9834351933839713,0.5696543669227898,0.617236712442552,-0.04758234551976215,0.05961840587635094,0.10609698020259081,-0.5641312124062579,-0.6162003224966655,,0.06695025788123152,"RoboSense is China's largest lidar maker by volume, deliberately re-pointing from cars to robots and selling the whole humanoid sensing-and-motion bill of materials: eyes (lidar, Space Camera), skin (visuo-tactile and MEMS tactile sensors) and muscles (joint modules, actuators). The conversion is already in the numbers: H1 2026 revenue RMB 1.02bn (+30.2% YoY), total lidar shipments 719,200 units (+169.6%) and robotics lidar shipments 282,600 units (+510.4% YoY) (2026 interim results, PR Newswire, 2026-08-26), against a stock at HK$16.09 versus a HK$46.50 52-week high. Fact-check correction: Cainiao is described as a top-two pre-IPO shareholder, the previously claimed 'largest, 10.46%' having been withdrawn as uncorroborated.","10x on ~US$946m is ~US$9.5bn: roughly RMB 8-12bn of revenue at 5-8x sales (four to six times the current run-rate) with robotics carrying 40%+ gross margins. The mechanism is concrete - one to two million humanoid and service robots a year, each taking US$1,500-3,000 of RoboSense sensing and actuation content - and RoboSense is the only listed company selling all three layers. The tactile skin matters more than the lidar: higher ASP, far less commoditised, and a MEMS tactile sensor that does not drift is the unsolved problem in dexterous manipulation. 100x (US$95bn) is not possible; the constraint is geopolitical, not arithmetic.","The ADAS lidar price war eats the funding base - ASPs around RMB 1,000 and falling against a 24.5% gross margin; if automotive losses widen faster than robotics margin arrives, the IPO cash is consumed before the transition completes. Export controls or entity listing close the Western market, and China alone will not support a 10x multiple; plus HKEX settlement and geopolitical risk for a UK holder. Humanoid demand may be state subsidy rather than demand, and vision-based software may solve tactile sensing more cheaply than hardware, stranding the skin investment."
GFUZ,31,General Fusion Group Ltd.,NASDAQ Global Market,US,Fusion supply chain,USD,,498.0,7.840000152587891,5.818848195796362,1000.0,171,2025-09-30,243,-0.009175654605485502,-0.23385228626672827,0.7197621775746883,-0.06484871817349983,-0.09757473357104929,0.6929448817548279,11.535810671455211,-0.5096085602933953,0.7937334422055731,-0.6100041639681533,1.0983843129786057,-1.708388476946759,0.05440425048324177,0.11337416796812629,-0.22794502123588678,,,0.030711514967243447,"General Fusion is the only listed pure-play fusion company (Magnetised Target Fusion; LM26 machine in Richmond BC), de-SPACed 2026-07-13 and trading at roughly half its debut price. CORRECTED AT FACT-CHECK: the ~US$135m post-close cash and ~3-year runway stand, but the market cap did not. The F-1 contradicts itself (53,132,058 SVS on the cover vs 63,548,721 SVS plus 10,416,663 MVS in the ownership section, same date); yfinance's 80,723,040 shares / US$631m matches no filing and has been removed as a Yahoo data trap. Corrected market cap ~US$498m at the $7.84 close, corroborated by stockanalysis.com. ADV also corrected to a 20-day ~US$1.35m/day.","Scarcity of listed access plus documented Canadian state backing: BDC Capital (a wholly owned subsidiary of the Business Development Bank of Canada, a federal Crown corporation) holds 3,287,483 shares and 9,076,980 warrants, and a Strategic Innovation Fund contribution agreement with the Minister of Industry has been amended through January 2025. The 10x has been recomputed honestly and is harder than the previous draft claimed: a 10x in the SHARE PRICE ($7.84 to $78.40) converts the Multiple Voting Shares (up to 44,810,873 SVS) and the Earnout Shares (11,978,950) and puts every warrant in the money, implying a US$9.4bn company on that base and ~US$13.6bn fully diluted (173.5m shares) - not US$6.3bn. That is roughly twice the largest private fusion comparable, so a pure re-rating toward private peers delivers perhaps 3-5x; the 10x needs a genuine scientific or state-award event.","The physics - MTF has never reached breakeven, and the company concedes liquid-liner compression has not been demonstrated at power-plant-relevant scale. Dilution: the F-1 offers 109,928,827 SVS issuable by the company and registers 102,262,208 SVS issuable on exercise/conversion for resale - ~173% of shares outstanding - with PIPE MVS converting at an assumed $5.00 plus maximum accrued-value increase through the fifth anniversary of closing. Being second: first-of-a-kind plant not before the mid-2030s; if CFS or Helion reaches net energy first, MTF is a stranded science project."
AXE.AX,32,Archer Materials Limited,ASX,Other,Quantum computing & sensing,AUD,,37.3,0.1850000023841858,0.09785512188819491,1000.0,10219,2007-08-14,1261,-0.10395965075089163,-0.3497560852960402,0.8247292391992475,-0.17152253615773186,-0.28456960342439747,1.5099194693735871,6.348091287690659,-0.9119571416535925,0.4432426040339509,0.6310089121486521,0.7404639744747854,-0.10945506232613333,0.07037725235964497,0.08964703492883143,-0.4212675720293164,-0.2450126251208926,-0.8866037066904623,-0.02398821708133794,"Archer Materials runs two independent semiconductor programmes on the same carbon/graphene device physics: 12CQ, a qubit processor chip designed to hold and read an electron spin at ROOM TEMPERATURE, and a graphene field-effect biochip for point-of-care blood chemistry. The quantum claim attacks cost-per-qubit rather than qubit count - the cryogenic bill of materials, not the qubit count, is what makes quantum computers cost tens of millions each. At US$37.3m it is the cheapest position in the sleeve in absolute dollars, with A$10.3m of cash at March 2026 and no debt. On 2026-06-30 it signed a three-year Quantum Compute Agreement with IonQ - but note the direction of the money: Archer PAYS IonQ US$1.5m over three years for Forte/Tempo-class access and reselling rights, so this is commercial intent, not a backer.","10x = ~US$373m (A$525m), reachable by either of two independent routes. Quantum route: a working room-temperature spin readout at wafer scale turns 12CQ into licensable IP rather than a hardware competitor, and listed quantum names with no revenue and one credible physics claim have carried A$400m-1bn valuations this cycle. Biochip route: a CLIA-validated point-of-care potassium chip is a real medical-device business (dialysis, cardiology, emergency medicine) and such companies routinely reach A$300-600m with a cleared product and a partner. 100x = ~US$3.7bn is possible only if 12CQ becomes standard IP inside other people's machines - not underwritten, but not absurd from US$37m.","The physics simply does not close - room-temperature spin coherence in carbon has been 'close' for years, and a 2026 demonstrator that fails to read out a single spin removes the entire quantum leg. Dilution is the base case, not a risk: A$10.3m against a two-programme R&D cost base plus US$500k a year payable to IonQ means raising into whatever price the demonstrator produces. And nobody is aligned - 1.1% institutional, no strategic investor and no anchor shareholder, which for an extraordinary physics claim is itself evidence a sceptic may weigh. Liquidity of ~US$111k/day means the position cannot be exited into bad news."
MOLN.SW,33,Molecular Partners AG,SIX Swiss Exchange,Europe,"RNA, cell therapy & next-gen biologics",CHF,,152.0,3.2100000381469727,2.9092951282216117,1000.0,343,2015-03-03,1261,-0.09477251777716951,-0.2752033991772327,0.6669480870990497,-0.19832505758056918,-0.2874549731674946,-0.13691590219805722,12.366977145457968,-0.8854607164223183,0.5201169529925046,0.6695035060861984,0.8002097355761524,-0.13070622948995403,0.05585609488462782,0.08791227715917721,-0.08415213982769665,0.11705562714113937,-0.7984432799063372,-0.017791820418691033,"DARPins are near-ideal vectors for short-lived alpha emitters: a tenth the mass of an antibody, antibody-like affinity, thermostable, with a tunable half-life long enough to reach tumour and short enough to clear before marrow takes the dose. Orano Med, the principal industrial producer of lead-212, chose DARPins and now co-develops TEN programmes (MP0712 212Pb/DLL3 in clinic, MP0714 225Ac, MP0726 MSLN), an endorsement from the party controlling isotope supply. Market cap CHF124.5m against CHF67.9m cash leaves an EV of roughly CHF60m for three clinical assets plus secured isotope access.","10x = CHF1.25bn (~$1.5bn). From a CHF60m EV, most of the return is the platform being priced at all. Requires MP0712 tumour responses in SCLC with tolerable marrow toxicity. Comparables acquired pre-approval on early data: Point $1.4bn, Fusion $2.4bn, RayzeBio $4.1bn. 100x (CHF12.5bn) is not credible - the declared strategy is partnering and Orano co-owns the lead economics.",Management destroyed most of the company's value twice already (abicipar failed at FDA with Novartis; ensovibep abandoned). Alpha-emitter renal/marrow toxicity appears only at higher doses - cohort 1 cleanliness at 75 MBq says nothing about 105 MBq+. Lead-212 supply concentrated in one partner: both moat and single point of failure. Plus ~$65k/day SIX liquidity.
LIS.AX,34,Li-S Energy Limited,ASX,Other,Next-gen batteries & storage,AUD,,68.3,0.1500000059604644,0.07934199285040623,1000.0,12603,2021-09-28,1253,-0.18767116338431838,-0.42492056622069174,0.8693456393892468,-0.25901224229123754,-0.4026743848400161,1.4032834488281036,10.564026957731587,-0.968673746829642,0.6663373184412993,0.8110583406319611,0.790887973990516,0.020170366641445114,0.07633184969952708,0.10724534883327076,0.029306179683234124,0.04658228792898744,,-0.0611924486026581,"Lithium-sulphur/lithium-metal cell maker in Brisbane using boron nitride nanotubes to attack dendrite formation and polysulphide shuttling simultaneously, with captive BNNT supply via PPK. It has stopped being a science project: it shipped its first cells to US Army DEVCOM in June 2026. Li-S wins first where mass is the binding constraint - high-altitude UAVs, undersea autonomy - not where cost per kWh is. Now vertically integrated into lithium foil, a genuine Western supply gap.","10x = US$683m (~A$960m). Requires one defence relationship converting to a multi-year supply programme worth A$50-100m annually plus foil revenue; ASX battery-materials names with defence offtakes have been paid 8-12x revenue, implying A$80-120m of revenue visibility. 100x (US$6.8bn) is not possible: a single Phase 3 line with a ~A$6m cost base cannot become a global cell maker without raises that destroy the multiple.","Cycle life - every Li-S programme in history has died here and nothing public proves the BNNT cell survives at defence-qualification standard. Evaluation orders usually go nowhere; DEVCOM shipments are cheap for the Army and existential for the company. The 69.5% insider block is also an overhang and governance concentration (the PPK related-party structure has drawn scrutiny), with ~US$18k/day turnover making the position effectively unsellable in stress."
GSIT,35,"GSI Technology, Inc.",NasdaqGS,US,"Photonic, neuromorphic & novel compute",USD,,184.86,4.809999942779541,3.5699820081744025,1000.0,280,2016-01-04,1261,0.7415642702576785,-0.026345515724017443,1.5213287822318273,0.4627956024238223,1.1455719833326798,12.379988681063406,248.52734886859398,-0.8101800151321592,1.7534660638237667,1.78853334655707,1.059634332050777,0.728899014506293,0.08123990413852876,0.1239322211019092,-0.22580270228309185,0.4553839144302847,-0.06946297975971472,0.42609190255956475,"Thirty-year SRAM maker funding the Associative Processing Unit, a compute-in-memory chip that does search and inference inside the memory array. The mechanism is the memory wall: inference cost is dominated by moving weights and vectors, not arithmetic, and computing in-array removes the movement rather than accelerating it - largest advantage exactly for retrieval, similarity and vector search, now the default enterprise AI pattern. Unlike compute-in-memory startups, GSI already owns the memory process and holds radiation-tolerant defence variants; Gemini-II passed radiation testing July 2026.","10x = $1.85bn. Gemini-II must win a repeatable design - a programme of record or a datacentre retrieval accelerator - taking revenue from $25m to $200-300m at APU gross margins. At ~$1.8bn it would be a credible compute-in-memory challenger, still below where private peers d-Matrix and EnCharge have raised. 100x ($18.5bn) is not credible: a declining SRAM annuity plus one architecture does not become a platform vendor; 20x is the tail case.","Gemini-I is the precedent and it failed commercially - the barrier was never silicon but the difficulty of programming a non-von-Neumann architecture; if the September 2026 AI SDK doesn't change that, nothing will. The legacy SRAM base is structurally shrinking and Q1 FY2027 revenue was already flat y/y. d-Matrix and EnCharge attack the same wall with far more capital, and further dilution is likely after the +31.9% share-count increase already absorbed."
BIOA,36,"BioAge Labs, Inc.",NASDAQ,US,"Longevity, neurotech & BCI",USD,,355.8,7.75,5.752050081598038,1000.0,173,2024-09-26,498,0.3981211799500473,-0.3573259265739721,1.0613062253729653,0.3397899412333302,0.4308379830319184,-4.213417543412024,52.88165968510161,-0.8793717179640435,0.8516237189595524,1.8618594595030036,0.02643853806300204,1.8354209214400015,0.06276371865794232,0.138485026159407,-0.41448226236873886,0.5855896352446681,,0.23556694451533033,"BioAge mines 30-year prospective human longevity cohorts - samples banked before disease onset, outcomes recorded decades later - to back-solve causal ageing biology into drug targets. You cannot buy or build such a cohort in under 30 years, which is a temporal moat. Lead asset BGE-102 is an oral, brain-penetrant NLRP3 inhibitor that produced median ~86% hsCRP reductions at 60mg and 120mg in Phase 1 with consistent IL-6 and fibrinogen falls. $381.3m of cash and securities at 30-Jun-2026 against a $355.8m market cap means the market values the entire pipeline below zero.","10x = $3.56bn. BGE-102 must convert an 86% hsCRP reduction into a clinical endpoint - visual acuity in DME or weight/inflammation benefit adjunctive to GLP-1s - and be partnered with Novartis or Lilly at billion-dollar economics. Large pharma has repeatedly paid up for oral NLRP3; a best-in-class brain-penetrant version with Ph2 data supports $3-5bn, and with a negative starting EV essentially all of it is pipeline recognition. 100x ($35.6bn) would need statin-scale chronic use with BioAge owning the economics - it has no commercial infrastructure and a declared partnering strategy.",It has already lost a lead asset - azelaprag discontinued on liver transaminitis in STRIDES Ph2. NLRP3 has a poor clinical record: the class repeatedly produces beautiful biomarker data then fails on hepatotoxicity or efficacy; hsCRP reduction is not clinical benefit. 2.4% insider ownership with a 90.5% institutional register means no internal skin in the game and violent moves on fund exits - the $4.90-$25.10 52-week range proves it.
AISP,37,"Airship AI Holdings, Inc.",NASDAQ,US,AI applications & agents,USD,,65.6,1.9049999713897705,1.4138909988228117,1000.0,707,2021-05-10,1261,0.30106054658558984,-0.273456135781994,1.2985927697687432,0.20295858156712626,0.42882420561180307,11.834199318171237,281.7830152122924,-0.8801043715277893,0.3074119201113691,0.21105485629853918,0.03162877237441945,0.17942608392411974,0.07996281190940459,0.1320745378246227,-0.3411367294876835,-0.5812552921008455,-0.7975227574597232,0.17568981182711696,"AI video and sensor data management (Outpost AI edge devices, Acropolis, Airship Command) already deployed inside DoJ and DHS environments. The moat is accreditation, not algorithms: Airship has cleared the security, procurement-vehicle and integration hurdles that keep better-funded commercial AI vendors out for years, and edge processing is the architecturally correct answer for agencies that cannot send video to a commercial cloud. A 75% gross margin on a hardware-inclusive product is the evidence the software does the work. At ~3.1x EV/sales with a $206m validated pipeline, one programme of record changes the company.","10x = $656m. Needs revenue of $90-120m - five to seven times current - at 70%+ gross margin on a 6-8x sales multiple, realistically via one large multi-year federal programme (~$50m+) plus a commercial channel. Airship's whole value is being pre-positioned for exactly that award. 100x ($6.6bn) is arithmetically conceivable but would put it alongside the largest public-safety software vendors with decades of installed base; I would not underwrite it.","Revenue is small, lumpy and government-dependent - Q1 FY26 $6.35m fell to $4.12m in Q2, a 35% sequential drop; a continuing resolution or lost recompete removes a large share. Palantir, Axon and Motorola Solutions compete in exactly this segment with the relationships, accreditations and far more capital. SPAC legacy: warrant/PIPE overhang, reported GAAP profit is a derivative fair-value artefact (operating income negative in all last five quarters), and the stock is down 63% in a year."
FTC.L,38,Filtronic plc,LSE AIM,UK,"Space: launch, in-orbit, satellites, EO",GBp,,690.5,2.33,2.33,1000.0,429,2016-09-19,1261,0.8001484992681399,0.8334822940592368,0.6380987172629013,1.195188892620706,2.130744527153583,2.242646086176126,21.86764564684377,-0.5575692963752671,0.7464413354239651,0.3400092211768357,1.5953375589983356,-1.2553283378214999,0.05014749262536739,0.07466146020607942,0.3238636363636358,0.7007299270072962,19.711111111111084,0.4343875514776596,"Filtronic is the sole qualified external supplier of E-band solid-state power amplifiers into SpaceX's Starlink ground gateways, plus mmWave transceivers for European defence EW and space primes, manufactured ITAR-free in the UK. The moat is qualification: SpaceX does not re-qualify a flight-critical RF part casually, and its revealed preference was to take warrants rather than vertically integrate. Order flow proves the cycle - $62.5m SpaceX (Aug 2025), GBP13.4m defence prime (Jul 2025), EUR7m constellation (Nov 2025), $8.0m US (Mar 2026), $8m follow-on as recently as 2026-09-16. The only profitable, cash-generative, net-cash name in the sleeve.","10x = ~$6.9bn (GBP5.2bn). On GBP55.5m of revenue that needs GBP400-600m at an 8-12x sales multiple, roughly a ten-fold volume increase, achieved by becoming the mmWave front-end supplier to multiple constellations (Starlink, Kuiper, IRIS2) AND European EW simultaneously - several fabs' worth of capacity, so expect capex and dilution en route. 100x ($69bn) is impossible: even at 100% share of every Western gateway amplifier the revenue does not support it.","Total customer concentration - SpaceX can insource E-band amplifiers at any point and the warrants would be all shareholders got. The customer appears to hold the pricing power: EBITDA fell from GBP8.7m to GBP5.1m on flat revenue while SpaceX volumes expanded; management calls it deliberate investment, a sceptic calls it margin transfer. Warrant dilution of up to 15%, plus lumpy gateway build-out where a single pause shows in the next half immediately."
BTQ,39,BTQ Technologies Corp.,NasdaqGM,US,Quantum computing & sensing,USD,,386.82,2.630000114440918,1.9519861126287397,1000.0,512,2025-09-26,245,0.2239339468958902,-0.5150307986726204,1.434606171196625,0.12995479222035064,0.2354796192323504,1.6788919431590823,5.296604537491353,-0.8469756825434231,2.515638185218587,2.764171946704342,2.303922993917712,0.46024895278663003,0.1059756978001401,0.1376766220656911,-0.48656673976642695,,,0.18316802960975265,"Full-stack 'trusted quantum': neutral-atom emulation/digital-twin/control via the completed QPerfect acquisition, the QSSN post-quantum security stack, and Bitcoin Quantum - a quantum-safe Bitcoin fork using NIST-standardised signatures. The mechanism is a forced migration with a deadline: 6-7m BTC sit in address types with public keys already exposed on-chain, NIST has finalised FIPS 203/204/205, and national timetables run to 2030-2035. BTQ is the only listed company that has shipped a working quantum-safe Bitcoin testnet - 75+ miners, 300,000+ blocks, 150+ open-source contributors - rather than a whitepaper.","10x = ~$3.87bn. Bitcoin Quantum must launch and be adopted by a meaningful share of miners plus at least one large custodian or exchange, with QSSN converting a flagship enterprise contract to recurring revenue. At ~$3.9bn the market would value BTQ as critical infrastructure for the post-quantum migration of digital assets - an adoption-and-narrative re-rate, not an earnings one, since revenue would still be small. 100x ($38.7bn) is not credible: larger than almost every listed quantum and crypto-infrastructure company combined, on a share count that must keep rising.","The Bitcoin community rejects the fork - forks without social consensus die (BCH, BSV) and Bitcoin governance is structurally hostile to outside commercial actors; 75 testnet miners is not social consensus. FINANCING RISK IS ACUTE - C$9.73m cash at 30-Jun-2026 against a C$5.94m quarterly burn is ~1.6 quarters; BTQ must issue equity into a stock already 81% below its high, and each raise compounds the share count against any 10x. Priced entirely on narrative - $387m market cap on $0 revenue means it de-rates with the quantum complex regardless of execution, with founder control at 35%."
BGO.L,40,Bango PLC,LSE (AIM),UK,Fintech infrastructure,GBp,,64.3,0.625,0.625,1000.0,1600,2005-06-30,1261,-0.12803967643039796,-0.22289573567156762,0.4896114058516948,-0.3381042076469529,-0.4898622184474873,-0.5522523526706845,32.188511826732295,-0.7849056603773589,0.545960730501408,0.6008572728934459,0.9528336158185701,-0.35197634292512414,0.04000000000000026,0.0632621833712579,-0.28571428571428537,-0.35897435897435814,-0.7270742358078608,-0.03388655698424462,"Bango's Digital Vending Machine is the entitlement, provisioning, revenue-share, tax and cancellation plumbing under subscription bundling, plus the direct carrier billing rails. It is a genuine two-sided network - content owners integrate once to reach every operator, operators integrate once to reach every content owner - and network effects at a GBP48m market cap are rare. Four independent blue-chip validations in six months of 2026: KDDI, Telin/LMT, LinkedIn and Turkcell. It trades at 1.24x EV/sales on an 84.5% gross margin.","10x = ~$643m (GBP480m). Needs annualised recurring revenue of roughly $120-150m at 30%+ EBITDA margins on a 4-5x sales multiple, with the DVM becoming the default bundling layer for 30-40 large operators rather than a dozen, and at least one hyperscaler AI subscription distributed through it. The network effect makes adoption non-linear - the last twenty operators are far easier than the first twenty. 100x ($6.4bn) is not possible: Bango earns a share of a share of a subscription and the take rate does not support a top-tier payments multiple.","THE BALANCE SHEET - gross debt tripled from GBP6.89m (Dec-2024) to GBP21.59m (Dec-2025) against GBP5.31m cash, giving net debt equal to 34% of market cap; a covenant issue or rescue rights issue at these prices is the realistic path to permanent loss and would arrive before any good outcome. Disintermediation - Amazon, Google, Apple or a telco consortium could build the plumbing themselves. The gap between 'selected by' and cash can be a year or more; demand the ARR bridge, not the logo slide."
