,MinVariance,MaxSharpe,Moderate12,MaxSortino,EqualWeight,NaiveReference,price_gbp,bucket,name
IITU.L,0.0,0.07719794759722369,0.053943367645242365,0.028388833706057073,0.02708333333333333,0.049999999999999996,37.99,etf_equity,iShares S&P 500 Information Technology Sector UCITS ETF USD (Acc)
VMID.L,0.04914498902931955,0.0,2.859941101350731e-16,0.0,0.02708333333333333,0.049999999999999996,36.96,etf_equity,Vanguard FTSE 250 UCITS ETF (GBP) Distributing
IWQU.L,0.0,8.839241768701975e-17,0.0,0.0,0.02708333333333333,0.049999999999999996,65.64759093127051,etf_equity,iShares Edge MSCI World Quality Factor UCITS ETF USD (Acc)
VWRP.L,5.7524145212479324e-18,0.0,0.0,0.0,0.02708333333333333,0.049999999999999996,142.66,etf_equity,Vanguard FTSE All-World UCITS ETF (USD) Accumulating
CSP1.L,0.04239363553276228,0.0,4.916302045641308e-16,0.0,0.02708333333333333,0.049999999999999996,610.62,etf_equity,iShares Core S&P 500 UCITS ETF USD (Acc)
ISF.L,0.14656477370185683,0.15877816105118073,0.13535252102978318,0.19624897146006245,0.02708333333333333,0.049999999999999996,10.462,etf_equity,iShares Core FTSE 100 UCITS ETF GBP (Dist)
EMIM.L,0.019328810798778715,0.0,0.0,0.0,0.02708333333333333,0.049999999999999996,40.48,etf_equity,iShares Core MSCI EM IMI UCITS ETF USD (Acc)
WLDS.L,0.0,0.0,0.0,0.0,0.02708333333333333,0.049999999999999996,7.717,etf_equity,iShares MSCI World Small Cap UCITS ETF USD (Acc)
SMEA.L,9.844907928745044e-19,0.0,0.0,0.0,0.02708333333333333,0.049999999999999996,88.75,etf_equity,iShares Core MSCI Europe UCITS ETF EUR (Acc)
IJPA.L,0.0,0.0,0.0,0.0,0.02708333333333333,0.049999999999999996,62.797542890840006,etf_equity,iShares Core MSCI Japan IMI UCITS ETF USD (Acc)
SMGB.L,0.0,0.06402389135159293,0.16605245365825777,0.07536219483373985,0.02708333333333333,0.049999999999999996,76.78,etf_equity,VanEck Semiconductor UCITS ETF
XDWH.L,0.042567790937282524,0.0,9.642538368248223e-17,6.166732927728858e-14,0.02708333333333333,0.049999999999999996,45.793740649625676,etf_equity,Xtrackers MSCI World Health Care UCITS ETF 1C
SGLN.L,0.05584727538139975,0.16410926682234944,0.14828752191704705,0.16466631775076318,0.02708333333333333,0.016666666666666666,62.7,etc_commodity,iShares Physical Gold ETC
SSLN.L,0.0,0.0,0.0,3.189136632079337e-14,0.02708333333333333,0.016666666666666666,45.64,etc_commodity,iShares Physical Silver ETC
BRNT.L,0.0,0.03589073317765092,0.0517124780829529,0.035333682249251576,0.02708333333333333,0.016666666666666666,73.3813150409804,etc_commodity,WisdomTree Brent Crude Oil
COPA.L,0.0,3.1865623021193796e-16,3.9119263756874175e-17,0.0,0.02708333333333333,0.016666666666666666,41.058504582452066,etc_commodity,WisdomTree Copper
ICOM.L,0.048899647798469385,2.9606797968306494e-16,1.546893919923165e-17,4.730755008460675e-15,0.02708333333333333,0.016666666666666666,8.089980114763692,etc_commodity,iShares Diversified Commodity Swap UCITS ETF
YCA.L,0.0,0.0,7.006180083654737e-17,0.0,0.02708333333333333,0.016666666666666666,5.595,etc_commodity,Yellow Cake plc
RR.L,0.0,0.04999999999999954,0.04999999999999997,0.04999999999999418,0.02708333333333333,0.0075000000000000015,14.405999755859376,stock,Rolls-Royce Holdings plc
PLTR,3.2754093741685403e-19,0.036677133477746655,0.049999999999999926,0.04999999999999418,0.02708333333333333,0.0075000000000000015,129.39514711756973,stock,Palantir Technologies Inc.
SPCX,0.025,0.025,0.025,0.025,0.025,0.025,111.98314121260569,stock,Space Exploration Technologies Corp. (SpaceX)
AZN.L,0.0,0.00539586005367239,0.010776755059487407,0.004940842316455117,0.02708333333333333,0.0075000000000000015,121.36,stock,AstraZeneca PLC
SHEL.L,7.947045466013984e-19,0.04833699340402038,0.04999999999999994,0.03604262858674246,0.02708333333333333,0.0075000000000000015,35.765,stock,Shell plc
HSBA.L,0.0,0.04999999999999954,0.04999999999999984,0.04999999999999418,0.02708333333333333,0.0075000000000000015,15.07800048828125,stock,HSBC Holdings plc
ULVR.L,0.03302120265744591,5.277778136985975e-16,0.0,0.012567091915331325,0.02708333333333333,0.0075000000000000015,46.4,stock,Unilever PLC
MSFT,1.6072905704304377e-18,0.0,3.1302949598729905e-17,0.0,0.02708333333333333,0.0075000000000000015,363.90065610220165,stock,Microsoft Corporation
ASML.AS,1.9647044636683436e-18,0.0,0.0,0.0,0.02708333333333333,0.0075000000000000015,1195.76576162674,stock,ASML Holding N.V.
SIE.DE,0.0,2.2050610936986532e-16,1.1432424864914966e-16,0.0,0.02708333333333333,0.0075000000000000015,223.10341770340017,stock,Siemens Aktiengesellschaft
BRK-B,0.00825722908648559,0.03459001306455998,0.014223244940512738,0.0214494371815375,0.02708333333333333,0.0075000000000000015,385.7955564128007,stock,Berkshire Hathaway Inc. Class B
IHYU.L,0.0,2.318371404205269e-16,4.501990702568444e-17,0.0,0.02708333333333333,0.02142857142857143,68.89842697738656,etf_bond,iShares $ High Yield Corp Bond UCITS ETF USD (Dist)
IHYG.L,3.556014021838639e-17,4.745079786474047e-16,3.900745540783661e-17,3.365736911304245e-16,0.02708333333333333,0.02142857142857143,77.293986363654,etf_bond,iShares € High Yield Corp Bond UCITS ETF EUR (Dist)
GHYS.L,0.12765173659685322,7.183356446773694e-16,0.0,3.88191388078338e-15,0.02708333333333333,0.02142857142857143,88.04,etf_bond,iShares Global High Yield Corp Bond GBP Hedged UCITS ETF (Dist)
IEMB.L,1.6160412895799764e-18,0.0,5.685571015590559e-17,0.0,0.02708333333333333,0.02142857142857143,66.89448694895886,etf_bond,iShares J.P. Morgan $ EM Bond UCITS ETF USD (Dist)
IBTM.L,0.19999999999999998,0.16344757873626156,0.09999999999999994,0.16193828671089475,0.02708333333333333,0.02142857142857143,123.92,etf_bond,iShares $ Treasury Bond 7-10yr UCITS ETF USD (Dist)
T36N,0.07234826340314676,0.0,0.0,0.0,0.02708333333333333,0.02142857142857143,96.75,gilt,4 7/8% Treasury Gilt 2036
T56,0.0,0.0,0.0,0.0,0.02708333333333333,0.02142857142857143,93.155,gilt,5 3/8% Treasury Gilt 2056
DBMG.L,0.12897464507619938,0.08655242126373937,0.09465165766671571,0.08806171328907965,0.02708333333333333,0.05,100.22,trend,iMGP DBi Managed Futures UCITS ETF R USD (Acc)
