date,IITU.L,ISF.L,SMGB.L,SGLN.L,BRNT.L,RR.L,PLTR,AZN.L,SHEL.L,HSBA.L,BRK-B,IBTM.L,DBMG.L,IPWR,VYGR,AL3.AX,ONWD.BR,LTBR,ARA.TO,SLX.AX,NYXH,ALMU,WBT.AX,VUL.AX,IDN,GELN.L,EDIT,SEYE.ST,QSI,CRBU,ALCLS.PA,GUTS,PRME,PRQR,ALMDT.PA,CU6.AX,LAES,EMV.AX,SLDP,HYT.AX,MSCL.TO,2498.HK,AXE.AX,MOLN.SW,LIS.AX,GSIT,BIOA,AISP,FTC.L,BGO.L
2025-09-24,0.019799,0.019799,0.019799,0.019800,0.019800,0.019799,0.019800,0.019799,0.019800,0.019799,0.019800,0.019799,0.019800,0.019800,0.019800,0.019799,0.019800,0.019794,0.019799,0.019799,0.019800,0.019799,0.019798,0.019799,0.019797,0.019798,0.019797,0.019799,0.019799,0.019797,0.019797,0.019799,0.019795,0.019799,0.019798,0.019798,0.019793,0.019800,0.019798,0.019798,0.019799,0.019798,0.019799,0.019800,0.019799,0.019799,0.019799,0.019798,0.019798,0.019798
2025-10-23,0.019799,0.019799,0.019799,0.019799,0.019800,0.019799,0.019799,0.019800,0.019799,0.019799,0.019800,0.019800,0.019799,0.019799,0.019799,0.019799,0.019799,0.019797,0.019796,0.019800,0.019800,0.019800,0.019798,0.019798,0.019800,0.019798,0.019797,0.019799,0.019798,0.019798,0.019799,0.019799,0.019797,0.019799,0.019800,0.019798,0.019794,0.019800,0.019797,0.019797,0.019800,0.019800,0.019799,0.019799,0.019800,0.019799,0.019799,0.019798,0.019799,0.019799
2025-11-21,0.019800,0.019799,0.019799,0.019800,0.019800,0.019800,0.019798,0.019800,0.019800,0.019799,0.019800,0.019799,0.019799,0.019799,0.019800,0.019798,0.019799,0.019797,0.019800,0.019799,0.019797,0.019799,0.019799,0.019799,0.019800,0.019800,0.019799,0.019800,0.019798,0.019799,0.019797,0.019799,0.019798,0.019798,0.019799,0.019798,0.019798,0.019800,0.019798,0.019797,0.019799,0.019799,0.019798,0.019799,0.019799,0.019800,0.019798,0.019798,0.019799,0.019799
2025-12-22,0.019799,0.019799,0.019800,0.019800,0.019799,0.019799,0.019797,0.019800,0.019800,0.019799,0.019799,0.019800,0.019800,0.019799,0.019800,0.019799,0.019800,0.019798,0.019798,0.019798,0.019799,0.019800,0.019799,0.019799,0.019797,0.019799,0.019799,0.019799,0.019799,0.019799,0.019800,0.019796,0.019799,0.019800,0.019799,0.019799,0.019800,0.019799,0.019798,0.019799,0.019799,0.019800,0.019800,0.019799,0.019800,0.019797,0.019797,0.019800,0.019798,0.019799
2026-01-23,0.019800,0.019800,0.019800,0.019800,0.019799,0.019798,0.019798,0.019799,0.019799,0.019800,0.019800,0.019799,0.019799,0.019799,0.019800,0.019799,0.019800,0.019798,0.019798,0.019799,0.019798,0.019797,0.019799,0.019799,0.019800,0.019799,0.019799,0.019799,0.019799,0.019799,0.019800,0.019797,0.019799,0.019799,0.019798,0.019798,0.019794,0.019800,0.019797,0.019798,0.019799,0.019798,0.019799,0.019799,0.019799,0.019797,0.019797,0.019800,0.019798,0.019800
2026-02-23,0.019799,0.019800,0.019799,0.019799,0.019800,0.019798,0.019800,0.019800,0.019799,0.019800,0.019799,0.019800,0.019799,0.019800,0.019800,0.019799,0.019799,0.019798,0.019794,0.019797,0.019799,0.019796,0.019797,0.019799,0.019800,0.019799,0.019799,0.019799,0.019799,0.019799,0.019799,0.019799,0.019798,0.019800,0.019797,0.019799,0.019791,0.019799,0.019800,0.019800,0.019798,0.019800,0.019799,0.019800,0.019799,0.019798,0.019799,0.019799,0.019800,0.019799
2026-03-24,0.019800,0.019800,0.019799,0.019799,0.019799,0.019800,0.019797,0.019799,0.019799,0.019799,0.019800,0.019799,0.019800,0.019800,0.019799,0.019799,0.019799,0.019798,0.019800,0.019798,0.019800,0.019797,0.019799,0.019799,0.019797,0.019799,0.019798,0.019799,0.019799,0.019798,0.019798,0.019799,0.019799,0.019799,0.019799,0.019799,0.019796,0.019799,0.019799,0.019799,0.019800,0.019799,0.019799,0.019799,0.019800,0.019798,0.019797,0.019800,0.019797,0.019800
2026-04-24,0.019800,0.019800,0.019799,0.019800,0.019800,0.019799,0.019797,0.019800,0.019800,0.019799,0.019800,0.019799,0.019799,0.019800,0.019800,0.019799,0.019799,0.019797,0.019793,0.019800,0.019799,0.019796,0.019797,0.019800,0.019797,0.019799,0.019799,0.019799,0.019799,0.019799,0.019798,0.019799,0.019799,0.019799,0.019799,0.019799,0.019795,0.019799,0.019799,0.019798,0.019799,0.019798,0.019800,0.019799,0.019799,0.019799,0.019798,0.019799,0.019797,0.019799
2026-05-27,0.019799,0.019800,0.019798,0.019799,0.019799,0.019799,0.019799,0.019799,0.019800,0.019799,0.019800,0.019800,0.019800,0.019798,0.019799,0.019799,0.019800,0.019799,0.019798,0.019800,0.019799,0.019793,0.019796,0.019799,0.019800,0.019799,0.019799,0.019799,0.019799,0.019798,0.019798,0.019799,0.019798,0.019800,0.019797,0.019800,0.019799,0.019799,0.019800,0.019800,0.019799,0.019799,0.019800,0.019799,0.019799,0.019797,0.019797,0.019799,0.019798,0.019799
2026-06-25,0.019799,0.019799,0.019799,0.019799,0.019799,0.019800,0.019799,0.019800,0.019799,0.019799,0.019799,0.019800,0.019799,0.019799,0.019800,0.019799,0.019800,0.019799,0.019795,0.019800,0.019799,0.019794,0.019797,0.019799,0.019798,0.019799,0.019799,0.019799,0.019800,0.019799,0.019800,0.019799,0.019798,0.019800,0.019797,0.019800,0.019799,0.019800,0.019798,0.019797,0.019799,0.019799,0.019800,0.019799,0.019800,0.019799,0.019798,0.019799,0.019799,0.019799
2026-07-24,0.019800,0.019800,0.019798,0.019799,0.019799,0.019798,0.019799,0.019799,0.019799,0.019798,0.019800,0.019800,0.019799,0.019799,0.019799,0.019799,0.019799,0.019798,0.019797,0.019800,0.019799,0.019799,0.019797,0.019800,0.019799,0.019799,0.019800,0.019799,0.019800,0.019798,0.019800,0.019800,0.019799,0.019799,0.019800,0.019799,0.019797,0.019799,0.019800,0.019799,0.019799,0.019799,0.019799,0.019800,0.019800,0.019799,0.019795,0.019799,0.019797,0.019799
2026-08-24,0.019798,0.019799,0.019798,0.019799,0.019798,0.019797,0.019796,0.019799,0.019799,0.019799,0.019800,0.019800,0.019800,0.019800,0.019799,0.019800,0.019800,0.019798,0.019794,0.019799,0.019800,0.019799,0.019797,0.019799,0.019800,0.019799,0.019799,0.019798,0.019799,0.019799,0.019799,0.019799,0.019800,0.019799,0.019797,0.019799,0.019797,0.019800,0.019799,0.019799,0.019799,0.019799,0.019799,0.019799,0.019800,0.019798,0.019799,0.019800,0.019799,0.019799
