date,equity_hrp,equity_equal_engine,equity_equal_pandas
2024-09-26,100000000.000000,100000000.000000,100000000.000000
2024-09-27,100000000.000000,100000000.000000,100000000.000000
2024-09-30,100000000.000000,100000000.000000,100000000.000000
2024-10-01,100000000.000000,100000000.000000,100000000.000000
2024-10-02,100000000.000000,100000000.000000,100000000.000000
2024-10-03,100000000.000000,100000000.000000,100000000.000000
2024-10-04,100000000.000000,100000000.000000,100000000.000000
2024-10-07,100000000.000000,100000000.000000,100000000.000000
2024-10-08,100000000.000000,100000000.000000,100000000.000000
2024-10-09,100000000.000000,100000000.000000,100000000.000000
2024-10-10,100000000.000000,100000000.000000,100000000.000000
2024-10-11,100000000.000000,100000000.000000,100000000.000000
2024-10-14,100000000.000000,100000000.000000,100000000.000000
2024-10-15,100000000.000000,100000000.000000,100000000.000000
2024-10-16,100000000.000000,100000000.000000,100000000.000000
2024-10-17,100000000.000000,100000000.000000,100000000.000000
2024-10-18,100000000.000000,100000000.000000,100000000.000000
2024-10-21,100000000.000000,100000000.000000,100000000.000000
2024-10-22,100000000.000000,100000000.000000,100000000.000000
2024-10-23,100000000.000000,100000000.000000,100000000.000000
2024-10-24,100000000.000000,100000000.000000,100000000.000000
2024-10-25,100000000.000000,100000000.000000,100000000.000000
2024-10-28,100000000.000000,100000000.000000,100000000.000000
2024-10-29,100000000.000000,100000000.000000,100000000.000000
2024-10-30,100000000.000000,100000000.000000,100000000.000000
2024-10-31,100000000.000000,100000000.000000,100000000.000000
2024-11-01,100000000.000000,100000000.000000,100000000.000000
2024-11-04,100000000.000000,100000000.000000,100000000.000000
2024-11-05,100000000.000000,100000000.000000,100000000.000000
2024-11-06,100000000.000000,100000000.000000,100000000.000000
2024-11-07,100000000.000000,100000000.000000,100000000.000000
2024-11-08,100000000.000000,100000000.000000,100000000.000000
2024-11-11,100000000.000000,100000000.000000,100000000.000000
2024-11-12,100000000.000000,100000000.000000,100000000.000000
2024-11-13,100000000.000000,100000000.000000,100000000.000000
2024-11-14,100000000.000000,100000000.000000,100000000.000000
2024-11-15,100000000.000000,100000000.000000,100000000.000000
2024-11-18,100000000.000000,100000000.000000,100000000.000000
2024-11-19,100000000.000000,100000000.000000,100000000.000000
2024-11-20,100000000.000000,100000000.000000,100000000.000000
2024-11-21,100000000.000000,100000000.000000,100000000.000000
2024-11-22,100000000.000000,100000000.000000,100000000.000000
2024-11-25,100000000.000000,100000000.000000,100000000.000000
2024-11-26,100000000.000000,100000000.000000,100000000.000000
2024-11-27,100000000.000000,100000000.000000,100000000.000000
2024-11-28,100000000.000000,100000000.000000,100000000.000000
2024-11-29,100000000.000000,100000000.000000,100000000.000000
2024-12-02,100000000.000000,100000000.000000,100000000.000000
2024-12-03,100000000.000000,100000000.000000,100000000.000000
2024-12-04,100000000.000000,100000000.000000,100000000.000000
2024-12-05,100000000.000000,100000000.000000,100000000.000000
2024-12-06,100000000.000000,100000000.000000,100000000.000000
2024-12-09,100000000.000000,100000000.000000,100000000.000000
2024-12-10,100000000.000000,100000000.000000,100000000.000000
2024-12-11,100000000.000000,100000000.000000,100000000.000000
2024-12-12,100000000.000000,100000000.000000,100000000.000000
2024-12-13,100000000.000000,100000000.000000,100000000.000000
2024-12-16,100000000.000000,100000000.000000,100000000.000000
2024-12-17,100000000.000000,100000000.000000,100000000.000000
2024-12-18,100000000.000000,100000000.000000,100000000.000000
2024-12-19,100000000.000000,100000000.000000,100000000.000000
2024-12-20,100000000.000000,100000000.000000,100000000.000000
2024-12-23,100000000.000000,100000000.000000,100000000.000000
2024-12-24,100000000.000000,100000000.000000,100000000.000000
2024-12-27,100000000.000000,100000000.000000,100000000.000000
2024-12-30,100000000.000000,100000000.000000,100000000.000000
2024-12-31,100000000.000000,100000000.000000,100000000.000000
2025-01-02,100000000.000000,100000000.000000,100000000.000000
2025-01-03,100000000.000000,100000000.000000,100000000.000000
2025-01-06,100000000.000000,100000000.000000,100000000.000000
2025-01-07,100000000.000000,100000000.000000,100000000.000000
2025-01-08,100000000.000000,100000000.000000,100000000.000000
2025-01-09,100000000.000000,100000000.000000,100000000.000000
2025-01-10,100000000.000000,100000000.000000,100000000.000000
2025-01-13,100000000.000000,100000000.000000,100000000.000000
2025-01-14,100000000.000000,100000000.000000,100000000.000000
2025-01-15,100000000.000000,100000000.000000,100000000.000000
2025-01-16,100000000.000000,100000000.000000,100000000.000000
2025-01-17,100000000.000000,100000000.000000,100000000.000000
2025-01-20,100000000.000000,100000000.000000,100000000.000000
2025-01-21,100000000.000000,100000000.000000,100000000.000000
2025-01-22,100000000.000000,100000000.000000,100000000.000000
2025-01-23,100000000.000000,100000000.000000,100000000.000000
2025-01-24,100000000.000000,100000000.000000,100000000.000000
2025-01-27,100000000.000000,100000000.000000,100000000.000000
2025-01-28,100000000.000000,100000000.000000,100000000.000000
2025-01-29,100000000.000000,100000000.000000,100000000.000000
2025-01-30,100000000.000000,100000000.000000,100000000.000000
2025-01-31,100000000.000000,100000000.000000,100000000.000000
2025-02-03,100000000.000000,100000000.000000,100000000.000000
2025-02-04,100000000.000000,100000000.000000,100000000.000000
2025-02-05,100000000.000000,100000000.000000,100000000.000000
2025-02-06,100000000.000000,100000000.000000,100000000.000000
2025-02-07,100000000.000000,100000000.000000,100000000.000000
2025-02-10,100000000.000000,100000000.000000,100000000.000000
2025-02-11,100000000.000000,100000000.000000,100000000.000000
2025-02-12,100000000.000000,100000000.000000,100000000.000000
2025-02-13,100000000.000000,100000000.000000,100000000.000000
2025-02-14,100000000.000000,100000000.000000,100000000.000000
2025-02-17,100000000.000000,100000000.000000,100000000.000000
2025-02-18,100000000.000000,100000000.000000,100000000.000000
2025-02-19,100000000.000000,100000000.000000,100000000.000000
2025-02-20,100000000.000000,100000000.000000,100000000.000000
2025-02-21,100000000.000000,100000000.000000,100000000.000000
2025-02-24,100000000.000000,100000000.000000,100000000.000000
2025-02-25,100000000.000000,100000000.000000,100000000.000000
2025-02-26,100000000.000000,100000000.000000,100000000.000000
2025-02-27,100000000.000000,100000000.000000,100000000.000000
2025-02-28,100000000.000000,100000000.000000,100000000.000000
2025-03-03,100000000.000000,100000000.000000,100000000.000000
2025-03-04,100000000.000000,100000000.000000,100000000.000000
2025-03-05,100000000.000000,100000000.000000,100000000.000000
2025-03-06,100000000.000000,100000000.000000,100000000.000000
2025-03-07,100000000.000000,100000000.000000,100000000.000000
2025-03-10,100000000.000000,100000000.000000,100000000.000000
2025-03-11,100000000.000000,100000000.000000,100000000.000000
2025-03-12,100000000.000000,100000000.000000,100000000.000000
2025-03-13,100000000.000000,100000000.000000,100000000.000000
2025-03-14,100000000.000000,100000000.000000,100000000.000000
2025-03-17,100000000.000000,100000000.000000,100000000.000000
2025-03-18,100000000.000000,100000000.000000,100000000.000000
2025-03-19,100000000.000000,100000000.000000,100000000.000000
2025-03-20,100000000.000000,100000000.000000,100000000.000000
2025-03-21,100000000.000000,100000000.000000,100000000.000000
2025-03-24,100000000.000000,100000000.000000,100000000.000000
2025-03-25,100000000.000000,100000000.000000,100000000.000000
2025-03-26,100000000.000000,100000000.000000,100000000.000000
2025-03-27,100000000.000000,100000000.000000,100000000.000000
2025-03-28,100000000.000000,100000000.000000,100000000.000000
2025-03-31,100000000.000000,100000000.000000,100000000.000000
2025-04-01,100000000.000000,100000000.000000,100000000.000000
2025-04-02,100000000.000000,100000000.000000,100000000.000000
2025-04-03,100000000.000000,100000000.000000,100000000.000000
2025-04-04,100000000.000000,100000000.000000,100000000.000000
2025-04-07,100000000.000000,100000000.000000,100000000.000000
2025-04-08,100000000.000000,100000000.000000,100000000.000000
2025-04-09,100000000.000000,100000000.000000,100000000.000000
2025-04-10,100000000.000000,100000000.000000,100000000.000000
2025-04-11,100000000.000000,100000000.000000,100000000.000000
2025-04-14,100000000.000000,100000000.000000,100000000.000000
2025-04-15,100000000.000000,100000000.000000,100000000.000000
2025-04-16,100000000.000000,100000000.000000,100000000.000000
2025-04-17,100000000.000000,100000000.000000,100000000.000000
2025-04-22,100000000.000000,100000000.000000,100000000.000000
2025-04-23,100000000.000000,100000000.000000,100000000.000000
2025-04-24,100000000.000000,100000000.000000,100000000.000000
2025-04-25,100000000.000000,100000000.000000,100000000.000000
2025-04-28,100000000.000000,100000000.000000,100000000.000000
2025-04-29,100000000.000000,100000000.000000,100000000.000000
2025-04-30,100000000.000000,100000000.000000,100000000.000000
2025-05-01,100000000.000000,100000000.000000,100000000.000000
2025-05-02,100000000.000000,100000000.000000,100000000.000000
2025-05-06,100000000.000000,100000000.000000,100000000.000000
2025-05-07,100000000.000000,100000000.000000,100000000.000000
2025-05-08,100000000.000000,100000000.000000,100000000.000000
2025-05-09,100000000.000000,100000000.000000,100000000.000000
2025-05-12,100000000.000000,100000000.000000,100000000.000000
2025-05-13,100000000.000000,100000000.000000,100000000.000000
2025-05-14,100000000.000000,100000000.000000,100000000.000000
2025-05-15,100000000.000000,100000000.000000,100000000.000000
2025-05-16,100000000.000000,100000000.000000,100000000.000000
2025-05-19,100000000.000000,100000000.000000,100000000.000000
2025-05-20,100000000.000000,100000000.000000,100000000.000000
2025-05-21,100000000.000000,100000000.000000,100000000.000000
2025-05-22,100000000.000000,100000000.000000,100000000.000000
2025-05-23,100000000.000000,100000000.000000,100000000.000000
2025-05-27,100000000.000000,100000000.000000,100000000.000000
2025-05-28,100000000.000000,100000000.000000,100000000.000000
2025-05-29,100000000.000000,100000000.000000,100000000.000000
2025-05-30,100000000.000000,100000000.000000,100000000.000000
2025-06-02,100000000.000000,100000000.000000,100000000.000000
2025-06-03,100000000.000000,100000000.000000,100000000.000000
2025-06-04,100000000.000000,100000000.000000,100000000.000000
2025-06-05,100000000.000000,100000000.000000,100000000.000000
2025-06-06,100000000.000000,100000000.000000,100000000.000000
2025-06-09,100000000.000000,100000000.000000,100000000.000000
2025-06-10,100000000.000000,100000000.000000,100000000.000000
2025-06-11,100000000.000000,100000000.000000,100000000.000000
2025-06-12,100000000.000000,100000000.000000,100000000.000000
2025-06-13,100000000.000000,100000000.000000,100000000.000000
2025-06-16,100000000.000000,100000000.000000,100000000.000000
2025-06-17,100000000.000000,100000000.000000,100000000.000000
2025-06-18,100000000.000000,100000000.000000,100000000.000000
2025-06-19,100000000.000000,100000000.000000,100000000.000000
2025-06-20,100000000.000000,100000000.000000,100000000.000000
2025-06-23,100000000.000000,100000000.000000,100000000.000000
2025-06-24,100000000.000000,100000000.000000,100000000.000000
2025-06-25,100000000.000000,100000000.000000,100000000.000000
2025-06-26,100000000.000000,100000000.000000,100000000.000000
2025-06-27,100000000.000000,100000000.000000,100000000.000000
2025-06-30,100000000.000000,100000000.000000,100000000.000000
2025-07-01,100000000.000000,100000000.000000,100000000.000000
2025-07-02,100000000.000000,100000000.000000,100000000.000000
2025-07-03,100000000.000000,100000000.000000,100000000.000000
2025-07-04,100000000.000000,100000000.000000,100000000.000000
2025-07-07,100000000.000000,100000000.000000,100000000.000000
2025-07-08,100000000.000000,100000000.000000,100000000.000000
2025-07-09,100000000.000000,100000000.000000,100000000.000000
2025-07-10,100000000.000000,100000000.000000,100000000.000000
2025-07-11,100000000.000000,100000000.000000,100000000.000000
2025-07-14,100000000.000000,100000000.000000,100000000.000000
2025-07-15,100000000.000000,100000000.000000,100000000.000000
2025-07-16,100000000.000000,100000000.000000,100000000.000000
2025-07-17,100000000.000000,100000000.000000,100000000.000000
2025-07-18,100000000.000000,100000000.000000,100000000.000000
2025-07-21,100000000.000000,100000000.000000,100000000.000000
2025-07-22,100000000.000000,100000000.000000,100000000.000000
2025-07-23,100000000.000000,100000000.000000,100000000.000000
2025-07-24,100000000.000000,100000000.000000,100000000.000000
2025-07-25,100000000.000000,100000000.000000,100000000.000000
2025-07-28,100000000.000000,100000000.000000,100000000.000000
2025-07-29,100000000.000000,100000000.000000,100000000.000000
2025-07-30,100000000.000000,100000000.000000,100000000.000000
2025-07-31,100000000.000000,100000000.000000,100000000.000000
2025-08-01,100000000.000000,100000000.000000,100000000.000000
2025-08-04,100000000.000000,100000000.000000,100000000.000000
2025-08-05,100000000.000000,100000000.000000,100000000.000000
2025-08-06,100000000.000000,100000000.000000,100000000.000000
2025-08-07,100000000.000000,100000000.000000,100000000.000000
2025-08-08,100000000.000000,100000000.000000,100000000.000000
2025-08-11,100000000.000000,100000000.000000,100000000.000000
2025-08-12,100000000.000000,100000000.000000,100000000.000000
2025-08-13,100000000.000000,100000000.000000,100000000.000000
2025-08-14,100000000.000000,100000000.000000,100000000.000000
2025-08-15,100000000.000000,100000000.000000,100000000.000000
2025-08-18,100000000.000000,100000000.000000,100000000.000000
2025-08-19,100000000.000000,100000000.000000,100000000.000000
2025-08-20,100000000.000000,100000000.000000,100000000.000000
2025-08-21,100000000.000000,100000000.000000,100000000.000000
2025-08-22,100000000.000000,100000000.000000,100000000.000000
2025-08-26,100000000.000000,100000000.000000,100000000.000000
2025-08-27,100000000.000000,100000000.000000,100000000.000000
2025-08-28,100000000.000000,100000000.000000,100000000.000000
2025-08-29,100000000.000000,100000000.000000,100000000.000000
2025-09-01,100000000.000000,100000000.000000,100000000.000000
2025-09-02,100000000.000000,100000000.000000,100000000.000000
2025-09-03,100000000.000000,100000000.000000,100000000.000000
2025-09-04,100000000.000000,100000000.000000,100000000.000000
2025-09-05,100000000.000000,100000000.000000,100000000.000000
2025-09-08,100000000.000000,100000000.000000,100000000.000000
2025-09-09,100000000.000000,100000000.000000,100000000.000000
2025-09-10,100000000.000000,100000000.000000,100000000.000000
2025-09-11,100000000.000000,100000000.000000,100000000.000000
2025-09-12,100000000.000000,100000000.000000,100000000.000000
2025-09-15,100000000.000000,100000000.000000,100000000.000000
2025-09-16,100000000.000000,100000000.000000,100000000.000000
2025-09-17,100000000.000000,100000000.000000,100000000.000000
2025-09-18,100000000.000000,100000000.000000,100000000.000000
2025-09-19,100000000.000000,100000000.000000,100000000.000000
2025-09-22,100000000.000000,100000000.000000,100000000.000000
2025-09-23,100000000.000000,100000000.000000,100000000.000000
2025-09-24,100000000.000000,100000000.000000,100000000.000000
2025-09-25,100147708.570000,99633838.740000,99629880.270000
2025-09-26,100253398.590000,101144038.980000,101155805.910000
2025-09-29,100256480.180000,101053833.900000,101064751.830000
2025-09-30,100228511.180000,101008925.110000,101018962.040000
2025-10-01,100709109.630000,102958286.810000,102988761.720000
2025-10-02,101291176.930000,105548133.540000,105604523.100000
2025-10-03,101695502.930000,108083836.340000,108166223.650000
2025-10-06,102182816.830000,110333797.010000,110439140.850000
2025-10-07,102616958.120000,110476153.660000,110582628.460000
2025-10-08,103476703.480000,112164452.170000,112288496.820000
2025-10-09,103705187.480000,112664253.600000,112793662.470000
2025-10-10,102823684.040000,111262257.080000,111377245.860000
2025-10-13,103044838.640000,112391932.120000,112518969.820000
2025-10-14,103871493.620000,114689231.740000,114839277.520000
2025-10-15,103855037.190000,117262152.900000,117438480.970000
2025-10-16,103513462.070000,114102649.450000,114246685.250000
2025-10-17,103203461.490000,111415831.010000,111532415.150000
2025-10-20,104521863.650000,117417870.380000,117595442.130000
2025-10-21,104212550.340000,114949409.240000,115101634.030000
2025-10-22,104024092.800000,113187156.830000,113321373.420000
2025-10-23,104801642.820000,115093981.910000,115247999.410000
2025-10-24,104976032.180000,116402394.230000,116289054.330000
2025-10-27,104998954.170000,117367313.230000,118100643.890000
2025-10-28,105126178.150000,115988519.020000,116378409.900000
2025-10-29,105676138.670000,116865050.820000,117360109.190000
2025-10-30,105785095.700000,116824434.290000,117365255.400000
2025-10-31,105843028.520000,118184980.390000,118298600.480000
2025-11-03,105583101.170000,116389131.630000,116427979.390000
2025-11-04,105839502.740000,112126695.510000,111629176.730000
2025-11-05,105775120.730000,113616027.380000,113521946.990000
2025-11-06,105412993.840000,110239463.390000,109602883.300000
2025-11-07,104787342.170000,108234140.940000,107590015.430000
2025-11-10,105558016.770000,111455892.680000,110856334.440000
2025-11-11,105902944.620000,111116464.460000,110329065.170000
2025-11-12,106594405.860000,111368403.270000,110545976.120000
2025-11-13,105915832.200000,108462889.410000,107033423.910000
2025-11-14,105632229.400000,107681162.080000,106120378.240000
2025-11-17,105281274.790000,107617154.980000,106115855.440000
2025-11-18,104953981.250000,106368026.700000,104661657.780000
2025-11-19,105447662.290000,106313930.120000,104141839.620000
2025-11-20,105623695.060000,106263637.990000,104115916.340000
2025-11-21,105170361.420000,103664863.200000,101420814.400000
2025-11-24,105694262.910000,106020517.500000,103702367.160000
2025-11-25,105589788.480000,106641390.160000,104197010.610000
2025-11-26,105781736.840000,107416566.410000,105030945.890000
2025-11-27,105677519.720000,107030319.540000,104584825.060000
2025-11-28,106038307.940000,108610427.410000,106207637.480000
2025-12-01,105492974.920000,105610965.100000,103311521.450000
2025-12-02,105539213.280000,105745933.640000,103640917.200000
2025-12-03,104877099.190000,108022670.760000,105926604.100000
2025-12-04,104789407.250000,109354962.950000,107288902.310000
2025-12-05,104863194.300000,109314582.390000,107489280.640000
2025-12-08,104659771.390000,109847241.530000,108049149.320000
2025-12-09,104674487.640000,109940558.660000,108290655.780000
2025-12-10,104682931.190000,110698741.540000,108913575.840000
2025-12-11,104602853.630000,110197980.240000,108446893.970000
2025-12-12,104665058.700000,108302209.650000,106427832.140000
2025-12-15,104805253.110000,106803499.440000,105009642.900000
2025-12-16,104164540.600000,105871690.120000,104014975.270000
2025-12-17,104407162.830000,104013954.070000,102347540.430000
2025-12-18,104902217.290000,104996018.100000,103541373.760000
2025-12-19,105280005.710000,107430764.770000,106153553.550000
2025-12-22,105338957.870000,108913797.850000,107667395.060000
2025-12-23,105186960.130000,108185459.430000,106779192.960000
2025-12-24,104976220.130000,108633725.140000,107315439.500000
2025-12-29,105258427.570000,109054654.020000,108415497.590000
2025-12-30,105508951.440000,108074724.250000,107002928.130000
2025-12-31,105479736.940000,108174857.660000,106923208.670000
2026-01-02,105337962.800000,109786697.910000,108180560.160000
2026-01-05,105893781.170000,112468945.750000,110373950.890000
2026-01-06,106335827.730000,113099415.990000,111028187.850000
2026-01-07,106624468.580000,114350787.350000,112259483.360000
2026-01-08,106693464.060000,114552128.770000,112232076.620000
2026-01-09,107255475.260000,114625269.200000,112234302.660000
2026-01-12,107452055.990000,116137989.620000,114406369.580000
2026-01-13,108076825.590000,116685351.470000,115625065.680000
2026-01-14,108050583.750000,117130211.300000,116554893.450000
2026-01-15,107993412.240000,116278590.660000,115489373.220000
2026-01-16,107868187.450000,117312317.470000,115888786.010000
2026-01-19,107174642.290000,116211306.310000,114957281.420000
2026-01-20,107020604.080000,115285078.060000,114685858.520000
2026-01-21,107443447.490000,115271798.590000,114142977.010000
2026-01-22,107877398.660000,119100498.690000,117662394.320000
2026-01-23,107559655.770000,118275451.310000,117307271.760000
2026-01-26,106881641.820000,115652767.310000,114797943.960000
2026-01-27,106854082.690000,116823014.080000,116234257.460000
2026-01-28,106689725.440000,114997928.900000,114036744.780000
2026-01-29,106867815.980000,113226189.850000,110833966.510000
2026-01-30,106720483.730000,110847036.880000,108298449.020000
2026-02-02,106822104.260000,110980721.720000,108811505.220000
2026-02-03,106793702.960000,111064227.110000,109216667.150000
2026-02-04,107187155.460000,108340334.630000,106740693.000000
2026-02-05,107302911.210000,105229366.380000,103738894.090000
2026-02-06,107676510.110000,107406181.110000,105716967.850000
2026-02-09,108053384.680000,109632055.780000,108294740.460000
2026-02-10,108179079.270000,109264278.410000,107979645.070000
2026-02-11,108702401.820000,109119625.610000,108112951.260000
2026-02-12,108186961.760000,106574553.250000,105828802.950000
2026-02-13,108614087.130000,106359607.790000,105100279.580000
2026-02-16,108783652.260000,106932825.450000,105658367.420000
2026-02-17,109159006.770000,106354573.530000,105012124.940000
2026-02-18,109816968.220000,107605019.140000,106254305.640000
2026-02-19,110470288.690000,108849147.960000,107535543.920000
2026-02-20,110532862.420000,109327157.670000,107902567.990000
2026-02-23,110816308.750000,108984931.410000,107680077.260000
2026-02-24,110800787.110000,110925849.650000,109141052.230000
2026-02-25,111518774.160000,113316588.460000,111462312.160000
2026-02-26,111781542.600000,113859010.270000,112019814.720000
2026-02-27,112516085.340000,113147772.120000,111682128.010000
2026-03-02,112354651.010000,114251607.960000,112559375.360000
2026-03-03,111051197.760000,111315832.180000,109385425.690000
2026-03-04,111112143.800000,111943456.270000,110193094.810000
2026-03-05,110850228.380000,110689131.050000,109068240.390000
2026-03-06,110589642.430000,109669205.240000,107918364.790000
2026-03-09,110367326.660000,110105118.140000,107792365.460000
2026-03-10,110807149.330000,111843263.700000,109312648.820000
2026-03-11,110598198.030000,112339868.780000,109671171.820000
2026-03-12,110531436.510000,110379834.670000,107727880.950000
2026-03-13,110404019.360000,108640133.870000,105835941.530000
2026-03-16,110486529.170000,108847066.100000,106873212.990000
2026-03-17,110881509.250000,108425686.810000,106030900.800000
2026-03-18,110535595.890000,106687999.120000,103945405.110000
2026-03-19,108947524.140000,105173448.910000,103075562.320000
2026-03-20,108069236.680000,103167703.730000,100569032.400000
2026-03-23,107233093.070000,103748834.600000,100444894.210000
2026-03-24,107218648.610000,101878754.360000,98351286.270000
2026-03-25,108028976.650000,104200171.110000,100475432.030000
2026-03-26,107542361.350000,102687904.370000,98983873.160000
2026-03-27,107734046.760000,99822046.840000,96493154.340000
2026-03-30,108814872.040000,98787365.030000,95658395.890000
2026-03-31,109541414.090000,102744555.570000,99294898.540000
2026-04-01,109860755.770000,104553603.800000,100971019.540000
2026-04-02,110270329.590000,104433566.560000,100802823.520000
2026-04-07,109931183.250000,103049616.940000,99779865.630000
2026-04-08,109869987.860000,105575934.900000,102112845.060000
2026-04-09,110146927.510000,105160272.760000,101737562.660000
2026-04-10,109838583.770000,104348569.540000,100769680.580000
2026-04-13,109991573.900000,106687327.510000,102690279.900000
2026-04-14,109621493.720000,108155076.780000,103881011.850000
2026-04-15,109707737.710000,110566468.310000,105745202.020000
2026-04-16,110209694.450000,111865965.880000,107308736.340000
2026-04-17,110532520.010000,113842871.700000,109018564.450000
2026-04-20,110673086.010000,113850896.390000,109189908.280000
2026-04-21,110319412.930000,113771393.540000,109363233.620000
2026-04-22,110666061.430000,116963796.430000,111816031.140000
2026-04-23,110590087.890000,114280601.600000,109536054.540000
2026-04-24,110518069.920000,114525463.200000,109895252.220000
2026-04-27,109994660.660000,114256144.220000,110069070.520000
2026-04-28,109985171.240000,112792904.690000,108594090.770000
2026-04-29,109671160.740000,111142026.950000,107257154.380000
2026-04-30,109625827.000000,113229448.630000,109189611.140000
2026-05-01,109473883.510000,113457789.600000,109326316.120000
2026-05-05,109466031.180000,114902602.050000,111070944.500000
2026-05-06,110223862.690000,117167736.740000,113204251.050000
2026-05-07,110059873.430000,115835798.900000,112288487.860000
2026-05-08,109963853.230000,115897071.320000,112436237.110000
2026-05-11,110135828.450000,118831419.060000,115884739.170000
2026-05-12,110422403.620000,117464625.290000,114738935.680000
2026-05-13,110670386.340000,119493732.970000,116755499.650000
2026-05-14,111323824.130000,120658337.810000,117367342.110000
2026-05-15,111192192.220000,118114775.570000,115036232.910000
2026-05-18,110952608.250000,115395914.100000,112152212.080000
2026-05-19,110378309.060000,114011064.630000,111449364.430000
2026-05-20,110848203.860000,115077370.830000,112371358.370000
2026-05-21,111051323.950000,117157485.410000,113827141.390000
2026-05-22,111240396.200000,118585630.220000,114794189.730000
2026-05-26,111676306.270000,120592645.170000,116932385.100000
2026-05-27,112047378.190000,123342995.890000,119019432.880000
2026-05-28,111919981.880000,123780608.890000,118728263.400000
2026-05-29,111957229.440000,123868539.190000,118522845.090000
2026-06-01,111895277.950000,124980209.750000,120139817.600000
2026-06-02,111886721.530000,123773946.210000,118719753.960000
2026-06-03,111671189.010000,120641955.490000,115063013.620000
2026-06-04,111870396.400000,121504302.850000,116004500.660000
2026-06-05,111241620.520000,114898609.230000,110420875.380000
2026-06-08,111476017.840000,115628589.540000,111613060.260000
2026-06-09,110477421.480000,112727790.140000,108286133.980000
2026-06-10,110171939.210000,110436015.650000,105609595.120000
2026-06-11,110788865.140000,112259480.850000,107422944.310000
2026-06-12,110834497.910000,112852244.660000,108722131.270000
2026-06-15,111156140.640000,115176956.650000,111626860.820000
2026-06-16,111173240.770000,114074925.240000,111289131.170000
2026-06-17,111376805.420000,114880230.760000,111886297.480000
2026-06-18,112092489.470000,116349972.710000,113482088.410000
2026-06-19,112092135.970000,116810400.150000,114103519.490000
2026-06-22,111896930.130000,115844911.420000,113333624.150000
2026-06-23,112035293.080000,114536084.680000,111666496.400000
2026-06-24,112419948.340000,112802819.360000,109896918.120000
2026-06-25,112160072.390000,111562865.200000,108605941.730000
2026-06-26,112233878.700000,111213242.040000,108208441.000000
2026-06-29,112140912.360000,113515162.150000,110466489.270000
2026-06-30,112383807.590000,114470047.260000,111881131.570000
2026-07-01,112030283.020000,115146091.550000,111726072.380000
2026-07-02,112020698.260000,114336728.810000,110670531.090000
2026-07-03,112171154.300000,114148581.340000,110231389.610000
2026-07-06,112004710.160000,114248900.450000,110146159.270000
2026-07-07,111417929.750000,111939220.080000,107883899.180000
2026-07-08,110822279.480000,111911766.310000,107528703.110000
2026-07-09,111069444.030000,112980886.240000,109061509.750000
2026-07-10,110750897.660000,112087697.000000,108615900.730000
2026-07-13,110561246.800000,109340178.890000,105151400.600000
2026-07-14,110722460.910000,109517895.980000,105837145.670000
2026-07-15,110242757.140000,109613112.050000,105667920.710000
2026-07-16,110057964.160000,106565432.770000,102516875.380000
2026-07-17,110105579.730000,105224684.560000,101255314.170000
2026-07-20,110071202.830000,105153064.220000,100859349.540000
2026-07-21,110646499.230000,106593437.190000,102543085.550000
2026-07-22,111098507.290000,107224863.070000,103057252.760000
2026-07-23,111035846.220000,106723160.880000,102773420.410000
2026-07-24,111178362.720000,105273637.970000,101634093.420000
2026-07-27,111438462.400000,105711888.390000,101449226.560000
2026-07-28,111883171.430000,104375360.530000,100283969.680000
2026-07-29,111718086.500000,102722382.720000,98950152.370000
2026-07-30,110654266.590000,103727393.570000,100725593.890000
2026-07-31,110268986.400000,102670437.320000,95150872.890000
2026-08-03,110439832.030000,104091688.390000,96619662.530000
2026-08-04,110919046.050000,105952683.620000,98191070.830000
2026-08-05,110936266.110000,105812407.920000,98119026.270000
2026-08-06,111052519.580000,105902733.620000,98538512.800000
2026-08-07,111000635.700000,107643094.910000,99721725.030000
2026-08-10,110913750.910000,107597073.020000,99821455.420000
2026-08-11,110756260.550000,108541089.130000,100264810.210000
2026-08-12,110877927.900000,108704333.820000,100744079.610000
2026-08-13,110969444.560000,108633739.720000,100903036.390000
2026-08-14,110354970.480000,108390553.200000,100664776.250000
2026-08-17,110137694.110000,107735921.460000,100159081.430000
2026-08-18,110331631.370000,107086533.010000,99477862.070000
2026-08-19,110237329.340000,107870520.580000,99899193.430000
2026-08-20,109811738.320000,106740183.560000,98736278.140000
2026-08-21,109863007.690000,107628913.050000,99304852.960000
2026-08-24,110000533.750000,106386879.130000,98188202.180000
2026-08-25,110509140.380000,108921623.120000,99796241.680000
2026-08-26,110423128.170000,107415105.580000,98532437.190000
2026-08-27,110412299.940000,108125240.280000,99037534.420000
2026-08-28,110436739.170000,106781405.070000,97715199.030000
2026-09-01,110141637.420000,105107766.870000,96092080.280000
2026-09-02,110201309.050000,104906621.800000,95748654.400000
2026-09-03,110624983.660000,105905436.320000,96414949.220000
2026-09-04,110513500.560000,105933338.530000,96688143.500000
2026-09-07,110254513.570000,105909175.240000,96760161.370000
2026-09-08,110116763.440000,105506865.650000,96574871.570000
2026-09-09,109926059.490000,105070319.840000,96484146.630000
2026-09-10,109482570.190000,102991056.200000,94608263.190000
2026-09-11,109524263.240000,101803430.210000,93588866.960000
2026-09-14,109587637.960000,99638511.240000,91660564.900000
2026-09-15,109467078.580000,98624615.590000,90714627.260000
2026-09-16,109764464.580000,98307763.930000,90687856.850000
