as_of,symbol,qty,last,value,cash
2026-09-16,IITU.L,15810.0,108.08,1708744.8,936860.7000000001
2026-09-16,ISF.L,16494.0,103.79,1711912.26,936860.7000000001
2026-09-16,SMGB.L,15376.0,106.98,1644924.48,936860.7000000001
2026-09-16,SGLN.L,15687.0,108.55,1702823.8499999999,936860.7000000001
2026-09-16,BRNT.L,11954.0,149.64,1788796.5599999998,936860.7000000001
2026-09-16,RR.L,15418.0,110.57,1704768.26,936860.7000000001
2026-09-16,PLTR,11137.0,158.82,1768778.3399999999,936860.7000000001
2026-09-16,SPCX,12642.0,139.12,1758755.04,936860.7000000001
2026-09-16,AZN.L,16777.0,106.24,1782388.48,936860.7000000001
2026-09-16,SHEL.L,13903.0,125.6,1746216.7999999998,936860.7000000001
2026-09-16,HSBA.L,15088.0,110.37,1665262.56,936860.7000000001
2026-09-16,BRK-B,16621.0,106.16,1764485.3599999999,936860.7000000001
2026-09-16,IBTM.L,17012.0,100.46,1709025.5199999998,936860.7000000001
2026-09-16,DBMG.L,16853.0,104.12,1754734.36,936860.7000000001
2026-09-16,IPWR,11997.0,114.51,1373776.47,936860.7000000001
2026-09-16,VYGR,15855.0,101.8,1614039.0,936860.7000000001
2026-09-16,AL3.AX,10779.0,146.6,1580201.4,936860.7000000001
2026-09-16,ONWD.BR,13993.0,122.4,1712743.2000000002,936860.7000000001
2026-09-16,LTBR,14758.0,100.0,1475800.0,936860.7000000001
2026-09-16,ARA.TO,15669.0,112.61,1764486.09,936860.7000000001
2026-09-16,SLX.AX,13856.0,106.7,1478435.2,936860.7000000001
2026-09-16,NYXH,14827.0,118.29,1753885.83,936860.7000000001
2026-09-16,ALMU,16023.0,108.4,1736893.2000000002,936860.7000000001
2026-09-16,WBT.AX,14937.0,101.04,1509234.48,936860.7000000001
2026-09-16,VUL.AX,14617.0,100.04,1462284.6800000002,936860.7000000001
2026-09-16,IDN,15447.0,100.0,1544700.0,936860.7000000001
2026-09-16,GELN.L,14593.0,100.0,1459300.0,936860.7000000001
2026-09-16,EDIT,14716.0,114.34,1682627.44,936860.7000000001
2026-09-16,SEYE.ST,16787.0,100.0,1678700.0,936860.7000000001
2026-09-16,QSI,16324.0,102.55,1674026.2,936860.7000000001
2026-09-16,CRBU,14931.0,100.0,1493100.0,936860.7000000001
2026-09-16,ALCLS.PA,7169.0,100.0,716900.0,936860.7000000001
2026-09-16,GUTS,15130.0,100.0,1513000.0,936860.7000000001
2026-09-16,PRME,13816.0,107.63,1487016.0799999998,936860.7000000001
2026-09-16,PRQR,12501.0,128.59,1607503.59,936860.7000000001
2026-09-16,ALMDT.PA,15607.0,104.39,1629214.73,936860.7000000001
2026-09-16,CU6.AX,12914.0,116.4,1503189.6,936860.7000000001
2026-09-16,LAES,15695.0,100.0,1569500.0,936860.7000000001
2026-09-16,IMSR,13740.0,100.0,1374000.0,936860.7000000001
2026-09-16,EMV.AX,13827.0,118.32,1636010.64,936860.7000000001
2026-09-16,SLDP,14296.0,117.85,1684783.5999999999,936860.7000000001
2026-09-16,HYT.AX,12911.0,121.35,1566749.8499999999,936860.7000000001
2026-09-16,MSCL.TO,9690.0,164.85,1597396.5,936860.7000000001
2026-09-16,2498.HK,15282.0,101.08,1544704.56,936860.7000000001
2026-09-16,GFUZ,14014.0,115.1,1613011.4,936860.7000000001
2026-09-16,AXE.AX,16088.0,102.73,1652720.24,936860.7000000001
2026-09-16,MOLN.SW,15375.0,102.52,1576245.0,936860.7000000001
2026-09-16,LIS.AX,11718.0,131.68,1543026.24,936860.7000000001
2026-09-16,GSIT,14774.0,100.0,1477400.0,936860.7000000001
2026-09-16,BIOA,14536.0,100.0,1453600.0,936860.7000000001
2026-09-16,AISP,14691.0,109.86,1613953.26,936860.7000000001
2026-09-16,FTC.L,13397.0,112.29,1504349.1300000001,936860.7000000001
2026-09-16,BTQ,15334.0,100.0,1533400.0,936860.7000000001
2026-09-16,BGO.L,15136.0,108.7,1645283.2,936860.7000000001
