date,equity_own_weights,equity_own_weights_8020,equity_equal_weight,equity_hrp_optimised,equity_own_weights_engine,equity_own_weights_8020_engine,equity_equal_weight_engine,equity_hrp_optimised_engine
2024-09-26,200000.000000,200000.000000,200000.000000,200000.000000,100000000.000000,100000000.000000,100000000.000000,100000000.000000
2024-09-27,200000.000000,200000.000000,200000.000000,200000.000000,100000000.000000,100000000.000000,100000000.000000,100000000.000000
2024-09-30,200000.000000,200000.000000,200000.000000,200000.000000,100000000.000000,100000000.000000,100000000.000000,100000000.000000
2024-10-01,200000.000000,200000.000000,200000.000000,200000.000000,100000000.000000,100000000.000000,100000000.000000,100000000.000000
2024-10-02,200000.000000,200000.000000,200000.000000,200000.000000,100000000.000000,100000000.000000,100000000.000000,100000000.000000
2024-10-03,200000.000000,200000.000000,200000.000000,200000.000000,100000000.000000,100000000.000000,100000000.000000,100000000.000000
2024-10-04,200000.000000,200000.000000,200000.000000,200000.000000,100000000.000000,100000000.000000,100000000.000000,100000000.000000
2024-10-07,200000.000000,200000.000000,200000.000000,200000.000000,100000000.000000,100000000.000000,100000000.000000,100000000.000000
2024-10-08,200000.000000,200000.000000,200000.000000,200000.000000,100000000.000000,100000000.000000,100000000.000000,100000000.000000
2024-10-09,200000.000000,200000.000000,200000.000000,200000.000000,100000000.000000,100000000.000000,100000000.000000,100000000.000000
2024-10-10,200000.000000,200000.000000,200000.000000,200000.000000,100000000.000000,100000000.000000,100000000.000000,100000000.000000
2024-10-11,200000.000000,200000.000000,200000.000000,200000.000000,100000000.000000,100000000.000000,100000000.000000,100000000.000000
2024-10-14,200000.000000,200000.000000,200000.000000,200000.000000,100000000.000000,100000000.000000,100000000.000000,100000000.000000
2024-10-15,200000.000000,200000.000000,200000.000000,200000.000000,100000000.000000,100000000.000000,100000000.000000,100000000.000000
2024-10-16,200000.000000,200000.000000,200000.000000,200000.000000,100000000.000000,100000000.000000,100000000.000000,100000000.000000
2024-10-17,200000.000000,200000.000000,200000.000000,200000.000000,100000000.000000,100000000.000000,100000000.000000,100000000.000000
2024-10-18,200000.000000,200000.000000,200000.000000,200000.000000,100000000.000000,100000000.000000,100000000.000000,100000000.000000
2024-10-21,200000.000000,200000.000000,200000.000000,200000.000000,100000000.000000,100000000.000000,100000000.000000,100000000.000000
2024-10-22,200000.000000,200000.000000,200000.000000,200000.000000,100000000.000000,100000000.000000,100000000.000000,100000000.000000
2024-10-23,200000.000000,200000.000000,200000.000000,200000.000000,100000000.000000,100000000.000000,100000000.000000,100000000.000000
2024-10-24,200000.000000,200000.000000,200000.000000,200000.000000,100000000.000000,100000000.000000,100000000.000000,100000000.000000
2024-10-25,200000.000000,200000.000000,200000.000000,200000.000000,100000000.000000,100000000.000000,100000000.000000,100000000.000000
2024-10-28,200000.000000,200000.000000,200000.000000,200000.000000,100000000.000000,100000000.000000,100000000.000000,100000000.000000
2024-10-29,200000.000000,200000.000000,200000.000000,200000.000000,100000000.000000,100000000.000000,100000000.000000,100000000.000000
2024-10-30,200000.000000,200000.000000,200000.000000,200000.000000,100000000.000000,100000000.000000,100000000.000000,100000000.000000
2024-10-31,200000.000000,200000.000000,200000.000000,200000.000000,100000000.000000,100000000.000000,100000000.000000,100000000.000000
2024-11-01,200000.000000,200000.000000,200000.000000,200000.000000,100000000.000000,100000000.000000,100000000.000000,100000000.000000
2024-11-04,200000.000000,200000.000000,200000.000000,200000.000000,100000000.000000,100000000.000000,100000000.000000,100000000.000000
2024-11-05,200000.000000,200000.000000,200000.000000,200000.000000,100000000.000000,100000000.000000,100000000.000000,100000000.000000
2024-11-06,200000.000000,200000.000000,200000.000000,200000.000000,100000000.000000,100000000.000000,100000000.000000,100000000.000000
2024-11-07,200000.000000,200000.000000,200000.000000,200000.000000,100000000.000000,100000000.000000,100000000.000000,100000000.000000
2024-11-08,200000.000000,200000.000000,200000.000000,200000.000000,100000000.000000,100000000.000000,100000000.000000,100000000.000000
2024-11-11,200000.000000,200000.000000,200000.000000,200000.000000,100000000.000000,100000000.000000,100000000.000000,100000000.000000
2024-11-12,200000.000000,200000.000000,200000.000000,200000.000000,100000000.000000,100000000.000000,100000000.000000,100000000.000000
2024-11-13,200000.000000,200000.000000,200000.000000,200000.000000,100000000.000000,100000000.000000,100000000.000000,100000000.000000
2024-11-14,200000.000000,200000.000000,200000.000000,200000.000000,100000000.000000,100000000.000000,100000000.000000,100000000.000000
2024-11-15,200000.000000,200000.000000,200000.000000,200000.000000,100000000.000000,100000000.000000,100000000.000000,100000000.000000
2024-11-18,200000.000000,200000.000000,200000.000000,200000.000000,100000000.000000,100000000.000000,100000000.000000,100000000.000000
2024-11-19,200000.000000,200000.000000,200000.000000,200000.000000,100000000.000000,100000000.000000,100000000.000000,100000000.000000
2024-11-20,200000.000000,200000.000000,200000.000000,200000.000000,100000000.000000,100000000.000000,100000000.000000,100000000.000000
2024-11-21,200000.000000,200000.000000,200000.000000,200000.000000,100000000.000000,100000000.000000,100000000.000000,100000000.000000
2024-11-22,200000.000000,200000.000000,200000.000000,200000.000000,100000000.000000,100000000.000000,100000000.000000,100000000.000000
2024-11-25,200000.000000,200000.000000,200000.000000,200000.000000,100000000.000000,100000000.000000,100000000.000000,100000000.000000
2024-11-26,200000.000000,200000.000000,200000.000000,200000.000000,100000000.000000,100000000.000000,100000000.000000,100000000.000000
2024-11-27,200000.000000,200000.000000,200000.000000,200000.000000,100000000.000000,100000000.000000,100000000.000000,100000000.000000
2024-11-28,200000.000000,200000.000000,200000.000000,200000.000000,100000000.000000,100000000.000000,100000000.000000,100000000.000000
2024-11-29,200000.000000,200000.000000,200000.000000,200000.000000,100000000.000000,100000000.000000,100000000.000000,100000000.000000
2024-12-02,200000.000000,200000.000000,200000.000000,200000.000000,100000000.000000,100000000.000000,100000000.000000,100000000.000000
2024-12-03,200000.000000,200000.000000,200000.000000,200000.000000,100000000.000000,100000000.000000,100000000.000000,100000000.000000
2024-12-04,200000.000000,200000.000000,200000.000000,200000.000000,100000000.000000,100000000.000000,100000000.000000,100000000.000000
2024-12-05,200000.000000,200000.000000,200000.000000,200000.000000,100000000.000000,100000000.000000,100000000.000000,100000000.000000
2024-12-06,200000.000000,200000.000000,200000.000000,200000.000000,100000000.000000,100000000.000000,100000000.000000,100000000.000000
2024-12-09,200000.000000,200000.000000,200000.000000,200000.000000,100000000.000000,100000000.000000,100000000.000000,100000000.000000
2024-12-10,200000.000000,200000.000000,200000.000000,200000.000000,100000000.000000,100000000.000000,100000000.000000,100000000.000000
2024-12-11,200000.000000,200000.000000,200000.000000,200000.000000,100000000.000000,100000000.000000,100000000.000000,100000000.000000
2024-12-12,200000.000000,200000.000000,200000.000000,200000.000000,100000000.000000,100000000.000000,100000000.000000,100000000.000000
2024-12-13,200000.000000,200000.000000,200000.000000,200000.000000,100000000.000000,100000000.000000,100000000.000000,100000000.000000
2024-12-16,200000.000000,200000.000000,200000.000000,200000.000000,100000000.000000,100000000.000000,100000000.000000,100000000.000000
2024-12-17,200000.000000,200000.000000,200000.000000,200000.000000,100000000.000000,100000000.000000,100000000.000000,100000000.000000
2024-12-18,200000.000000,200000.000000,200000.000000,200000.000000,100000000.000000,100000000.000000,100000000.000000,100000000.000000
2024-12-19,200000.000000,200000.000000,200000.000000,200000.000000,100000000.000000,100000000.000000,100000000.000000,100000000.000000
2024-12-20,200000.000000,200000.000000,200000.000000,200000.000000,100000000.000000,100000000.000000,100000000.000000,100000000.000000
2024-12-23,200000.000000,200000.000000,200000.000000,200000.000000,100000000.000000,100000000.000000,100000000.000000,100000000.000000
2024-12-24,200000.000000,200000.000000,200000.000000,200000.000000,100000000.000000,100000000.000000,100000000.000000,100000000.000000
2024-12-27,200000.000000,200000.000000,200000.000000,200000.000000,100000000.000000,100000000.000000,100000000.000000,100000000.000000
2024-12-30,200000.000000,200000.000000,200000.000000,200000.000000,100000000.000000,100000000.000000,100000000.000000,100000000.000000
2024-12-31,200000.000000,200000.000000,200000.000000,200000.000000,100000000.000000,100000000.000000,100000000.000000,100000000.000000
2025-01-02,200000.000000,200000.000000,200000.000000,200000.000000,100000000.000000,100000000.000000,100000000.000000,100000000.000000
2025-01-03,200000.000000,200000.000000,200000.000000,200000.000000,100000000.000000,100000000.000000,100000000.000000,100000000.000000
2025-01-06,200000.000000,200000.000000,200000.000000,200000.000000,100000000.000000,100000000.000000,100000000.000000,100000000.000000
2025-01-07,200000.000000,200000.000000,200000.000000,200000.000000,100000000.000000,100000000.000000,100000000.000000,100000000.000000
2025-01-08,200000.000000,200000.000000,200000.000000,200000.000000,100000000.000000,100000000.000000,100000000.000000,100000000.000000
2025-01-09,200000.000000,200000.000000,200000.000000,200000.000000,100000000.000000,100000000.000000,100000000.000000,100000000.000000
2025-01-10,200000.000000,200000.000000,200000.000000,200000.000000,100000000.000000,100000000.000000,100000000.000000,100000000.000000
2025-01-13,200000.000000,200000.000000,200000.000000,200000.000000,100000000.000000,100000000.000000,100000000.000000,100000000.000000
2025-01-14,200000.000000,200000.000000,200000.000000,200000.000000,100000000.000000,100000000.000000,100000000.000000,100000000.000000
2025-01-15,200000.000000,200000.000000,200000.000000,200000.000000,100000000.000000,100000000.000000,100000000.000000,100000000.000000
2025-01-16,200000.000000,200000.000000,200000.000000,200000.000000,100000000.000000,100000000.000000,100000000.000000,100000000.000000
2025-01-17,200000.000000,200000.000000,200000.000000,200000.000000,100000000.000000,100000000.000000,100000000.000000,100000000.000000
2025-01-20,200000.000000,200000.000000,200000.000000,200000.000000,100000000.000000,100000000.000000,100000000.000000,100000000.000000
2025-01-21,200000.000000,200000.000000,200000.000000,200000.000000,100000000.000000,100000000.000000,100000000.000000,100000000.000000
2025-01-22,200000.000000,200000.000000,200000.000000,200000.000000,100000000.000000,100000000.000000,100000000.000000,100000000.000000
2025-01-23,200000.000000,200000.000000,200000.000000,200000.000000,100000000.000000,100000000.000000,100000000.000000,100000000.000000
2025-01-24,200000.000000,200000.000000,200000.000000,200000.000000,100000000.000000,100000000.000000,100000000.000000,100000000.000000
2025-01-27,200000.000000,200000.000000,200000.000000,200000.000000,100000000.000000,100000000.000000,100000000.000000,100000000.000000
2025-01-28,200000.000000,200000.000000,200000.000000,200000.000000,100000000.000000,100000000.000000,100000000.000000,100000000.000000
2025-01-29,200000.000000,200000.000000,200000.000000,200000.000000,100000000.000000,100000000.000000,100000000.000000,100000000.000000
2025-01-30,200000.000000,200000.000000,200000.000000,200000.000000,100000000.000000,100000000.000000,100000000.000000,100000000.000000
2025-01-31,200000.000000,200000.000000,200000.000000,200000.000000,100000000.000000,100000000.000000,100000000.000000,100000000.000000
2025-02-03,200000.000000,200000.000000,200000.000000,200000.000000,100000000.000000,100000000.000000,100000000.000000,100000000.000000
2025-02-04,200000.000000,200000.000000,200000.000000,200000.000000,100000000.000000,100000000.000000,100000000.000000,100000000.000000
2025-02-05,200000.000000,200000.000000,200000.000000,200000.000000,100000000.000000,100000000.000000,100000000.000000,100000000.000000
2025-02-06,200000.000000,200000.000000,200000.000000,200000.000000,100000000.000000,100000000.000000,100000000.000000,100000000.000000
2025-02-07,200000.000000,200000.000000,200000.000000,200000.000000,100000000.000000,100000000.000000,100000000.000000,100000000.000000
2025-02-10,200000.000000,200000.000000,200000.000000,200000.000000,100000000.000000,100000000.000000,100000000.000000,100000000.000000
2025-02-11,200000.000000,200000.000000,200000.000000,200000.000000,100000000.000000,100000000.000000,100000000.000000,100000000.000000
2025-02-12,200000.000000,200000.000000,200000.000000,200000.000000,100000000.000000,100000000.000000,100000000.000000,100000000.000000
2025-02-13,200000.000000,200000.000000,200000.000000,200000.000000,100000000.000000,100000000.000000,100000000.000000,100000000.000000
2025-02-14,200000.000000,200000.000000,200000.000000,200000.000000,100000000.000000,100000000.000000,100000000.000000,100000000.000000
2025-02-17,200000.000000,200000.000000,200000.000000,200000.000000,100000000.000000,100000000.000000,100000000.000000,100000000.000000
2025-02-18,200000.000000,200000.000000,200000.000000,200000.000000,100000000.000000,100000000.000000,100000000.000000,100000000.000000
2025-02-19,200000.000000,200000.000000,200000.000000,200000.000000,100000000.000000,100000000.000000,100000000.000000,100000000.000000
2025-02-20,200000.000000,200000.000000,200000.000000,200000.000000,100000000.000000,100000000.000000,100000000.000000,100000000.000000
2025-02-21,200000.000000,200000.000000,200000.000000,200000.000000,100000000.000000,100000000.000000,100000000.000000,100000000.000000
2025-02-24,200000.000000,200000.000000,200000.000000,200000.000000,100000000.000000,100000000.000000,100000000.000000,100000000.000000
2025-02-25,200000.000000,200000.000000,200000.000000,200000.000000,100000000.000000,100000000.000000,100000000.000000,100000000.000000
2025-02-26,200000.000000,200000.000000,200000.000000,200000.000000,100000000.000000,100000000.000000,100000000.000000,100000000.000000
2025-02-27,200000.000000,200000.000000,200000.000000,200000.000000,100000000.000000,100000000.000000,100000000.000000,100000000.000000
2025-02-28,200000.000000,200000.000000,200000.000000,200000.000000,100000000.000000,100000000.000000,100000000.000000,100000000.000000
2025-03-03,200000.000000,200000.000000,200000.000000,200000.000000,100000000.000000,100000000.000000,100000000.000000,100000000.000000
2025-03-04,200000.000000,200000.000000,200000.000000,200000.000000,100000000.000000,100000000.000000,100000000.000000,100000000.000000
2025-03-05,200000.000000,200000.000000,200000.000000,200000.000000,100000000.000000,100000000.000000,100000000.000000,100000000.000000
2025-03-06,200000.000000,200000.000000,200000.000000,200000.000000,100000000.000000,100000000.000000,100000000.000000,100000000.000000
2025-03-07,200000.000000,200000.000000,200000.000000,200000.000000,100000000.000000,100000000.000000,100000000.000000,100000000.000000
2025-03-10,200000.000000,200000.000000,200000.000000,200000.000000,100000000.000000,100000000.000000,100000000.000000,100000000.000000
2025-03-11,200000.000000,200000.000000,200000.000000,200000.000000,100000000.000000,100000000.000000,100000000.000000,100000000.000000
2025-03-12,200000.000000,200000.000000,200000.000000,200000.000000,100000000.000000,100000000.000000,100000000.000000,100000000.000000
2025-03-13,200000.000000,200000.000000,200000.000000,200000.000000,100000000.000000,100000000.000000,100000000.000000,100000000.000000
2025-03-14,200000.000000,200000.000000,200000.000000,200000.000000,100000000.000000,100000000.000000,100000000.000000,100000000.000000
2025-03-17,200000.000000,200000.000000,200000.000000,200000.000000,100000000.000000,100000000.000000,100000000.000000,100000000.000000
2025-03-18,200000.000000,200000.000000,200000.000000,200000.000000,100000000.000000,100000000.000000,100000000.000000,100000000.000000
2025-03-19,200000.000000,200000.000000,200000.000000,200000.000000,100000000.000000,100000000.000000,100000000.000000,100000000.000000
2025-03-20,200000.000000,200000.000000,200000.000000,200000.000000,100000000.000000,100000000.000000,100000000.000000,100000000.000000
2025-03-21,200000.000000,200000.000000,200000.000000,200000.000000,100000000.000000,100000000.000000,100000000.000000,100000000.000000
2025-03-24,200000.000000,200000.000000,200000.000000,200000.000000,100000000.000000,100000000.000000,100000000.000000,100000000.000000
2025-03-25,200000.000000,200000.000000,200000.000000,200000.000000,100000000.000000,100000000.000000,100000000.000000,100000000.000000
2025-03-26,200000.000000,200000.000000,200000.000000,200000.000000,100000000.000000,100000000.000000,100000000.000000,100000000.000000
2025-03-27,200000.000000,200000.000000,200000.000000,200000.000000,100000000.000000,100000000.000000,100000000.000000,100000000.000000
2025-03-28,200000.000000,200000.000000,200000.000000,200000.000000,100000000.000000,100000000.000000,100000000.000000,100000000.000000
2025-03-31,200000.000000,200000.000000,200000.000000,200000.000000,100000000.000000,100000000.000000,100000000.000000,100000000.000000
2025-04-01,200000.000000,200000.000000,200000.000000,200000.000000,100000000.000000,100000000.000000,100000000.000000,100000000.000000
2025-04-02,200000.000000,200000.000000,200000.000000,200000.000000,100000000.000000,100000000.000000,100000000.000000,100000000.000000
2025-04-03,200000.000000,200000.000000,200000.000000,200000.000000,100000000.000000,100000000.000000,100000000.000000,100000000.000000
2025-04-04,200000.000000,200000.000000,200000.000000,200000.000000,100000000.000000,100000000.000000,100000000.000000,100000000.000000
2025-04-07,200000.000000,200000.000000,200000.000000,200000.000000,100000000.000000,100000000.000000,100000000.000000,100000000.000000
2025-04-08,200000.000000,200000.000000,200000.000000,200000.000000,100000000.000000,100000000.000000,100000000.000000,100000000.000000
2025-04-09,200000.000000,200000.000000,200000.000000,200000.000000,100000000.000000,100000000.000000,100000000.000000,100000000.000000
2025-04-10,200000.000000,200000.000000,200000.000000,200000.000000,100000000.000000,100000000.000000,100000000.000000,100000000.000000
2025-04-11,200000.000000,200000.000000,200000.000000,200000.000000,100000000.000000,100000000.000000,100000000.000000,100000000.000000
2025-04-14,200000.000000,200000.000000,200000.000000,200000.000000,100000000.000000,100000000.000000,100000000.000000,100000000.000000
2025-04-15,200000.000000,200000.000000,200000.000000,200000.000000,100000000.000000,100000000.000000,100000000.000000,100000000.000000
2025-04-16,200000.000000,200000.000000,200000.000000,200000.000000,100000000.000000,100000000.000000,100000000.000000,100000000.000000
2025-04-17,200000.000000,200000.000000,200000.000000,200000.000000,100000000.000000,100000000.000000,100000000.000000,100000000.000000
2025-04-22,200000.000000,200000.000000,200000.000000,200000.000000,100000000.000000,100000000.000000,100000000.000000,100000000.000000
2025-04-23,200000.000000,200000.000000,200000.000000,200000.000000,100000000.000000,100000000.000000,100000000.000000,100000000.000000
2025-04-24,200000.000000,200000.000000,200000.000000,200000.000000,100000000.000000,100000000.000000,100000000.000000,100000000.000000
2025-04-25,200000.000000,200000.000000,200000.000000,200000.000000,100000000.000000,100000000.000000,100000000.000000,100000000.000000
2025-04-28,200000.000000,200000.000000,200000.000000,200000.000000,100000000.000000,100000000.000000,100000000.000000,100000000.000000
2025-04-29,200000.000000,200000.000000,200000.000000,200000.000000,100000000.000000,100000000.000000,100000000.000000,100000000.000000
2025-04-30,200000.000000,200000.000000,200000.000000,200000.000000,100000000.000000,100000000.000000,100000000.000000,100000000.000000
2025-05-01,200000.000000,200000.000000,200000.000000,200000.000000,100000000.000000,100000000.000000,100000000.000000,100000000.000000
2025-05-02,200000.000000,200000.000000,200000.000000,200000.000000,100000000.000000,100000000.000000,100000000.000000,100000000.000000
2025-05-06,200000.000000,200000.000000,200000.000000,200000.000000,100000000.000000,100000000.000000,100000000.000000,100000000.000000
2025-05-07,200000.000000,200000.000000,200000.000000,200000.000000,100000000.000000,100000000.000000,100000000.000000,100000000.000000
2025-05-08,200000.000000,200000.000000,200000.000000,200000.000000,100000000.000000,100000000.000000,100000000.000000,100000000.000000
2025-05-09,200000.000000,200000.000000,200000.000000,200000.000000,100000000.000000,100000000.000000,100000000.000000,100000000.000000
2025-05-12,200000.000000,200000.000000,200000.000000,200000.000000,100000000.000000,100000000.000000,100000000.000000,100000000.000000
2025-05-13,200000.000000,200000.000000,200000.000000,200000.000000,100000000.000000,100000000.000000,100000000.000000,100000000.000000
2025-05-14,200000.000000,200000.000000,200000.000000,200000.000000,100000000.000000,100000000.000000,100000000.000000,100000000.000000
2025-05-15,200000.000000,200000.000000,200000.000000,200000.000000,100000000.000000,100000000.000000,100000000.000000,100000000.000000
2025-05-16,200000.000000,200000.000000,200000.000000,200000.000000,100000000.000000,100000000.000000,100000000.000000,100000000.000000
2025-05-19,200000.000000,200000.000000,200000.000000,200000.000000,100000000.000000,100000000.000000,100000000.000000,100000000.000000
2025-05-20,200000.000000,200000.000000,200000.000000,200000.000000,100000000.000000,100000000.000000,100000000.000000,100000000.000000
2025-05-21,200000.000000,200000.000000,200000.000000,200000.000000,100000000.000000,100000000.000000,100000000.000000,100000000.000000
2025-05-22,200000.000000,200000.000000,200000.000000,200000.000000,100000000.000000,100000000.000000,100000000.000000,100000000.000000
2025-05-23,200000.000000,200000.000000,200000.000000,200000.000000,100000000.000000,100000000.000000,100000000.000000,100000000.000000
2025-05-27,200000.000000,200000.000000,200000.000000,200000.000000,100000000.000000,100000000.000000,100000000.000000,100000000.000000
2025-05-28,200000.000000,200000.000000,200000.000000,200000.000000,100000000.000000,100000000.000000,100000000.000000,100000000.000000
2025-05-29,200000.000000,200000.000000,200000.000000,200000.000000,100000000.000000,100000000.000000,100000000.000000,100000000.000000
2025-05-30,200000.000000,200000.000000,200000.000000,200000.000000,100000000.000000,100000000.000000,100000000.000000,100000000.000000
2025-06-02,200000.000000,200000.000000,200000.000000,200000.000000,100000000.000000,100000000.000000,100000000.000000,100000000.000000
2025-06-03,200000.000000,200000.000000,200000.000000,200000.000000,100000000.000000,100000000.000000,100000000.000000,100000000.000000
2025-06-04,200000.000000,200000.000000,200000.000000,200000.000000,100000000.000000,100000000.000000,100000000.000000,100000000.000000
2025-06-05,200000.000000,200000.000000,200000.000000,200000.000000,100000000.000000,100000000.000000,100000000.000000,100000000.000000
2025-06-06,200000.000000,200000.000000,200000.000000,200000.000000,100000000.000000,100000000.000000,100000000.000000,100000000.000000
2025-06-09,200000.000000,200000.000000,200000.000000,200000.000000,100000000.000000,100000000.000000,100000000.000000,100000000.000000
2025-06-10,200000.000000,200000.000000,200000.000000,200000.000000,100000000.000000,100000000.000000,100000000.000000,100000000.000000
2025-06-11,200000.000000,200000.000000,200000.000000,200000.000000,100000000.000000,100000000.000000,100000000.000000,100000000.000000
2025-06-12,200000.000000,200000.000000,200000.000000,200000.000000,100000000.000000,100000000.000000,100000000.000000,100000000.000000
2025-06-13,200000.000000,200000.000000,200000.000000,200000.000000,100000000.000000,100000000.000000,100000000.000000,100000000.000000
2025-06-16,200000.000000,200000.000000,200000.000000,200000.000000,100000000.000000,100000000.000000,100000000.000000,100000000.000000
2025-06-17,200000.000000,200000.000000,200000.000000,200000.000000,100000000.000000,100000000.000000,100000000.000000,100000000.000000
2025-06-18,200000.000000,200000.000000,200000.000000,200000.000000,100000000.000000,100000000.000000,100000000.000000,100000000.000000
2025-06-19,200000.000000,200000.000000,200000.000000,200000.000000,100000000.000000,100000000.000000,100000000.000000,100000000.000000
2025-06-20,200000.000000,200000.000000,200000.000000,200000.000000,100000000.000000,100000000.000000,100000000.000000,100000000.000000
2025-06-23,200000.000000,200000.000000,200000.000000,200000.000000,100000000.000000,100000000.000000,100000000.000000,100000000.000000
2025-06-24,200000.000000,200000.000000,200000.000000,200000.000000,100000000.000000,100000000.000000,100000000.000000,100000000.000000
2025-06-25,200000.000000,200000.000000,200000.000000,200000.000000,100000000.000000,100000000.000000,100000000.000000,100000000.000000
2025-06-26,200000.000000,200000.000000,200000.000000,200000.000000,100000000.000000,100000000.000000,100000000.000000,100000000.000000
2025-06-27,200000.000000,200000.000000,200000.000000,200000.000000,100000000.000000,100000000.000000,100000000.000000,100000000.000000
2025-06-30,200000.000000,200000.000000,200000.000000,200000.000000,100000000.000000,100000000.000000,100000000.000000,100000000.000000
2025-07-01,200000.000000,200000.000000,200000.000000,200000.000000,100000000.000000,100000000.000000,100000000.000000,100000000.000000
2025-07-02,200000.000000,200000.000000,200000.000000,200000.000000,100000000.000000,100000000.000000,100000000.000000,100000000.000000
2025-07-03,200000.000000,200000.000000,200000.000000,200000.000000,100000000.000000,100000000.000000,100000000.000000,100000000.000000
2025-07-04,200000.000000,200000.000000,200000.000000,200000.000000,100000000.000000,100000000.000000,100000000.000000,100000000.000000
2025-07-07,200000.000000,200000.000000,200000.000000,200000.000000,100000000.000000,100000000.000000,100000000.000000,100000000.000000
2025-07-08,200000.000000,200000.000000,200000.000000,200000.000000,100000000.000000,100000000.000000,100000000.000000,100000000.000000
2025-07-09,200000.000000,200000.000000,200000.000000,200000.000000,100000000.000000,100000000.000000,100000000.000000,100000000.000000
2025-07-10,200000.000000,200000.000000,200000.000000,200000.000000,100000000.000000,100000000.000000,100000000.000000,100000000.000000
2025-07-11,200000.000000,200000.000000,200000.000000,200000.000000,100000000.000000,100000000.000000,100000000.000000,100000000.000000
2025-07-14,200000.000000,200000.000000,200000.000000,200000.000000,100000000.000000,100000000.000000,100000000.000000,100000000.000000
2025-07-15,200000.000000,200000.000000,200000.000000,200000.000000,100000000.000000,100000000.000000,100000000.000000,100000000.000000
2025-07-16,200000.000000,200000.000000,200000.000000,200000.000000,100000000.000000,100000000.000000,100000000.000000,100000000.000000
2025-07-17,200000.000000,200000.000000,200000.000000,200000.000000,100000000.000000,100000000.000000,100000000.000000,100000000.000000
2025-07-18,200000.000000,200000.000000,200000.000000,200000.000000,100000000.000000,100000000.000000,100000000.000000,100000000.000000
2025-07-21,200000.000000,200000.000000,200000.000000,200000.000000,100000000.000000,100000000.000000,100000000.000000,100000000.000000
2025-07-22,200000.000000,200000.000000,200000.000000,200000.000000,100000000.000000,100000000.000000,100000000.000000,100000000.000000
2025-07-23,200000.000000,200000.000000,200000.000000,200000.000000,100000000.000000,100000000.000000,100000000.000000,100000000.000000
2025-07-24,200000.000000,200000.000000,200000.000000,200000.000000,100000000.000000,100000000.000000,100000000.000000,100000000.000000
2025-07-25,200000.000000,200000.000000,200000.000000,200000.000000,100000000.000000,100000000.000000,100000000.000000,100000000.000000
2025-07-28,200000.000000,200000.000000,200000.000000,200000.000000,100000000.000000,100000000.000000,100000000.000000,100000000.000000
2025-07-29,200000.000000,200000.000000,200000.000000,200000.000000,100000000.000000,100000000.000000,100000000.000000,100000000.000000
2025-07-30,200000.000000,200000.000000,200000.000000,200000.000000,100000000.000000,100000000.000000,100000000.000000,100000000.000000
2025-07-31,200000.000000,200000.000000,200000.000000,200000.000000,100000000.000000,100000000.000000,100000000.000000,100000000.000000
2025-08-01,200000.000000,200000.000000,200000.000000,200000.000000,100000000.000000,100000000.000000,100000000.000000,100000000.000000
2025-08-04,200000.000000,200000.000000,200000.000000,200000.000000,100000000.000000,100000000.000000,100000000.000000,100000000.000000
2025-08-05,200000.000000,200000.000000,200000.000000,200000.000000,100000000.000000,100000000.000000,100000000.000000,100000000.000000
2025-08-06,200000.000000,200000.000000,200000.000000,200000.000000,100000000.000000,100000000.000000,100000000.000000,100000000.000000
2025-08-07,200000.000000,200000.000000,200000.000000,200000.000000,100000000.000000,100000000.000000,100000000.000000,100000000.000000
2025-08-08,200000.000000,200000.000000,200000.000000,200000.000000,100000000.000000,100000000.000000,100000000.000000,100000000.000000
2025-08-11,200000.000000,200000.000000,200000.000000,200000.000000,100000000.000000,100000000.000000,100000000.000000,100000000.000000
2025-08-12,200000.000000,200000.000000,200000.000000,200000.000000,100000000.000000,100000000.000000,100000000.000000,100000000.000000
2025-08-13,200000.000000,200000.000000,200000.000000,200000.000000,100000000.000000,100000000.000000,100000000.000000,100000000.000000
2025-08-14,200000.000000,200000.000000,200000.000000,200000.000000,100000000.000000,100000000.000000,100000000.000000,100000000.000000
2025-08-15,200000.000000,200000.000000,200000.000000,200000.000000,100000000.000000,100000000.000000,100000000.000000,100000000.000000
2025-08-18,200000.000000,200000.000000,200000.000000,200000.000000,100000000.000000,100000000.000000,100000000.000000,100000000.000000
2025-08-19,200000.000000,200000.000000,200000.000000,200000.000000,100000000.000000,100000000.000000,100000000.000000,100000000.000000
2025-08-20,200000.000000,200000.000000,200000.000000,200000.000000,100000000.000000,100000000.000000,100000000.000000,100000000.000000
2025-08-21,200000.000000,200000.000000,200000.000000,200000.000000,100000000.000000,100000000.000000,100000000.000000,100000000.000000
2025-08-22,200000.000000,200000.000000,200000.000000,200000.000000,100000000.000000,100000000.000000,100000000.000000,100000000.000000
2025-08-26,200000.000000,200000.000000,200000.000000,200000.000000,100000000.000000,100000000.000000,100000000.000000,100000000.000000
2025-08-27,200000.000000,200000.000000,200000.000000,200000.000000,100000000.000000,100000000.000000,100000000.000000,100000000.000000
2025-08-28,200000.000000,200000.000000,200000.000000,200000.000000,100000000.000000,100000000.000000,100000000.000000,100000000.000000
2025-08-29,200000.000000,200000.000000,200000.000000,200000.000000,100000000.000000,100000000.000000,100000000.000000,100000000.000000
2025-09-01,200000.000000,200000.000000,200000.000000,200000.000000,100000000.000000,100000000.000000,100000000.000000,100000000.000000
2025-09-02,200000.000000,200000.000000,200000.000000,200000.000000,100000000.000000,100000000.000000,100000000.000000,100000000.000000
2025-09-03,200000.000000,200000.000000,200000.000000,200000.000000,100000000.000000,100000000.000000,100000000.000000,100000000.000000
2025-09-04,200000.000000,200000.000000,200000.000000,200000.000000,100000000.000000,100000000.000000,100000000.000000,100000000.000000
2025-09-05,200000.000000,200000.000000,200000.000000,200000.000000,100000000.000000,100000000.000000,100000000.000000,100000000.000000
2025-09-08,200000.000000,200000.000000,200000.000000,200000.000000,100000000.000000,100000000.000000,100000000.000000,100000000.000000
2025-09-09,200000.000000,200000.000000,200000.000000,200000.000000,100000000.000000,100000000.000000,100000000.000000,100000000.000000
2025-09-10,200000.000000,200000.000000,200000.000000,200000.000000,100000000.000000,100000000.000000,100000000.000000,100000000.000000
2025-09-11,200000.000000,200000.000000,200000.000000,200000.000000,100000000.000000,100000000.000000,100000000.000000,100000000.000000
2025-09-12,200000.000000,200000.000000,200000.000000,200000.000000,100000000.000000,100000000.000000,100000000.000000,100000000.000000
2025-09-15,200000.000000,200000.000000,200000.000000,200000.000000,100000000.000000,100000000.000000,100000000.000000,100000000.000000
2025-09-16,200000.000000,200000.000000,200000.000000,200000.000000,100000000.000000,100000000.000000,100000000.000000,100000000.000000
2025-09-17,200000.000000,200000.000000,200000.000000,200000.000000,100000000.000000,100000000.000000,100000000.000000,100000000.000000
2025-09-18,200000.000000,200000.000000,200000.000000,200000.000000,100000000.000000,100000000.000000,100000000.000000,100000000.000000
2025-09-19,200000.000000,200000.000000,200000.000000,200000.000000,100000000.000000,100000000.000000,100000000.000000,100000000.000000
2025-09-22,200000.000000,200000.000000,200000.000000,200000.000000,100000000.000000,100000000.000000,100000000.000000,100000000.000000
2025-09-23,200000.000000,200000.000000,200000.000000,200000.000000,100000000.000000,100000000.000000,100000000.000000,100000000.000000
2025-09-24,200000.000000,200000.000000,200000.000000,200000.000000,100000000.000000,100000000.000000,100000000.000000,100000000.000000
2025-09-25,200094.480000,200083.260000,199267.680000,200295.420000,100047239.850000,100041631.810000,99633838.740000,100147708.570000
2025-09-26,201373.320000,201386.370000,202288.080000,200506.800000,100686661.440000,100693184.890000,101144038.980000,100253398.590000
2025-09-29,201583.510000,201593.720000,202107.670000,200512.960000,100791752.990000,100796861.000000,101053833.900000,100256480.180000
2025-09-30,201668.060000,201674.680000,202017.850000,200457.020000,100834028.370000,100837340.630000,101008925.110000,100228511.180000
2025-10-01,203528.810000,203562.300000,205916.570000,201418.220000,101764405.170000,101781150.940000,102958286.810000,100709109.630000
2025-10-02,205692.650000,205774.530000,211096.270000,202582.350000,102846322.600000,102887263.080000,105548133.540000,101291176.930000
2025-10-03,207268.910000,207404.300000,216167.670000,203391.010000,103634455.120000,103702147.770000,108083836.340000,101695502.930000
2025-10-06,210078.610000,210241.450000,220667.590000,204365.630000,105039303.650000,105120726.590000,110333797.010000,102182816.830000
2025-10-07,210122.030000,210287.720000,220952.310000,205233.920000,105061015.930000,105143859.030000,110476153.660000,102616958.120000
2025-10-08,212692.160000,212871.780000,224328.900000,206953.410000,106346081.690000,106435888.320000,112164452.170000,103476703.480000
2025-10-09,213052.710000,213242.590000,225328.510000,207410.370000,106526353.750000,106621296.930000,112664253.600000,103705187.480000
2025-10-10,209242.990000,209448.510000,222524.510000,205647.370000,104621496.590000,104724256.300000,111262257.080000,102823684.040000
2025-10-13,211088.590000,211303.290000,224783.860000,206089.680000,105544297.230000,105651645.400000,112391932.120000,103044838.640000
2025-10-14,212633.390000,212894.950000,229378.460000,207742.990000,106316695.450000,106447477.190000,114689231.740000,103871493.620000
2025-10-15,214466.780000,214780.730000,234524.310000,207710.070000,107233390.930000,107390367.370000,117262152.900000,103855037.190000
2025-10-16,213390.010000,213627.610000,228205.300000,207026.920000,106695002.570000,106813806.960000,114102649.450000,103513462.070000
2025-10-17,210709.710000,210905.960000,222831.660000,206406.920000,105354855.620000,105452982.100000,111415831.010000,103203461.490000
2025-10-20,216191.490000,216489.160000,234835.740000,209043.730000,108095742.990000,108244582.180000,117417870.380000,104521863.650000
2025-10-21,213700.380000,213957.280000,229898.820000,208425.100000,106850187.850000,106978639.550000,114949409.240000,104212550.340000
2025-10-22,211488.020000,211722.130000,226374.310000,208048.190000,105744008.590000,105861067.070000,113187156.830000,104024092.800000
2025-10-23,215196.050000,215434.200000,230187.960000,209603.290000,107598023.270000,107717099.070000,115093981.910000,104801642.820000
2025-10-24,216303.780000,216561.500000,232804.790000,209952.060000,108151888.130000,108280751.440000,116402394.230000,104976032.180000
2025-10-27,217619.160000,217886.740000,234734.630000,209997.910000,108809581.660000,108943368.180000,117367313.230000,104998954.170000
2025-10-28,217856.410000,218082.830000,231977.040000,210252.360000,108928206.480000,109041413.530000,115988519.020000,105126178.150000
2025-10-29,220553.410000,220766.380000,233730.100000,211352.280000,110276705.030000,110383189.100000,116865050.820000,105676138.670000
2025-10-30,220639.530000,220849.950000,233648.870000,211570.190000,110319766.400000,110424977.470000,116824434.290000,105785095.700000
2025-10-31,220959.100000,221202.370000,236369.960000,211686.060000,110479547.680000,110601186.640000,118184980.390000,105843028.520000
2025-11-03,220723.420000,220919.450000,232778.260000,211166.200000,110361709.230000,110459724.080000,116389131.630000,105583101.170000
2025-11-04,217667.590000,217785.890000,224253.390000,211679.010000,108833793.240000,108892943.900000,112126695.510000,105839502.740000
2025-11-05,218835.710000,218980.050000,227232.050000,211550.240000,109417856.440000,109490023.590000,113616027.380000,105775120.730000
2025-11-06,214897.480000,214999.250000,220478.930000,210825.990000,107448742.280000,107499624.990000,110239463.390000,105412993.840000
2025-11-07,212469.570000,212545.690000,216468.280000,209574.680000,106234784.470000,106272844.650000,108234140.940000,104787342.170000
2025-11-10,217411.070000,217510.210000,222911.790000,211116.030000,108705537.460000,108755106.110000,111455892.680000,105558016.770000
2025-11-11,217684.820000,217768.510000,222232.930000,211805.890000,108842411.890000,108884253.170000,111116464.460000,105902944.620000
2025-11-12,218900.180000,218977.710000,222736.810000,213188.810000,109450088.530000,109488856.770000,111368403.270000,106594405.860000
2025-11-13,215232.980000,215277.610000,216925.780000,211831.660000,107616488.140000,107638803.550000,108462889.410000,105915832.200000
2025-11-14,214212.040000,214247.800000,215362.320000,211264.460000,107106018.940000,107123898.760000,107681162.080000,105632229.400000
2025-11-17,212965.770000,213016.730000,215234.310000,210562.550000,106482886.140000,106508366.040000,107617154.980000,105281274.790000
2025-11-18,210389.710000,210440.950000,212736.050000,209907.960000,105194852.820000,105220476.030000,106368026.700000,104953981.250000
2025-11-19,210891.180000,210936.480000,212627.860000,210895.320000,105445591.940000,105468239.670000,106313930.120000,105447662.290000
2025-11-20,210831.370000,210876.160000,212527.280000,211247.390000,105415687.420000,105438077.620000,106263637.990000,105623695.060000
2025-11-21,207192.570000,207212.200000,207329.730000,210340.720000,103596286.430000,103606098.220000,103664863.200000,105170361.420000
2025-11-24,210543.740000,210586.060000,212041.040000,211388.530000,105271870.630000,105293032.370000,106020517.500000,105694262.910000
2025-11-25,210533.130000,210592.940000,213282.780000,211179.580000,105266564.280000,105296471.260000,106641390.160000,105589788.480000
2025-11-26,212831.680000,212882.800000,214833.130000,211563.470000,106415840.670000,106441400.270000,107416566.410000,105781736.840000
2025-11-27,212324.430000,212371.310000,214060.640000,211355.040000,106162215.280000,106185654.060000,107030319.540000,105677519.720000
2025-11-28,214329.150000,214395.100000,217220.850000,212076.620000,107164575.870000,107197552.260000,108610427.410000,106038307.940000
2025-12-01,212771.740000,212772.700000,211221.930000,210985.950000,106385869.170000,106386347.680000,105610965.100000,105492974.920000
2025-12-02,213298.800000,213295.480000,211491.870000,211078.430000,106649399.120000,106647738.770000,105745933.640000,105539213.280000
2025-12-03,214462.690000,214510.720000,216045.340000,209754.200000,107231344.810000,107255357.530000,108022670.760000,104877099.190000
2025-12-04,215350.520000,215426.140000,218709.930000,209578.810000,107675258.380000,107713068.730000,109354962.950000,104789407.250000
2025-12-05,215665.580000,215735.540000,218629.160000,209726.390000,107832789.510000,107867771.250000,109314582.390000,104863194.300000
2025-12-08,215971.440000,216053.310000,219694.480000,209319.540000,107985719.380000,108026653.110000,109847241.530000,104659771.390000
2025-12-09,216370.830000,216451.130000,219881.120000,209348.980000,108185416.590000,108225565.880000,109940558.660000,104674487.640000
2025-12-10,216929.140000,217022.910000,221397.480000,209365.860000,108464569.470000,108511454.430000,110698741.540000,104682931.190000
2025-12-11,216079.500000,216170.430000,220395.960000,209205.710000,108039750.320000,108085214.970000,110197980.240000,104602853.630000
2025-12-12,214330.070000,214390.110000,216604.420000,209330.120000,107165035.490000,107195057.210000,108302209.650000,104665058.700000
2025-12-15,213950.900000,213970.120000,213607.000000,209610.510000,106975451.650000,106985058.770000,106803499.440000,104805253.110000
2025-12-16,212031.670000,212051.450000,211743.380000,208329.080000,106015833.630000,106025725.960000,105871690.120000,104164540.600000
2025-12-17,210560.830000,210545.700000,208027.910000,208814.330000,105280417.150000,105272848.400000,104013954.070000,104407162.830000
2025-12-18,213352.830000,213325.800000,209992.040000,209804.430000,106676414.760000,106662897.750000,104996018.100000,104902217.290000
2025-12-19,216304.310000,216306.550000,214861.530000,210560.010000,108152153.430000,108153276.600000,107430764.770000,105280005.710000
2025-12-22,217471.460000,217501.250000,217827.600000,210677.920000,108735729.380000,108750625.320000,108913797.850000,105338957.870000
2025-12-23,217289.660000,217300.370000,216370.920000,210373.920000,108644831.750000,108650186.780000,108185459.430000,105186960.130000
2025-12-24,217407.140000,217430.230000,217267.450000,209952.440000,108703568.960000,108715117.220000,108633725.140000,104976220.130000
2025-12-29,216424.640000,216474.490000,218109.310000,210516.860000,108212318.970000,108237243.590000,109054654.020000,105258427.570000
2025-12-30,216766.290000,216782.560000,216149.450000,211017.900000,108383146.610000,108391277.850000,108074724.250000,105508951.440000
2025-12-31,216235.880000,216261.830000,216349.720000,210959.470000,108117939.090000,108130916.510000,108174857.660000,105479736.940000
2026-01-02,217666.360000,217723.670000,219573.400000,210675.930000,108833179.700000,108861832.830000,109786697.910000,105337962.800000
2026-01-05,221533.450000,221616.670000,224937.890000,211787.560000,110766724.530000,110808332.860000,112468945.750000,105893781.170000
2026-01-06,223394.840000,223468.760000,226198.830000,212671.660000,111697418.520000,111734382.380000,113099415.990000,106335827.730000
2026-01-07,223535.790000,223644.990000,228701.570000,213248.940000,111767893.310000,111822495.460000,114350787.350000,106624468.580000
2026-01-08,222657.600000,222784.530000,229104.260000,213386.930000,111328800.540000,111392267.190000,114552128.770000,106693464.060000
2026-01-09,225217.650000,225310.500000,229250.540000,214510.950000,112608824.900000,112655249.390000,114625269.200000,107255475.260000
2026-01-12,226951.890000,227066.050000,232275.980000,214904.110000,113475942.520000,113533024.540000,116137989.620000,107452055.990000
2026-01-13,228658.490000,228764.990000,233370.700000,216153.650000,114329243.840000,114382496.850000,116685351.470000,108076825.590000
2026-01-14,228024.000000,228151.430000,234260.420000,216101.170000,114011997.540000,114075713.580000,117130211.300000,108050583.750000
2026-01-15,229120.520000,229211.790000,232557.180000,215986.820000,114560262.200000,114605896.140000,116278590.660000,107993412.240000
2026-01-16,229328.550000,229447.190000,234624.630000,215736.370000,114664274.120000,114723596.310000,117312317.470000,107868187.450000
2026-01-19,227700.390000,227810.190000,232422.610000,214349.280000,113850194.550000,113905094.820000,116211306.310000,107174642.290000
2026-01-20,227864.840000,227948.520000,230570.160000,214041.210000,113932420.380000,113974258.960000,115285078.060000,107020604.080000
2026-01-21,229102.130000,229172.460000,230543.600000,214886.890000,114551063.390000,114586230.920000,115271798.590000,107443447.490000
2026-01-22,231120.700000,231276.370000,238201.000000,215754.800000,115560350.160000,115638187.120000,119100498.690000,107877398.660000
2026-01-23,230687.900000,230824.760000,236550.900000,215119.310000,115343948.560000,115412378.550000,118275451.310000,107559655.770000
2026-01-26,228381.500000,228473.780000,231305.530000,213763.280000,114190749.800000,114236888.530000,115652767.310000,106881641.820000
2026-01-27,230214.250000,230315.810000,233646.030000,213708.170000,115107124.840000,115157904.250000,116823014.080000,106854082.690000
2026-01-28,229911.140000,229970.900000,229995.860000,213379.450000,114955570.820000,114985449.750000,114997928.900000,106689725.440000
2026-01-29,228609.040000,228634.380000,226452.380000,213735.630000,114304519.310000,114317191.780000,113226189.850000,106867815.980000
2026-01-30,226311.810000,226296.100000,221694.070000,213440.970000,113155905.800000,113148049.270000,110847036.880000,106720483.730000
2026-02-02,225195.660000,225194.060000,221961.440000,213644.210000,112597828.550000,112597031.160000,110980721.720000,106822104.260000
2026-02-03,226374.520000,226358.810000,222128.450000,213587.410000,113187261.580000,113179402.800000,111064227.110000,106793702.960000
2026-02-04,223024.490000,222974.180000,216680.670000,214374.310000,111512243.260000,111487091.150000,108340334.630000,107187155.460000
2026-02-05,220527.270000,220423.250000,210458.730000,214605.820000,110263632.980000,110211626.800000,105229366.380000,107302911.210000
2026-02-06,224358.780000,224263.260000,214812.360000,215353.020000,112179391.500000,112131631.610000,107406181.110000,107676510.110000
2026-02-09,227677.390000,227602.230000,219264.110000,216106.770000,113838693.600000,113801112.540000,109632055.780000,108053384.680000
2026-02-10,226597.590000,226526.460000,218528.560000,216358.160000,113298792.520000,113263230.230000,109264278.410000,108179079.270000
2026-02-11,228017.980000,227921.270000,218239.250000,217404.800000,114008991.710000,113960636.560000,109119625.610000,108702401.820000
2026-02-12,224148.650000,224032.540000,213149.110000,216373.920000,112074325.040000,112016271.420000,106574553.250000,108186961.760000
2026-02-13,225071.870000,224937.150000,212719.220000,217228.170000,112535937.070000,112468573.130000,106359607.790000,108614087.130000
2026-02-16,225373.330000,225249.520000,213865.650000,217567.300000,112686663.550000,112624760.910000,106932825.450000,108783652.260000
2026-02-17,225582.270000,225436.120000,212709.150000,218318.010000,112791134.640000,112718057.870000,106354573.530000,109159006.770000
2026-02-18,229265.580000,229104.110000,215210.040000,219633.940000,114632788.170000,114552055.260000,107605019.140000,109816968.220000
2026-02-19,230321.930000,230181.140000,217698.300000,220940.580000,115160965.870000,115090567.610000,108849147.960000,110470288.690000
2026-02-20,231346.040000,231205.590000,218654.320000,221065.720000,115673018.520000,115602793.640000,109327157.670000,110532862.420000
2026-02-23,231616.330000,231464.400000,217969.860000,221632.620000,115808164.360000,115732200.460000,108984931.410000,110816308.750000
2026-02-24,232562.400000,232458.690000,221851.700000,221601.570000,116281201.390000,116229345.000000,110925849.650000,110800787.110000
2026-02-25,236201.980000,236117.470000,226633.180000,223037.550000,118100989.960000,118058736.140000,113316588.460000,111518774.160000
2026-02-26,236154.320000,236084.280000,227718.020000,223563.090000,118077159.630000,118042141.030000,113859010.270000,111781542.600000
2026-02-27,236664.780000,236562.630000,226295.540000,225032.170000,118332389.920000,118281317.100000,113147772.120000,112516085.340000
2026-03-02,238461.900000,238367.240000,228503.220000,224709.300000,119230949.740000,119183620.330000,114251607.960000,112354651.010000
2026-03-03,233918.690000,233796.180000,222631.660000,222102.400000,116959344.180000,116898089.010000,111315832.180000,111051197.760000
2026-03-04,235595.840000,235465.210000,223886.910000,222224.290000,117797919.690000,117732604.200000,111943456.270000,111112143.800000
2026-03-05,234059.530000,233910.660000,221378.260000,221700.460000,117029763.010000,116955329.010000,110689131.050000,110850228.380000
2026-03-06,234269.650000,234083.740000,219338.410000,221179.280000,117134823.480000,117041871.350000,109669205.240000,110589642.430000
2026-03-09,234487.900000,234307.060000,220210.240000,220734.650000,117243951.160000,117153529.290000,110105118.140000,110367326.660000
2026-03-10,236334.220000,236188.390000,223686.530000,221614.300000,118167108.560000,118094195.350000,111843263.700000,110807149.330000
2026-03-11,236785.520000,236646.930000,224679.740000,221196.400000,118392758.040000,118323466.480000,112339868.780000,110598198.030000
2026-03-12,235772.660000,235583.700000,220759.670000,221062.870000,117886330.850000,117791848.080000,110379834.670000,110531436.510000
2026-03-13,234441.010000,234217.780000,217280.270000,220808.040000,117220505.640000,117108892.260000,108640133.870000,110404019.360000
2026-03-16,235287.450000,235055.250000,217694.130000,220973.060000,117643722.830000,117527626.350000,108847066.100000,110486529.170000
2026-03-17,235730.100000,235476.940000,216851.370000,221763.020000,117865049.450000,117738470.020000,108425686.810000,110881509.250000
2026-03-18,234594.560000,234302.490000,213376.000000,221071.190000,117297282.080000,117151243.970000,106687999.120000,110535595.890000
2026-03-19,230237.730000,229959.660000,210346.900000,217895.050000,115118866.350000,114979827.990000,105173448.910000,108947524.140000
2026-03-20,227305.430000,227012.320000,206335.410000,216138.470000,113652714.850000,113506159.060000,103167703.730000,108069236.680000
2026-03-23,226157.540000,225897.420000,207497.670000,214466.190000,113078771.510000,112948709.130000,103748834.600000,107233093.070000
2026-03-24,225523.030000,225215.130000,203757.510000,214437.300000,112761513.930000,112607564.740000,101878754.360000,107218648.610000
2026-03-25,228710.500000,228430.930000,208400.340000,216057.950000,114355251.150000,114215464.750000,104200171.110000,108028976.650000
2026-03-26,225313.720000,225035.180000,205375.810000,215084.720000,112656859.440000,112517590.700000,102687904.370000,107542361.350000
2026-03-27,223925.030000,223574.930000,199644.090000,215468.090000,111962516.240000,111787462.650000,99822046.840000,107734046.760000
2026-03-30,223869.680000,223482.720000,197574.730000,217629.740000,111934839.830000,111741361.390000,98787365.030000,108814872.040000
2026-03-31,227783.900000,227463.600000,205489.110000,219082.830000,113891952.370000,113731801.410000,102744555.570000,109541414.090000
2026-04-01,231772.350000,231452.220000,209107.210000,219721.510000,115886174.360000,115726110.670000,104553603.800000,109860755.770000
2026-04-02,231800.050000,231472.400000,208867.130000,220540.660000,115900024.720000,115736198.950000,104433566.560000,110270329.590000
2026-04-07,231173.320000,230810.420000,206099.230000,219862.370000,115586660.600000,115405207.970000,103049616.940000,109931183.250000
2026-04-08,234183.590000,233861.840000,211151.870000,219739.980000,117091797.280000,116930918.270000,105575934.900000,109869987.860000
2026-04-09,234801.850000,234458.670000,210320.550000,220293.860000,117400926.330000,117229333.530000,105160272.760000,110146927.510000
2026-04-10,234905.540000,234536.950000,208697.140000,219677.170000,117452769.400000,117268477.140000,104348569.540000,109838583.770000
2026-04-13,236568.720000,236248.360000,213374.660000,219983.150000,118284361.240000,118124178.360000,106687327.510000,109991573.900000
2026-04-14,237611.360000,237325.820000,216310.150000,219242.990000,118805681.520000,118662911.470000,108155076.780000,109621493.720000
2026-04-15,239228.610000,238997.750000,221132.940000,219415.480000,119614304.530000,119498876.990000,110566468.310000,109707737.710000
2026-04-16,241023.390000,240807.860000,223731.930000,220419.390000,120511695.860000,120403931.560000,111865965.880000,110209694.450000
2026-04-17,242782.120000,242604.870000,227685.740000,221065.040000,121391062.300000,121302433.690000,113842871.700000,110532520.010000
2026-04-20,242419.860000,242248.080000,227701.790000,221346.170000,121209931.590000,121124037.800000,113850896.390000,110673086.010000
2026-04-21,241673.340000,241513.440000,227542.790000,220638.830000,120836668.910000,120756717.630000,113771393.540000,110319412.930000
2026-04-22,244663.240000,244561.680000,233927.590000,221332.120000,122331618.620000,122280842.400000,116963796.430000,110666061.430000
2026-04-23,243993.480000,243816.560000,228561.200000,221180.180000,121996740.850000,121908281.140000,114280601.600000,110590087.890000
2026-04-24,245569.510000,245380.680000,229050.930000,221036.140000,122784753.320000,122690338.740000,114525463.200000,110518069.920000
2026-04-27,244302.450000,244122.370000,228512.290000,219989.320000,122151227.330000,122061184.750000,114256144.220000,109994660.660000
2026-04-28,242015.870000,241819.560000,225585.810000,219970.340000,121007933.410000,120909781.270000,112792904.690000,109985171.240000
2026-04-29,241959.150000,241713.120000,222284.050000,219342.320000,120979574.480000,120856562.460000,111142026.950000,109671160.740000
2026-04-30,244450.100000,244230.890000,226458.900000,219251.650000,122225049.890000,122115446.880000,113229448.630000,109625827.000000
2026-05-01,245191.240000,244970.360000,226915.580000,218947.770000,122595618.340000,122485179.440000,113457789.600000,109473883.510000
2026-05-05,246478.920000,246290.230000,229805.200000,218932.060000,123239461.770000,123145117.400000,114902602.050000,109466031.180000
2026-05-06,250355.780000,250184.550000,234335.470000,220447.730000,125177892.120000,125092273.520000,117167736.740000,110223862.690000
2026-05-07,249043.420000,248850.510000,231671.600000,220119.750000,124521708.290000,124425254.510000,115835798.900000,110059873.430000
2026-05-08,249652.730000,249454.400000,231794.140000,219927.710000,124826365.450000,124727199.980000,115897071.320000,109963853.230000
2026-05-11,253045.450000,252889.740000,237662.840000,220271.660000,126522726.810000,126444871.140000,118831419.060000,110135828.450000
2026-05-12,250998.790000,250826.120000,234929.250000,220844.810000,125499397.330000,125413057.530000,117464625.290000,110422403.620000
2026-05-13,253841.890000,253693.870000,238987.470000,221340.770000,126920943.110000,126846935.230000,119493732.970000,110670386.340000
2026-05-14,255891.990000,255750.560000,241316.680000,222647.650000,127945996.200000,127875282.430000,120658337.810000,111323824.130000
2026-05-15,252918.470000,252737.550000,236229.550000,222384.380000,126459237.080000,126368775.610000,118114775.570000,111192192.220000
2026-05-18,250626.120000,250386.590000,230791.830000,221905.220000,125313061.370000,125193296.370000,115395914.100000,110952608.250000
2026-05-19,248630.640000,248377.090000,228022.130000,220756.620000,124315318.100000,124188543.060000,114011064.630000,110378309.060000
2026-05-20,251747.090000,251482.070000,230154.740000,221696.410000,125873544.390000,125741032.950000,115077370.830000,110848203.860000
2026-05-21,253250.350000,253028.830000,234314.970000,222102.650000,126625175.130000,126514417.350000,117157485.410000,111051323.950000
2026-05-22,255448.170000,255240.610000,237171.260000,222480.790000,127724084.230000,127620306.340000,118585630.220000,111240396.200000
2026-05-26,257874.690000,257698.300000,241185.290000,223352.610000,128937345.870000,128849149.040000,120592645.170000,111676306.270000
2026-05-27,258430.110000,258333.570000,246685.990000,224094.760000,129215052.990000,129166782.730000,123342995.890000,112047378.190000
2026-05-28,260587.750000,260473.090000,247561.220000,223839.960000,130293873.320000,130236546.340000,123780608.890000,111919981.880000
2026-05-29,261832.970000,261699.880000,247737.080000,223914.460000,130916482.720000,130849939.330000,123868539.190000,111957229.440000
2026-06-01,263011.890000,262895.880000,249960.420000,223790.560000,131505947.420000,131447938.310000,124980209.750000,111895277.950000
2026-06-02,263358.560000,263204.400000,247547.890000,223773.440000,131679281.120000,131602199.500000,123773946.210000,111886721.530000
2026-06-03,261368.970000,261148.890000,241283.910000,223342.380000,130684483.690000,130574446.580000,120641955.490000,111671189.010000
2026-06-04,260543.590000,260361.380000,243008.610000,223740.790000,130271794.810000,130180691.110000,121504302.850000,111870396.400000
2026-06-05,253415.750000,253127.280000,229797.220000,222483.240000,126707875.380000,126563640.270000,114898609.230000,111241620.520000
2026-06-08,255073.940000,254783.730000,231257.180000,222952.040000,127536971.860000,127391865.360000,115628589.540000,111476017.840000
2026-06-09,248984.660000,248696.200000,225455.580000,220954.840000,124492327.900000,124348098.780000,112727790.140000,110477421.480000
2026-06-10,246949.590000,246619.140000,220872.030000,220343.880000,123474796.160000,123309571.540000,110436015.650000,110171939.210000
2026-06-11,249672.980000,249358.550000,224518.960000,221577.730000,124836490.580000,124679273.390000,112259480.850000,110788865.140000
2026-06-12,252873.210000,252536.580000,225704.490000,221669.000000,126436607.080000,126268292.300000,112852244.660000,110834497.910000
2026-06-15,256596.110000,256280.890000,230353.910000,222312.280000,128298055.270000,128140444.230000,115176956.650000,111156140.640000
2026-06-16,254871.820000,254545.430000,228149.850000,222346.480000,127435912.380000,127272717.040000,114074925.240000,111173240.770000
2026-06-17,256117.090000,255798.930000,229760.460000,222753.610000,128058544.570000,127899464.360000,114880230.760000,111376805.420000
2026-06-18,258261.190000,257961.430000,232699.950000,224184.980000,129130595.300000,128980713.440000,116349972.710000,112092489.470000
2026-06-19,258695.660000,258401.240000,233620.800000,224184.270000,129347832.430000,129200619.320000,116810400.150000,112092135.970000
2026-06-22,257975.840000,257664.670000,231689.820000,223793.860000,128987921.790000,128832336.990000,115844911.420000,111896930.130000
2026-06-23,254086.920000,253788.380000,229072.170000,224070.590000,127043460.140000,126894190.010000,114536084.680000,112035293.080000
2026-06-24,252065.510000,251740.870000,225605.640000,224839.900000,126032753.510000,125870437.290000,112802819.360000,112419948.340000
2026-06-25,251700.890000,251345.690000,223125.730000,224320.140000,125850446.490000,125672846.020000,111562865.200000,112160072.390000
2026-06-26,250900.610000,250544.090000,222426.480000,224467.760000,125450307.020000,125272045.870000,111213242.040000,112233878.700000
2026-06-29,252216.600000,251914.730000,227030.320000,224281.820000,126108301.960000,125957365.960000,113515162.150000,112140912.360000
2026-06-30,255344.510000,255027.940000,228940.090000,224767.620000,127672256.060000,127513970.520000,114470047.260000,112383807.590000
2026-07-01,254866.540000,254577.480000,230292.180000,224060.570000,127433270.840000,127288738.100000,115146091.550000,112030283.020000
2026-07-02,253215.570000,252917.810000,228673.460000,224041.400000,126607785.840000,126458903.100000,114336728.810000,112020698.260000
2026-07-03,254444.390000,254121.920000,228297.160000,224342.310000,127222195.850000,127060962.280000,114148581.340000,112171154.300000
2026-07-06,254892.340000,254566.530000,228497.800000,224009.420000,127446172.060000,127283265.190000,114248900.450000,112004710.160000
2026-07-07,250709.670000,250366.550000,223878.440000,222835.860000,125354835.070000,125183274.510000,111939220.080000,111417929.750000
2026-07-08,250529.080000,250186.240000,223823.530000,221644.560000,125264540.480000,125093121.330000,111911766.310000,110822279.480000
2026-07-09,253292.380000,252952.240000,225961.770000,222138.890000,126646190.700000,126476120.040000,112980886.240000,111069444.030000
2026-07-10,251774.550000,251430.750000,224175.390000,221501.800000,125887275.740000,125715373.780000,112087697.000000,110750897.660000
2026-07-13,249834.000000,249424.130000,218680.360000,221122.490000,124916999.810000,124712065.360000,109340178.890000,110561246.800000
2026-07-14,251973.510000,251535.850000,219035.790000,221444.920000,125986754.420000,125767923.580000,109517895.980000,110722460.910000
2026-07-15,249515.930000,249117.830000,219226.220000,220485.510000,124757962.770000,124558917.250000,109613112.050000,110242757.140000
2026-07-16,247134.210000,246669.800000,213130.870000,220115.930000,123567106.460000,123334897.900000,106565432.770000,110057964.160000
2026-07-17,245619.850000,245131.950000,210449.370000,220211.160000,122809925.050000,122565972.970000,105224684.560000,110105579.730000
2026-07-20,246552.330000,246048.710000,210306.130000,220142.410000,123276165.630000,123024356.820000,105153064.220000,110071202.830000
2026-07-21,250159.270000,249648.600000,213186.870000,221293.000000,125079636.640000,124824299.570000,106593437.190000,110646499.230000
2026-07-22,251926.240000,251410.150000,214449.730000,222197.010000,125963120.230000,125705076.570000,107224863.070000,111098507.290000
2026-07-23,250611.950000,250097.360000,213446.320000,222071.690000,125305976.710000,125048679.450000,106723160.880000,111035846.220000
2026-07-24,249531.380000,248982.870000,210547.280000,222356.730000,124765689.310000,124491433.140000,105273637.970000,111178362.720000
2026-07-27,247908.060000,247397.120000,211423.780000,222876.920000,123954029.050000,123698559.890000,105711888.390000,111438462.400000
2026-07-28,245464.280000,244946.350000,208750.720000,223766.340000,122732141.680000,122473173.780000,104375360.530000,111883171.430000
2026-07-29,243678.660000,243128.020000,205444.770000,223436.170000,121839328.450000,121564010.910000,102722382.720000,111718086.500000
2026-07-30,246148.880000,245596.240000,207454.790000,221308.530000,123074439.880000,122798122.060000,103727393.570000,110654266.590000
2026-07-31,244971.210000,244400.710000,205340.870000,220537.970000,122485604.400000,122200356.570000,102670437.320000,110268986.400000
2026-08-03,246119.300000,245583.790000,208183.380000,220879.660000,123059648.450000,122791897.030000,104091688.390000,110439832.030000
2026-08-04,252326.850000,251747.610000,211905.370000,221838.090000,126163425.870000,125873802.850000,105952683.620000,110919046.050000
2026-08-05,252766.650000,252177.690000,211624.820000,221872.530000,126383322.690000,126088847.170000,105812407.920000,110936266.110000
2026-08-06,253088.640000,252497.930000,211805.470000,222105.040000,126544317.570000,126248967.330000,105902733.620000,111052519.580000
2026-08-07,256173.670000,255589.910000,215286.190000,222001.270000,128086834.010000,127794954.950000,107643094.910000,111000635.700000
2026-08-10,256128.270000,255539.300000,215194.150000,221827.500000,128064133.550000,127769649.020000,107597073.020000,110913750.910000
2026-08-11,256952.100000,256384.960000,217082.180000,221512.520000,128476048.380000,128192478.840000,108541089.130000,110756260.550000
2026-08-12,258309.820000,257730.250000,217408.670000,221755.860000,129154911.740000,128865125.370000,108704333.820000,110877927.900000
2026-08-13,258855.410000,258263.340000,217267.480000,221938.890000,129427702.840000,129131670.750000,108633739.720000,110969444.560000
2026-08-14,257399.660000,256823.930000,216781.110000,220709.940000,128699828.040000,128411966.530000,108390553.200000,110354970.480000
2026-08-17,258317.150000,257705.320000,215471.840000,220275.390000,129158576.450000,128852658.230000,107735921.460000,110137694.110000
2026-08-18,255538.740000,254943.920000,214173.070000,220663.260000,127769368.680000,127471961.750000,107086533.010000,110331631.370000
2026-08-19,256052.340000,255475.370000,215741.040000,220474.660000,128026172.050000,127737686.080000,107870520.580000,110237329.340000
2026-08-20,255150.960000,254550.230000,213480.370000,219623.480000,127575481.450000,127275117.170000,106740183.560000,109811738.320000
2026-08-21,257130.680000,256528.010000,215257.830000,219726.020000,128565340.700000,128264006.620000,107628913.050000,109863007.690000
2026-08-24,255300.430000,254685.100000,212773.760000,220001.070000,127650215.160000,127342548.700000,106386879.130000,110000533.750000
2026-08-25,257207.500000,256650.990000,217843.250000,221018.280000,128603747.620000,128325496.530000,108921623.120000,110509140.380000
2026-08-26,256562.640000,255962.840000,214830.210000,220846.260000,128281321.000000,127981421.610000,107415105.580000,110423128.170000
2026-08-27,257818.470000,257223.000000,216250.480000,220824.600000,128909235.040000,128611499.100000,108125240.280000,110412299.940000
2026-08-28,257436.700000,256798.560000,213562.810000,220873.480000,128718347.830000,128399280.040000,106781405.070000,110436739.170000
2026-09-01,254150.290000,253504.240000,210215.530000,220283.270000,127075146.630000,126752119.550000,105107766.870000,110141637.420000
2026-09-02,254353.060000,253696.520000,209813.240000,220402.620000,127176529.050000,126848259.770000,104906621.800000,110201309.050000
2026-09-03,256555.060000,255893.340000,211810.870000,221249.970000,128277528.120000,127946671.230000,105905436.320000,110624983.660000
2026-09-04,256812.170000,256151.160000,211866.680000,221027.000000,128406082.850000,128075581.560000,105933338.530000,110513500.560000
2026-09-07,257428.320000,256755.270000,211818.350000,220509.030000,128714161.900000,128377636.490000,105909175.240000,110254513.570000
2026-09-08,257341.560000,256658.520000,211013.730000,220233.530000,128670781.510000,128329257.520000,105506865.650000,110116763.440000
2026-09-09,256363.660000,255682.030000,210140.640000,219852.120000,128181829.710000,127841015.370000,105070319.840000,109926059.490000
2026-09-10,254457.770000,253731.450000,205982.110000,218965.140000,127228886.520000,126865725.050000,102991056.200000,109482570.190000
2026-09-11,254800.370000,254025.260000,203606.860000,219048.530000,127400186.490000,127012629.350000,101803430.210000,109524263.240000
2026-09-14,251732.330000,250923.680000,199277.020000,219175.280000,125866167.140000,125461837.770000,99638511.240000,109587637.960000
2026-09-15,250940.750000,250108.140000,197249.230000,218934.160000,125470374.210000,125054069.820000,98624615.590000,109467078.580000
2026-09-16,251903.130000,251044.800000,196615.530000,219528.930000,125951564.110000,125522399.790000,98307763.930000,109764464.580000
