date,IITU.L,ISF.L,SMGB.L,SGLN.L,BRNT.L,RR.L,PLTR,AZN.L,SHEL.L,HSBA.L,BRK-B,IBTM.L,DBMG.L,IPWR,VYGR,AL3.AX,LTBR,SLX.AX,WBT.AX,VUL.AX,IDN,EDIT,SEYE.ST,QSI,ALCLS.PA,PRQR,ALMDT.PA,EMV.AX,HYT.AX,MSCL.TO,AXE.AX,MOLN.SW,GSIT,FTC.L,BGO.L
2021-09-16,0.028285,0.028285,0.028286,0.028285,0.028285,0.028285,0.028285,0.028286,0.028285,0.028286,0.028286,0.028285,0.028285,0.028283,0.028285,0.028285,0.028285,0.028284,0.028286,0.028280,0.028281,0.028276,0.028283,0.028286,0.028284,0.028276,0.028282,0.028283,0.028267,0.028284,0.028285,0.028282,0.028284,0.028286,0.028282
2021-10-15,0.028285,0.028285,0.028285,0.028285,0.028284,0.028285,0.028283,0.028285,0.028285,0.028285,0.028285,0.028285,0.028285,0.028284,0.028284,0.028284,0.028285,0.028284,0.028283,0.028281,0.028286,0.028266,0.028283,0.028285,0.028285,0.028278,0.028274,0.028284,0.028238,0.028285,0.028281,0.028282,0.028284,0.028285,0.028284
2021-11-15,0.028284,0.028285,0.028285,0.028285,0.028285,0.028284,0.028284,0.028285,0.028285,0.028285,0.028285,0.028286,0.028285,0.028280,0.028285,0.028284,0.028281,0.028285,0.028285,0.028282,0.028283,0.028274,0.028281,0.028280,0.028282,0.028285,0.028276,0.028284,0.028263,0.028285,0.028279,0.028285,0.028284,0.028286,0.028283
2021-12-14,0.028285,0.028285,0.028285,0.028285,0.028284,0.028284,0.028283,0.028285,0.028285,0.028285,0.028285,0.028285,0.028285,0.028283,0.028285,0.028285,0.028283,0.028285,0.028285,0.028280,0.028283,0.028282,0.028283,0.028283,0.028279,0.028279,0.028272,0.028284,0.028228,0.028282,0.028282,0.028284,0.028285,0.028285,0.028286
2022-01-17,0.028285,0.028285,0.028285,0.028285,0.028284,0.028286,0.028285,0.028285,0.028285,0.028285,0.028284,0.028285,0.028285,0.028285,0.028285,0.028284,0.028283,0.028284,0.028283,0.028282,0.028285,0.028279,0.028285,0.028280,0.028283,0.028285,0.028284,0.028284,0.028272,0.028283,0.028279,0.028279,0.028283,0.028286,0.028284
2022-02-15,0.028286,0.028285,0.028285,0.028285,0.028285,0.028286,0.028285,0.028285,0.028285,0.028285,0.028285,0.028285,0.028285,0.028285,0.028286,0.028285,0.028284,0.028285,0.028284,0.028283,0.028284,0.028274,0.028284,0.028281,0.028285,0.028285,0.028280,0.028285,0.028285,0.028284,0.028285,0.028285,0.028284,0.028286,0.028282
2022-03-16,0.028285,0.028285,0.028286,0.028285,0.028285,0.028285,0.028285,0.028285,0.028286,0.028285,0.028284,0.028286,0.028285,0.028284,0.028285,0.028285,0.028281,0.028284,0.028286,0.028284,0.028284,0.028267,0.028282,0.028285,0.028283,0.028286,0.028285,0.028285,0.028252,0.028282,0.028285,0.028280,0.028284,0.028285,0.028282
2022-04-14,0.028285,0.028285,0.028284,0.028285,0.028285,0.028285,0.028285,0.028285,0.028285,0.028285,0.028285,0.028285,0.028284,0.028282,0.028284,0.028285,0.028285,0.028283,0.028285,0.028285,0.028286,0.028276,0.028283,0.028284,0.028284,0.028285,0.028278,0.028285,0.028237,0.028282,0.028285,0.028283,0.028285,0.028285,0.028285
2022-05-18,0.028285,0.028286,0.028284,0.028285,0.028285,0.028285,0.028285,0.028286,0.028284,0.028285,0.028285,0.028285,0.028284,0.028284,0.028282,0.028284,0.028283,0.028284,0.028283,0.028282,0.028284,0.028281,0.028284,0.028284,0.028282,0.028285,0.028285,0.028284,0.028278,0.028284,0.028281,0.028283,0.028284,0.028285,0.028285
2022-06-20,0.028285,0.028286,0.028286,0.028285,0.028283,0.028284,0.028285,0.028286,0.028285,0.028284,0.028284,0.028286,0.028286,0.028280,0.028285,0.028285,0.028285,0.028283,0.028284,0.028283,0.028285,0.028276,0.028284,0.028280,0.028285,0.028284,0.028284,0.028285,0.028260,0.028284,0.028286,0.028285,0.028284,0.028285,0.028283
2022-07-19,0.028285,0.028285,0.028285,0.028285,0.028283,0.028286,0.028284,0.028284,0.028285,0.028284,0.028285,0.028285,0.028286,0.028283,0.028282,0.028284,0.028284,0.028284,0.028283,0.028285,0.028286,0.028285,0.028285,0.028284,0.028285,0.028286,0.028277,0.028286,0.028285,0.028285,0.028282,0.028284,0.028283,0.028285,0.028285
2022-08-17,0.028286,0.028285,0.028285,0.028285,0.028284,0.028284,0.028285,0.028285,0.028285,0.028285,0.028284,0.028285,0.028284,0.028283,0.028285,0.028286,0.028283,0.028280,0.028286,0.028284,0.028284,0.028276,0.028286,0.028284,0.028284,0.028285,0.028285,0.028285,0.028282,0.028285,0.028280,0.028285,0.028283,0.028286,0.028284
2022-09-16,0.028285,0.028285,0.028285,0.028286,0.028283,0.028285,0.028286,0.028285,0.028285,0.028286,0.028285,0.028285,0.028285,0.028283,0.028285,0.028285,0.028285,0.028283,0.028284,0.028285,0.028284,0.028272,0.028284,0.028283,0.028283,0.028286,0.028277,0.028285,0.028277,0.028285,0.028284,0.028285,0.028284,0.028284,0.028283
2022-10-18,0.028286,0.028286,0.028285,0.028284,0.028285,0.028285,0.028285,0.028284,0.028283,0.028284,0.028284,0.028286,0.028284,0.028282,0.028283,0.028283,0.028284,0.028286,0.028286,0.028285,0.028285,0.028276,0.028286,0.028285,0.028283,0.028285,0.028285,0.028285,0.028276,0.028284,0.028285,0.028283,0.028285,0.028284,0.028285
2022-11-16,0.028284,0.028285,0.028285,0.028285,0.028284,0.028285,0.028286,0.028284,0.028284,0.028285,0.028286,0.028284,0.028285,0.028281,0.028285,0.028284,0.028283,0.028285,0.028284,0.028282,0.028285,0.028278,0.028285,0.028283,0.028285,0.028284,0.028279,0.028284,0.028275,0.028285,0.028285,0.028283,0.028284,0.028285,0.028282
2022-12-15,0.028285,0.028285,0.028285,0.028286,0.028283,0.028285,0.028285,0.028285,0.028285,0.028285,0.028285,0.028285,0.028286,0.028281,0.028285,0.028284,0.028285,0.028285,0.028282,0.028282,0.028286,0.028282,0.028285,0.028283,0.028285,0.028283,0.028280,0.028285,0.028285,0.028286,0.028282,0.028285,0.028284,0.028283,0.028283
2023-01-18,0.028286,0.028285,0.028284,0.028285,0.028283,0.028285,0.028285,0.028285,0.028284,0.028284,0.028285,0.028285,0.028285,0.028286,0.028283,0.028285,0.028285,0.028282,0.028285,0.028282,0.028285,0.028279,0.028285,0.028282,0.028283,0.028282,0.028279,0.028286,0.028285,0.028285,0.028282,0.028284,0.028284,0.028285,0.028286
2023-02-16,0.028285,0.028285,0.028285,0.028285,0.028284,0.028284,0.028286,0.028285,0.028284,0.028285,0.028284,0.028285,0.028285,0.028280,0.028285,0.028285,0.028284,0.028278,0.028285,0.028283,0.028285,0.028276,0.028284,0.028284,0.028284,0.028285,0.028285,0.028285,0.028281,0.028284,0.028285,0.028285,0.028285,0.028284,0.028284
2023-03-17,0.028285,0.028285,0.028285,0.028285,0.028284,0.028285,0.028285,0.028285,0.028284,0.028285,0.028286,0.028286,0.028284,0.028282,0.028286,0.028284,0.028285,0.028282,0.028282,0.028284,0.028285,0.028286,0.028286,0.028283,0.028284,0.028280,0.028284,0.028286,0.028285,0.028284,0.028285,0.028285,0.028285,0.028286,0.028283
2023-04-19,0.028284,0.028284,0.028285,0.028285,0.028283,0.028285,0.028285,0.028285,0.028284,0.028285,0.028285,0.028286,0.028285,0.028283,0.028282,0.028285,0.028284,0.028282,0.028283,0.028285,0.028284,0.028277,0.028284,0.028283,0.028284,0.028285,0.028282,0.028286,0.028283,0.028286,0.028285,0.028285,0.028285,0.028285,0.028284
2023-05-22,0.028286,0.028284,0.028284,0.028286,0.028284,0.028284,0.028285,0.028285,0.028284,0.028286,0.028285,0.028286,0.028284,0.028285,0.028281,0.028285,0.028284,0.028280,0.028283,0.028284,0.028284,0.028282,0.028285,0.028284,0.028284,0.028283,0.028284,0.028285,0.028285,0.028285,0.028285,0.028285,0.028284,0.028285,0.028284
2023-06-21,0.028285,0.028285,0.028285,0.028285,0.028286,0.028284,0.028284,0.028285,0.028284,0.028285,0.028285,0.028285,0.028285,0.028283,0.028283,0.028285,0.028285,0.028284,0.028282,0.028284,0.028285,0.028279,0.028285,0.028285,0.028284,0.028285,0.028284,0.028285,0.028283,0.028283,0.028286,0.028285,0.028284,0.028285,0.028284
2023-07-20,0.028286,0.028285,0.028285,0.028285,0.028284,0.028285,0.028285,0.028284,0.028285,0.028284,0.028284,0.028286,0.028285,0.028284,0.028284,0.028285,0.028285,0.028283,0.028282,0.028283,0.028285,0.028280,0.028285,0.028285,0.028283,0.028285,0.028285,0.028285,0.028284,0.028286,0.028285,0.028285,0.028284,0.028285,0.028285
2023-08-18,0.028285,0.028284,0.028284,0.028285,0.028285,0.028286,0.028284,0.028284,0.028284,0.028285,0.028285,0.028285,0.028285,0.028281,0.028283,0.028285,0.028284,0.028285,0.028283,0.028285,0.028285,0.028279,0.028285,0.028286,0.028285,0.028286,0.028285,0.028284,0.028282,0.028285,0.028284,0.028285,0.028284,0.028285,0.028283
2023-09-19,0.028285,0.028285,0.028285,0.028285,0.028284,0.028284,0.028285,0.028284,0.028285,0.028284,0.028284,0.028286,0.028285,0.028283,0.028284,0.028285,0.028284,0.028283,0.028286,0.028284,0.028286,0.028284,0.028285,0.028283,0.028284,0.028283,0.028285,0.028285,0.028284,0.028284,0.028284,0.028284,0.028285,0.028284,0.028285
2023-10-18,0.028285,0.028285,0.028285,0.028285,0.028284,0.028283,0.028283,0.028284,0.028285,0.028284,0.028284,0.028285,0.028285,0.028285,0.028284,0.028284,0.028284,0.028283,0.028285,0.028285,0.028285,0.028284,0.028285,0.028285,0.028285,0.028284,0.028285,0.028285,0.028282,0.028284,0.028286,0.028285,0.028285,0.028285,0.028284
2023-11-16,0.028284,0.028285,0.028285,0.028285,0.028285,0.028285,0.028284,0.028285,0.028284,0.028285,0.028285,0.028285,0.028285,0.028283,0.028283,0.028285,0.028284,0.028282,0.028285,0.028285,0.028285,0.028282,0.028284,0.028284,0.028285,0.028286,0.028285,0.028284,0.028284,0.028284,0.028285,0.028285,0.028285,0.028285,0.028284
2023-12-15,0.028285,0.028285,0.028285,0.028285,0.028286,0.028284,0.028285,0.028285,0.028285,0.028285,0.028285,0.028286,0.028285,0.028283,0.028283,0.028285,0.028284,0.028283,0.028282,0.028286,0.028285,0.028276,0.028284,0.028285,0.028284,0.028283,0.028285,0.028285,0.028284,0.028284,0.028284,0.028286,0.028284,0.028285,0.028285
2024-01-18,0.028286,0.028285,0.028284,0.028286,0.028284,0.028282,0.028285,0.028285,0.028285,0.028285,0.028284,0.028285,0.028285,0.028283,0.028284,0.028285,0.028285,0.028280,0.028285,0.028285,0.028285,0.028281,0.028285,0.028284,0.028285,0.028284,0.028283,0.028286,0.028282,0.028285,0.028286,0.028285,0.028285,0.028283,0.028285
2024-02-16,0.028284,0.028285,0.028285,0.028285,0.028285,0.028285,0.028282,0.028284,0.028284,0.028285,0.028285,0.028285,0.028285,0.028284,0.028286,0.028284,0.028284,0.028282,0.028285,0.028285,0.028286,0.028279,0.028285,0.028284,0.028283,0.028283,0.028285,0.028285,0.028284,0.028284,0.028284,0.028286,0.028286,0.028281,0.028284
2024-03-18,0.028285,0.028285,0.028286,0.028285,0.028283,0.028284,0.028284,0.028285,0.028285,0.028285,0.028285,0.028285,0.028285,0.028285,0.028285,0.028285,0.028285,0.028284,0.028285,0.028285,0.028285,0.028282,0.028284,0.028285,0.028284,0.028284,0.028285,0.028284,0.028285,0.028285,0.028285,0.028285,0.028284,0.028284,0.028286
2024-04-18,0.028285,0.028286,0.028285,0.028286,0.028285,0.028282,0.028285,0.028285,0.028284,0.028285,0.028286,0.028285,0.028286,0.028284,0.028285,0.028285,0.028286,0.028283,0.028284,0.028285,0.028285,0.028285,0.028285,0.028284,0.028283,0.028284,0.028286,0.028286,0.028283,0.028285,0.028284,0.028285,0.028284,0.028285,0.028285
2024-05-20,0.028285,0.028285,0.028285,0.028285,0.028285,0.028284,0.028283,0.028285,0.028284,0.028285,0.028285,0.028285,0.028285,0.028284,0.028284,0.028285,0.028285,0.028285,0.028285,0.028284,0.028284,0.028283,0.028283,0.028284,0.028284,0.028286,0.028285,0.028285,0.028285,0.028285,0.028285,0.028286,0.028284,0.028285,0.028285
2024-06-19,0.028285,0.028285,0.028284,0.028285,0.028285,0.028283,0.028284,0.028285,0.028284,0.028285,0.028285,0.028285,0.028285,0.028286,0.028283,0.028285,0.028285,0.028280,0.028286,0.028284,0.028284,0.028285,0.028284,0.028285,0.028285,0.028284,0.028285,0.028286,0.028283,0.028284,0.028285,0.028284,0.028285,0.028279,0.028284
2024-07-18,0.028284,0.028285,0.028284,0.028286,0.028286,0.028286,0.028283,0.028285,0.028284,0.028285,0.028285,0.028286,0.028285,0.028284,0.028284,0.028285,0.028285,0.028282,0.028284,0.028284,0.028286,0.028283,0.028284,0.028285,0.028286,0.028284,0.028285,0.028285,0.028284,0.028284,0.028285,0.028284,0.028285,0.028281,0.028286
2024-08-16,0.028284,0.028285,0.028285,0.028285,0.028285,0.028281,0.028282,0.028285,0.028284,0.028285,0.028285,0.028286,0.028285,0.028285,0.028284,0.028285,0.028286,0.028282,0.028285,0.028285,0.028286,0.028285,0.028283,0.028285,0.028286,0.028285,0.028284,0.028285,0.028285,0.028284,0.028285,0.028284,0.028285,0.028285,0.028284
2024-09-17,0.028285,0.028285,0.028284,0.028286,0.028285,0.028283,0.028282,0.028285,0.028285,0.028286,0.028286,0.028286,0.028286,0.028284,0.028285,0.028284,0.028285,0.028283,0.028285,0.028285,0.028285,0.028284,0.028284,0.028285,0.028285,0.028285,0.028283,0.028284,0.028281,0.028285,0.028285,0.028285,0.028285,0.028281,0.028286
2024-10-16,0.028285,0.028285,0.028284,0.028285,0.028284,0.028284,0.028283,0.028284,0.028285,0.028284,0.028285,0.028285,0.028285,0.028284,0.028283,0.028283,0.028285,0.028282,0.028285,0.028285,0.028285,0.028285,0.028285,0.028285,0.028285,0.028281,0.028284,0.028285,0.028283,0.028284,0.028285,0.028285,0.028285,0.028281,0.028285
2024-11-14,0.028285,0.028286,0.028284,0.028286,0.028286,0.028282,0.028282,0.028286,0.028284,0.028285,0.028285,0.028286,0.028285,0.028286,0.028286,0.028283,0.028284,0.028281,0.028284,0.028284,0.028286,0.028285,0.028285,0.028285,0.028285,0.028285,0.028284,0.028286,0.028282,0.028285,0.028285,0.028285,0.028285,0.028284,0.028285
2024-12-13,0.028285,0.028286,0.028284,0.028286,0.028285,0.028283,0.028278,0.028285,0.028285,0.028285,0.028285,0.028285,0.028286,0.028285,0.028285,0.028285,0.028285,0.028285,0.028285,0.028285,0.028284,0.028285,0.028286,0.028284,0.028285,0.028283,0.028284,0.028285,0.028283,0.028284,0.028285,0.028285,0.028285,0.028280,0.028285
2025-01-16,0.028285,0.028285,0.028286,0.028286,0.028285,0.028280,0.028283,0.028285,0.028285,0.028284,0.028285,0.028286,0.028286,0.028285,0.028285,0.028284,0.028285,0.028283,0.028285,0.028285,0.028286,0.028286,0.028285,0.028284,0.028285,0.028283,0.028284,0.028285,0.028282,0.028285,0.028285,0.028286,0.028285,0.028283,0.028285
2025-02-14,0.028285,0.028285,0.028284,0.028284,0.028286,0.028283,0.028283,0.028285,0.028285,0.028285,0.028285,0.028286,0.028286,0.028284,0.028285,0.028285,0.028285,0.028283,0.028286,0.028285,0.028285,0.028285,0.028285,0.028285,0.028285,0.028284,0.028285,0.028285,0.028284,0.028285,0.028285,0.028285,0.028284,0.028285,0.028285
2025-03-17,0.028286,0.028285,0.028285,0.028285,0.028285,0.028281,0.028279,0.028286,0.028286,0.028286,0.028284,0.028285,0.028285,0.028285,0.028285,0.028285,0.028285,0.028283,0.028285,0.028285,0.028286,0.028285,0.028285,0.028286,0.028285,0.028284,0.028286,0.028285,0.028283,0.028286,0.028285,0.028285,0.028285,0.028279,0.028285
2025-04-15,0.028285,0.028285,0.028285,0.028284,0.028284,0.028285,0.028282,0.028285,0.028284,0.028285,0.028286,0.028286,0.028285,0.028286,0.028285,0.028284,0.028285,0.028284,0.028285,0.028286,0.028285,0.028285,0.028286,0.028286,0.028285,0.028285,0.028285,0.028285,0.028282,0.028284,0.028285,0.028286,0.028284,0.028281,0.028285
2025-05-19,0.028285,0.028285,0.028284,0.028285,0.028284,0.028279,0.028284,0.028285,0.028285,0.028284,0.028285,0.028285,0.028285,0.028285,0.028285,0.028284,0.028285,0.028284,0.028285,0.028286,0.028285,0.028286,0.028285,0.028285,0.028285,0.028284,0.028286,0.028285,0.028285,0.028284,0.028285,0.028285,0.028285,0.028278,0.028285
2025-06-18,0.028285,0.028285,0.028285,0.028285,0.028285,0.028278,0.028283,0.028285,0.028285,0.028285,0.028285,0.028285,0.028285,0.028285,0.028285,0.028285,0.028286,0.028283,0.028286,0.028286,0.028284,0.028284,0.028284,0.028284,0.028285,0.028285,0.028286,0.028286,0.028284,0.028285,0.028285,0.028285,0.028285,0.028281,0.028285
2025-07-17,0.028284,0.028285,0.028285,0.028286,0.028285,0.028282,0.028280,0.028285,0.028285,0.028284,0.028285,0.028286,0.028285,0.028285,0.028285,0.028284,0.028285,0.028283,0.028285,0.028285,0.028284,0.028284,0.028285,0.028285,0.028285,0.028284,0.028286,0.028285,0.028284,0.028285,0.028285,0.028285,0.028284,0.028282,0.028285
2025-08-15,0.028285,0.028285,0.028284,0.028285,0.028285,0.028280,0.028280,0.028286,0.028285,0.028284,0.028285,0.028285,0.028286,0.028285,0.028285,0.028284,0.028286,0.028283,0.028285,0.028285,0.028285,0.028286,0.028285,0.028285,0.028285,0.028284,0.028285,0.028285,0.028284,0.028285,0.028286,0.028285,0.028285,0.028285,0.028285
2025-09-16,0.028284,0.028285,0.028284,0.028285,0.028285,0.028283,0.028279,0.028285,0.028285,0.028284,0.028285,0.028285,0.028285,0.028286,0.028285,0.028284,0.028283,0.028284,0.028285,0.028286,0.028286,0.028284,0.028286,0.028285,0.028285,0.028285,0.028285,0.028285,0.028284,0.028286,0.028285,0.028285,0.028286,0.028278,0.028285
2025-10-15,0.028285,0.028285,0.028285,0.028285,0.028285,0.028284,0.028276,0.028286,0.028286,0.028284,0.028285,0.028285,0.028285,0.028286,0.028285,0.028285,0.028281,0.028283,0.028285,0.028285,0.028285,0.028284,0.028285,0.028285,0.028285,0.028285,0.028285,0.028285,0.028285,0.028285,0.028285,0.028286,0.028285,0.028279,0.028285
2025-11-13,0.028285,0.028286,0.028285,0.028286,0.028286,0.028279,0.028281,0.028285,0.028285,0.028284,0.028285,0.028285,0.028285,0.028285,0.028286,0.028286,0.028285,0.028281,0.028285,0.028285,0.028285,0.028285,0.028286,0.028285,0.028284,0.028284,0.028285,0.028286,0.028284,0.028286,0.028285,0.028286,0.028283,0.028282,0.028285
2025-12-12,0.028285,0.028285,0.028285,0.028285,0.028286,0.028282,0.028280,0.028285,0.028286,0.028285,0.028285,0.028285,0.028285,0.028285,0.028285,0.028285,0.028285,0.028284,0.028285,0.028285,0.028286,0.028285,0.028285,0.028285,0.028284,0.028284,0.028285,0.028285,0.028285,0.028285,0.028285,0.028285,0.028284,0.028283,0.028285
2026-01-15,0.028285,0.028286,0.028285,0.028285,0.028286,0.028277,0.028283,0.028285,0.028285,0.028284,0.028286,0.028285,0.028285,0.028285,0.028285,0.028284,0.028284,0.028282,0.028285,0.028285,0.028284,0.028285,0.028285,0.028285,0.028284,0.028286,0.028285,0.028285,0.028286,0.028285,0.028286,0.028286,0.028286,0.028276,0.028286
2026-02-13,0.028284,0.028285,0.028284,0.028285,0.028286,0.028284,0.028278,0.028285,0.028285,0.028284,0.028285,0.028285,0.028285,0.028285,0.028285,0.028285,0.028285,0.028285,0.028285,0.028285,0.028285,0.028285,0.028286,0.028285,0.028285,0.028285,0.028285,0.028285,0.028284,0.028284,0.028285,0.028286,0.028284,0.028276,0.028285
2026-03-16,0.028285,0.028285,0.028285,0.028285,0.028284,0.028279,0.028278,0.028285,0.028285,0.028284,0.028285,0.028285,0.028286,0.028285,0.028286,0.028284,0.028284,0.028285,0.028284,0.028285,0.028284,0.028286,0.028285,0.028285,0.028284,0.028286,0.028285,0.028285,0.028285,0.028284,0.028286,0.028286,0.028285,0.028275,0.028286
2026-04-16,0.028286,0.028285,0.028284,0.028285,0.028285,0.028279,0.028281,0.028286,0.028285,0.028284,0.028285,0.028285,0.028285,0.028286,0.028285,0.028285,0.028284,0.028284,0.028285,0.028286,0.028285,0.028285,0.028285,0.028285,0.028285,0.028284,0.028285,0.028285,0.028284,0.028285,0.028285,0.028286,0.028284,0.028278,0.028285
2026-05-18,0.028285,0.028285,0.028284,0.028286,0.028284,0.028280,0.028280,0.028286,0.028286,0.028284,0.028285,0.028286,0.028285,0.028285,0.028285,0.028284,0.028284,0.028285,0.028284,0.028285,0.028285,0.028286,0.028285,0.028286,0.028286,0.028285,0.028285,0.028285,0.028285,0.028286,0.028285,0.028285,0.028284,0.028266,0.028285
2026-06-17,0.028284,0.028286,0.028285,0.028285,0.028285,0.028285,0.028283,0.028285,0.028285,0.028285,0.028285,0.028285,0.028285,0.028285,0.028285,0.028285,0.028285,0.028284,0.028283,0.028286,0.028286,0.028285,0.028285,0.028286,0.028285,0.028286,0.028284,0.028285,0.028285,0.028285,0.028285,0.028286,0.028285,0.028282,0.028285
2026-07-16,0.028285,0.028285,0.028286,0.028285,0.028286,0.028279,0.028281,0.028286,0.028284,0.028285,0.028285,0.028286,0.028286,0.028285,0.028285,0.028285,0.028285,0.028284,0.028285,0.028285,0.028286,0.028285,0.028285,0.028285,0.028285,0.028284,0.028284,0.028285,0.028286,0.028286,0.028285,0.028286,0.028285,0.028276,0.028286
2026-08-14,0.028285,0.028285,0.028285,0.028285,0.028285,0.028283,0.028283,0.028285,0.028285,0.028283,0.028285,0.028285,0.028285,0.028286,0.028285,0.028285,0.028285,0.028284,0.028286,0.028285,0.028285,0.028285,0.028286,0.028285,0.028285,0.028285,0.028285,0.028285,0.028285,0.028285,0.028285,0.028285,0.028284,0.028281,0.028285
2026-09-15,0.028284,0.028285,0.028283,0.028285,0.028284,0.028280,0.028278,0.028285,0.028285,0.028283,0.028285,0.028286,0.028286,0.028285,0.028285,0.028284,0.028284,0.028285,0.028285,0.028286,0.028286,0.028286,0.028286,0.028286,0.028286,0.028286,0.028285,0.028286,0.028285,0.028284,0.028285,0.028285,0.028285,0.028272,0.028285
