date,IITU.L,ISF.L,SMGB.L,SGLN.L,BRNT.L,RR.L,PLTR,AZN.L,SHEL.L,HSBA.L,BRK-B,IBTM.L,DBMG.L,IPWR,VYGR,AL3.AX,LTBR,SLX.AX,WBT.AX,VUL.AX,IDN,EDIT,SEYE.ST,QSI,ALCLS.PA,PRQR,ALMDT.PA,EMV.AX,MSCL.TO,AXE.AX,MOLN.SW,GSIT,FTC.L,BGO.L
2021-09-16,0.042217,0.056823,0.020151,0.150649,0.013558,0.004804,0.002777,0.072932,0.012208,0.015823,0.045477,0.395197,0.038272,0.000832,0.004562,0.005419,0.001178,0.003966,0.002943,0.002156,0.004661,0.001832,0.009312,0.001580,0.004269,0.001321,0.005840,0.010035,0.001902,0.002132,0.012819,0.012078,0.011764,0.018437
2021-10-15,0.033362,0.060116,0.018726,0.160847,0.012692,0.004246,0.002678,0.059279,0.011279,0.014734,0.040810,0.414580,0.037641,0.000750,0.003272,0.006115,0.001200,0.005410,0.003771,0.003101,0.003775,0.001938,0.003413,0.001614,0.003158,0.001183,0.006873,0.010626,0.002230,0.001830,0.011554,0.014703,0.014542,0.017867
2021-11-15,0.045191,0.064281,0.021549,0.146029,0.017576,0.006260,0.002906,0.049761,0.012643,0.023375,0.034771,0.413443,0.044039,0.001373,0.002300,0.005450,0.000776,0.004537,0.004329,0.004813,0.002741,0.001605,0.008370,0.001175,0.002686,0.000976,0.005959,0.010825,0.002741,0.002522,0.011877,0.006280,0.009819,0.016930
2021-12-14,0.048658,0.085357,0.023275,0.139492,0.010765,0.008238,0.005613,0.063729,0.014179,0.024062,0.040478,0.366240,0.040199,0.001389,0.002209,0.005237,0.001438,0.003366,0.004216,0.003729,0.004107,0.003485,0.006701,0.004697,0.005533,0.001792,0.004895,0.012570,0.006505,0.002643,0.005143,0.010451,0.014015,0.015527
2022-01-17,0.088429,0.059549,0.019448,0.153733,0.010342,0.005429,0.004701,0.065332,0.012288,0.017573,0.032760,0.344496,0.046401,0.001270,0.002776,0.008167,0.001354,0.003978,0.005997,0.003928,0.002991,0.001920,0.008826,0.002322,0.002492,0.004535,0.007770,0.014373,0.006769,0.002836,0.005142,0.007246,0.014031,0.020721
2022-02-15,0.069940,0.051424,0.016086,0.171256,0.010034,0.005011,0.003554,0.059026,0.010049,0.016407,0.036435,0.372223,0.052141,0.001214,0.002701,0.006136,0.001123,0.004996,0.004505,0.004243,0.002867,0.001533,0.007514,0.001402,0.002243,0.001054,0.006679,0.013130,0.005121,0.002379,0.005134,0.006509,0.017219,0.018659
2022-03-16,0.023258,0.038985,0.012420,0.128790,0.016120,0.007860,0.002489,0.048649,0.017848,0.012397,0.039897,0.394337,0.140512,0.001293,0.002505,0.006572,0.000764,0.004148,0.004451,0.004635,0.001911,0.001278,0.004101,0.001571,0.002233,0.000691,0.003093,0.013584,0.004796,0.002736,0.004972,0.005842,0.024542,0.010674
2022-04-14,0.020591,0.070738,0.011248,0.146844,0.012046,0.005670,0.001880,0.035621,0.021052,0.020291,0.038724,0.381635,0.133386,0.001063,0.001934,0.009035,0.000716,0.002010,0.001772,0.001982,0.001919,0.001110,0.004060,0.001119,0.002259,0.000698,0.008031,0.005662,0.003365,0.001091,0.003980,0.004181,0.023654,0.010573
2022-05-18,0.020687,0.044852,0.011719,0.160962,0.016467,0.014113,0.001805,0.051334,0.029580,0.012840,0.038967,0.348194,0.132625,0.001265,0.001819,0.006270,0.000916,0.002800,0.003334,0.003521,0.001900,0.001387,0.003792,0.000853,0.002400,0.000540,0.003639,0.013213,0.003669,0.002354,0.003203,0.006109,0.030496,0.012331
2022-06-20,0.017395,0.044656,0.010268,0.175966,0.020986,0.004358,0.001718,0.052634,0.040281,0.012410,0.026513,0.337241,0.122668,0.001950,0.003519,0.004893,0.000564,0.004670,0.005273,0.005774,0.001156,0.001246,0.003773,0.001364,0.002089,0.001386,0.004622,0.012016,0.006668,0.004064,0.003348,0.005255,0.016427,0.032812
2022-07-19,0.019024,0.043303,0.010944,0.200810,0.012665,0.004638,0.002063,0.066649,0.021483,0.014385,0.027738,0.301319,0.133746,0.002102,0.001610,0.004838,0.001039,0.005194,0.006312,0.005537,0.001963,0.001444,0.004230,0.001787,0.002273,0.001034,0.012594,0.017656,0.004203,0.005502,0.003653,0.004939,0.015880,0.027401
2022-08-17,0.018707,0.038230,0.010933,0.200707,0.015763,0.007312,0.002307,0.029628,0.034826,0.012068,0.034875,0.372490,0.102647,0.002941,0.002466,0.004153,0.002330,0.005002,0.004872,0.004810,0.004679,0.001660,0.004041,0.002250,0.002168,0.001737,0.005388,0.015795,0.001756,0.007590,0.002075,0.009851,0.008252,0.015643
2022-09-16,0.021210,0.041498,0.011396,0.195994,0.016441,0.004718,0.001807,0.027446,0.034829,0.013324,0.023652,0.369344,0.111433,0.001448,0.001648,0.003900,0.001676,0.006748,0.004978,0.004892,0.002359,0.001353,0.007546,0.001070,0.004532,0.000719,0.010899,0.014647,0.001461,0.004885,0.004458,0.007010,0.013353,0.017280
2022-10-18,0.015012,0.083575,0.008698,0.226468,0.013210,0.013715,0.001641,0.024925,0.023862,0.026958,0.027106,0.289013,0.117249,0.002546,0.000735,0.004531,0.001350,0.004656,0.008010,0.006673,0.001704,0.001057,0.003605,0.000956,0.002205,0.000647,0.004397,0.018286,0.003708,0.005745,0.002521,0.005542,0.018800,0.020852
2022-11-16,0.023499,0.091280,0.011076,0.212435,0.021601,0.008859,0.002017,0.041284,0.046226,0.027168,0.026474,0.279884,0.102137,0.003043,0.001744,0.003534,0.001840,0.005740,0.006872,0.004605,0.001897,0.001463,0.002556,0.001886,0.001311,0.001500,0.003720,0.009514,0.004388,0.005165,0.001583,0.004577,0.020395,0.008696
2022-12-15,0.025464,0.071817,0.026835,0.225163,0.019109,0.005924,0.001905,0.053061,0.040496,0.019200,0.025370,0.281853,0.079920,0.001700,0.000760,0.002984,0.002825,0.004386,0.005207,0.005375,0.002238,0.001105,0.004802,0.000789,0.005238,0.005038,0.011253,0.010343,0.002076,0.005575,0.005204,0.004335,0.008449,0.024157
2023-01-18,0.023224,0.067504,0.013567,0.231362,0.020751,0.010733,0.002240,0.103461,0.038291,0.016979,0.023918,0.205822,0.113825,0.002424,0.001773,0.002964,0.002404,0.003623,0.007750,0.005965,0.002031,0.001386,0.003201,0.001863,0.002934,0.004383,0.007872,0.010036,0.004174,0.004501,0.003941,0.012360,0.013002,0.019690
2023-02-16,0.023927,0.077164,0.013067,0.230571,0.033681,0.011447,0.002072,0.094832,0.012641,0.014497,0.024185,0.204427,0.129927,0.001989,0.002381,0.002255,0.003476,0.004730,0.007252,0.004724,0.003100,0.001379,0.005731,0.001456,0.001766,0.004665,0.013672,0.009083,0.003661,0.004276,0.007208,0.004131,0.015151,0.015436
2023-03-17,0.024847,0.072163,0.013673,0.253308,0.007538,0.005690,0.003084,0.096565,0.013781,0.018193,0.026968,0.214582,0.108236,0.003670,0.003106,0.002148,0.003537,0.003468,0.004240,0.006635,0.007232,0.002095,0.005740,0.002687,0.002977,0.004367,0.012978,0.008252,0.000852,0.008765,0.007866,0.009663,0.014114,0.016939
2023-04-19,0.029964,0.090108,0.013170,0.196039,0.011629,0.007066,0.003064,0.100512,0.022579,0.019626,0.024515,0.203716,0.113166,0.003132,0.006805,0.003356,0.003717,0.003191,0.008673,0.005443,0.002581,0.001721,0.006577,0.001571,0.006533,0.003416,0.013357,0.009600,0.003611,0.004965,0.021365,0.009078,0.015643,0.020470
2023-05-22,0.023499,0.095074,0.013956,0.201802,0.005943,0.006403,0.003023,0.101479,0.011659,0.019568,0.033456,0.212818,0.102675,0.004582,0.002368,0.004594,0.004462,0.009102,0.006153,0.014231,0.003976,0.003122,0.006343,0.002279,0.007614,0.003583,0.003888,0.004973,0.003589,0.013099,0.020130,0.000664,0.019265,0.020581
2023-06-21,0.017562,0.099836,0.010198,0.184551,0.013698,0.006798,0.002352,0.111685,0.020712,0.021823,0.030014,0.198648,0.119460,0.003763,0.001309,0.005136,0.002970,0.009038,0.005134,0.013511,0.003072,0.002389,0.006895,0.002000,0.007700,0.003519,0.001916,0.010005,0.003274,0.007504,0.010038,0.000694,0.018302,0.034451
2023-07-20,0.026439,0.085512,0.015180,0.214237,0.012837,0.019390,0.003100,0.089796,0.018263,0.027796,0.035622,0.232295,0.052580,0.004227,0.002894,0.003945,0.003485,0.011235,0.005365,0.017148,0.003131,0.002699,0.006500,0.001721,0.008197,0.003010,0.003716,0.008513,0.003939,0.007205,0.008805,0.000594,0.017025,0.033556
2023-08-18,0.049443,0.078550,0.025569,0.212208,0.011898,0.005361,0.004229,0.075455,0.018379,0.028359,0.039469,0.228409,0.066614,0.006987,0.003669,0.001603,0.003873,0.010592,0.003021,0.016381,0.007574,0.003283,0.005569,0.001702,0.004746,0.002383,0.006295,0.007768,0.002184,0.006366,0.019609,0.000417,0.010811,0.021193
2023-09-19,0.049690,0.070231,0.015915,0.234109,0.010973,0.005329,0.003260,0.058481,0.018455,0.021546,0.034726,0.261067,0.046162,0.006475,0.002908,0.002313,0.004043,0.010988,0.005069,0.015504,0.005652,0.004781,0.012817,0.002317,0.004475,0.002285,0.005996,0.005624,0.001719,0.007313,0.018046,0.000318,0.017997,0.023384
2023-10-18,0.048622,0.085861,0.026454,0.198286,0.011173,0.008229,0.003985,0.053585,0.019707,0.028753,0.041835,0.257332,0.048142,0.007663,0.004275,0.004293,0.004849,0.011849,0.004551,0.013954,0.007215,0.004484,0.007202,0.002127,0.007618,0.003516,0.004196,0.006720,0.001772,0.007964,0.013516,0.000379,0.017574,0.022279
2023-11-16,0.055537,0.082889,0.028988,0.190041,0.011373,0.007287,0.002833,0.059226,0.020116,0.027186,0.046244,0.258814,0.050309,0.008170,0.003534,0.005590,0.002922,0.012214,0.004341,0.012653,0.005731,0.003281,0.010812,0.001943,0.000381,0.003281,0.009281,0.009631,0.003386,0.008079,0.008873,0.000266,0.021898,0.012855
2023-12-15,0.057304,0.074204,0.023564,0.184191,0.012671,0.006383,0.002404,0.029716,0.017040,0.022847,0.066245,0.272912,0.072130,0.011938,0.002773,0.005357,0.002624,0.014102,0.004356,0.010028,0.007962,0.005236,0.005531,0.001246,0.000702,0.005566,0.003590,0.007668,0.001800,0.008116,0.011270,0.000486,0.019219,0.018782
2024-01-18,0.038952,0.098027,0.019063,0.148100,0.011610,0.014001,0.003308,0.021511,0.027353,0.068727,0.071935,0.261522,0.112094,0.005639,0.002983,0.003122,0.002724,0.007555,0.002954,0.005731,0.006692,0.003628,0.005946,0.001443,0.000470,0.003565,0.005053,0.004471,0.002722,0.004427,0.007460,0.000288,0.011771,0.005113
2024-02-16,0.037054,0.084740,0.018317,0.164926,0.016436,0.007666,0.002955,0.017445,0.037519,0.037409,0.071203,0.291345,0.118473,0.004365,0.004362,0.002247,0.003422,0.007384,0.002740,0.005311,0.006331,0.003064,0.005123,0.001178,0.000399,0.003682,0.006652,0.005947,0.002617,0.003172,0.005592,0.001092,0.005607,0.004189
2024-03-18,0.039843,0.088091,0.019577,0.155878,0.019726,0.015139,0.002836,0.016393,0.033422,0.026808,0.079109,0.294684,0.110971,0.002565,0.003575,0.003273,0.002657,0.008533,0.003048,0.004701,0.009323,0.002876,0.004883,0.001066,0.000460,0.002238,0.010236,0.004626,0.002650,0.003634,0.004239,0.001845,0.006141,0.004921
2024-04-18,0.028251,0.080183,0.014216,0.116626,0.022372,0.006728,0.002301,0.016903,0.049436,0.023912,0.083004,0.372386,0.105909,0.002575,0.003939,0.003402,0.002599,0.006010,0.003300,0.003985,0.001824,0.001971,0.003478,0.000891,0.000407,0.002662,0.004140,0.005605,0.002405,0.002909,0.004999,0.001162,0.005647,0.003828
2024-05-20,0.018872,0.106110,0.009953,0.131211,0.021324,0.010695,0.004692,0.020061,0.057514,0.022472,0.074181,0.356361,0.088353,0.002659,0.003871,0.002399,0.003467,0.007067,0.003137,0.003293,0.002157,0.003149,0.004209,0.001914,0.000447,0.003196,0.002981,0.005074,0.001565,0.002817,0.004453,0.001590,0.003913,0.004808
2024-06-19,0.020321,0.105578,0.010724,0.119150,0.013751,0.011967,0.005857,0.019755,0.031403,0.025132,0.077005,0.391670,0.088098,0.002085,0.003904,0.003892,0.003746,0.007738,0.003820,0.003257,0.002033,0.002396,0.003091,0.001790,0.000463,0.003421,0.004187,0.004512,0.002641,0.002731,0.003722,0.001583,0.003865,0.004679
2024-07-18,0.026477,0.103173,0.013197,0.120945,0.017485,0.011238,0.003553,0.019004,0.049647,0.024696,0.073496,0.397803,0.061812,0.002943,0.002826,0.001797,0.002774,0.010216,0.005182,0.002844,0.001037,0.001869,0.004396,0.002090,0.000481,0.002997,0.003392,0.006242,0.001795,0.003413,0.003121,0.001287,0.002732,0.003999
2024-08-16,0.014791,0.095539,0.007115,0.113454,0.017210,0.011371,0.003402,0.032923,0.039014,0.018927,0.077185,0.409246,0.085846,0.002353,0.003211,0.001759,0.001894,0.004873,0.004450,0.002565,0.001537,0.002334,0.004211,0.001141,0.007402,0.003403,0.001816,0.004761,0.001995,0.002353,0.003310,0.001158,0.003002,0.004412
2024-09-17,0.016156,0.078038,0.009435,0.134531,0.016078,0.007399,0.003829,0.018120,0.028026,0.015977,0.051037,0.476930,0.065909,0.002827,0.002949,0.001330,0.003180,0.006275,0.004594,0.002813,0.001065,0.001537,0.004904,0.000765,0.008597,0.003629,0.001417,0.004839,0.002549,0.002422,0.003811,0.001302,0.003450,0.004243
2024-10-16,0.014407,0.070846,0.006658,0.139059,0.014721,0.011440,0.003684,0.017125,0.025468,0.019347,0.054499,0.468353,0.068747,0.002134,0.003325,0.001699,0.002305,0.006451,0.005213,0.003098,0.001479,0.002334,0.005291,0.001201,0.008993,0.000896,0.001957,0.007475,0.003890,0.002099,0.005413,0.001244,0.002819,0.006290
2024-11-14,0.014254,0.078041,0.008756,0.139398,0.011440,0.006278,0.003272,0.030338,0.020848,0.014843,0.037263,0.477016,0.070809,0.003683,0.001379,0.001557,0.001098,0.008278,0.004359,0.003339,0.000912,0.001079,0.007613,0.000860,0.006555,0.000959,0.001780,0.006709,0.004139,0.001811,0.001145,0.002425,0.003800,0.013917
2024-12-13,0.017093,0.083542,0.009162,0.114332,0.011723,0.007629,0.003973,0.053342,0.021577,0.019838,0.047046,0.439499,0.076181,0.004933,0.003119,0.001522,0.000749,0.007912,0.004611,0.003341,0.001607,0.002621,0.003215,0.000533,0.010769,0.000761,0.001677,0.008836,0.002338,0.002274,0.003392,0.003122,0.003631,0.014069
2025-01-16,0.014364,0.127323,0.009133,0.105332,0.017868,0.006555,0.004574,0.044400,0.034835,0.033041,0.057052,0.371649,0.079328,0.002546,0.002510,0.001338,0.000620,0.006226,0.005051,0.004075,0.001913,0.001811,0.006000,0.000162,0.008025,0.000606,0.001052,0.009901,0.002218,0.002514,0.002950,0.002117,0.003333,0.019536
2025-02-14,0.023189,0.158897,0.009625,0.102489,0.010125,0.011106,0.003478,0.042026,0.019337,0.042190,0.046521,0.355848,0.076597,0.003503,0.002495,0.001218,0.000419,0.004927,0.005070,0.003860,0.002535,0.002028,0.009851,0.000205,0.010739,0.000547,0.001599,0.009793,0.002697,0.002351,0.003077,0.001703,0.006225,0.013683
2025-03-17,0.017940,0.137524,0.008569,0.123960,0.018273,0.012160,0.002773,0.043857,0.034342,0.033103,0.045959,0.335280,0.087601,0.003122,0.002945,0.001798,0.000436,0.006135,0.004968,0.004299,0.002954,0.000873,0.005134,0.000228,0.010354,0.000553,0.001109,0.009985,0.003252,0.002026,0.003563,0.001787,0.007195,0.015915
2025-04-15,0.009964,0.038886,0.005361,0.173250,0.008705,0.005534,0.003854,0.011048,0.014510,0.015209,0.046643,0.464481,0.120516,0.005844,0.004689,0.001872,0.000724,0.002801,0.002278,0.001996,0.006707,0.001121,0.006557,0.000395,0.003529,0.001017,0.002111,0.005184,0.005810,0.003112,0.002024,0.002367,0.003867,0.008003
2025-05-19,0.011892,0.050792,0.007713,0.050864,0.013011,0.005810,0.002797,0.019443,0.022922,0.015848,0.055243,0.468720,0.183445,0.007433,0.003907,0.002978,0.000614,0.004159,0.001711,0.002583,0.007694,0.001248,0.007966,0.000404,0.005537,0.000960,0.002072,0.004797,0.005743,0.003965,0.003068,0.001922,0.003698,0.009011
2025-06-18,0.011015,0.046133,0.006423,0.111462,0.009693,0.006816,0.002954,0.011682,0.017805,0.016532,0.056092,0.423809,0.191556,0.006366,0.003483,0.002434,0.000596,0.002546,0.002593,0.002529,0.005538,0.001214,0.009932,0.000384,0.005355,0.000977,0.003758,0.005265,0.005466,0.003217,0.002975,0.002198,0.003534,0.007626
2025-07-17,0.011161,0.047108,0.007065,0.089314,0.024955,0.005578,0.003292,0.014632,0.030143,0.014718,0.055008,0.419897,0.194253,0.005146,0.004760,0.001394,0.000643,0.001337,0.002994,0.002180,0.005654,0.001214,0.010340,0.000356,0.003584,0.000825,0.000731,0.006417,0.005124,0.003273,0.003274,0.002514,0.004034,0.007043
2025-08-15,0.013049,0.046484,0.009587,0.088565,0.026253,0.006221,0.003135,0.018917,0.028428,0.014131,0.053370,0.412009,0.200757,0.004250,0.003721,0.001389,0.000777,0.001701,0.001681,0.001906,0.006039,0.001019,0.010062,0.000360,0.001955,0.003901,0.000632,0.005275,0.005269,0.003366,0.003908,0.002247,0.003786,0.005812
2025-09-16,0.013062,0.049293,0.008353,0.112332,0.006351,0.006226,0.004189,0.018924,0.014043,0.014597,0.064737,0.420406,0.187773,0.003963,0.003473,0.002125,0.000873,0.001906,0.002041,0.002380,0.006279,0.000803,0.005610,0.000494,0.002472,0.002642,0.001631,0.007423,0.005802,0.003763,0.004065,0.002337,0.004696,0.004901
2025-10-15,0.022093,0.058162,0.012513,0.100919,0.017359,0.010441,0.004017,0.018625,0.038667,0.015712,0.037954,0.412306,0.158965,0.004396,0.002697,0.002419,0.000764,0.003416,0.002415,0.003607,0.004110,0.000722,0.004945,0.001406,0.003447,0.002500,0.001967,0.009472,0.006523,0.003898,0.011433,0.001924,0.004853,0.005301
2025-11-13,0.011568,0.047274,0.007043,0.081741,0.029079,0.006822,0.003955,0.024617,0.022375,0.012120,0.055034,0.423800,0.189736,0.003049,0.005036,0.003259,0.001098,0.001163,0.001571,0.001283,0.004468,0.000658,0.005352,0.001532,0.002049,0.002715,0.001633,0.008149,0.005614,0.003056,0.007472,0.000554,0.006567,0.008513
2025-12-12,0.008072,0.049090,0.016626,0.039557,0.014185,0.005376,0.003703,0.023433,0.023182,0.015796,0.041471,0.521020,0.152542,0.003126,0.002135,0.002583,0.000999,0.003453,0.003589,0.003628,0.002406,0.000904,0.007756,0.000958,0.001822,0.001647,0.001692,0.007456,0.006467,0.002846,0.010098,0.000380,0.005825,0.006125
2026-01-15,0.015896,0.151774,0.010706,0.035934,0.016168,0.011183,0.003612,0.017331,0.041181,0.027959,0.053912,0.411423,0.130755,0.002346,0.002058,0.002890,0.000767,0.001923,0.002255,0.003235,0.001960,0.001109,0.004785,0.000995,0.000965,0.001827,0.001197,0.011483,0.002382,0.002250,0.004960,0.000470,0.006308,0.005938
2026-02-13,0.021326,0.214175,0.009670,0.037352,0.016121,0.021445,0.003754,0.022175,0.030247,0.039023,0.067223,0.367302,0.085874,0.000850,0.002391,0.001897,0.000531,0.001249,0.001308,0.001792,0.002346,0.001210,0.003685,0.000760,0.001738,0.003086,0.000732,0.008765,0.002632,0.001501,0.005740,0.000317,0.005635,0.006106
2026-03-16,0.020436,0.127294,0.009157,0.034082,0.006132,0.013119,0.004031,0.033212,0.025134,0.021786,0.071453,0.472778,0.084850,0.001956,0.001772,0.002703,0.000925,0.001445,0.001550,0.002327,0.003903,0.000879,0.006027,0.000942,0.002065,0.001758,0.001209,0.012418,0.003430,0.001718,0.004408,0.000402,0.007464,0.007196
2026-04-16,0.018475,0.076943,0.006005,0.015282,0.008730,0.004729,0.005619,0.037896,0.030587,0.013823,0.090533,0.570843,0.047138,0.002402,0.002045,0.001996,0.000881,0.001609,0.002022,0.002274,0.002792,0.001052,0.004888,0.001036,0.002406,0.002270,0.001250,0.004553,0.003710,0.002245,0.007703,0.000267,0.006004,0.009946
2026-05-18,0.025491,0.051954,0.014038,0.030309,0.007924,0.006601,0.003122,0.017152,0.032284,0.010046,0.087474,0.572478,0.082964,0.000962,0.001960,0.003020,0.000595,0.001551,0.001712,0.002270,0.001385,0.001048,0.003541,0.000518,0.001481,0.001654,0.001158,0.005054,0.002174,0.002318,0.005184,0.000099,0.003752,0.006668
2026-06-17,0.023664,0.067917,0.010056,0.020764,0.012836,0.007637,0.003839,0.038391,0.030199,0.012328,0.082901,0.560535,0.067912,0.000712,0.002775,0.002012,0.000752,0.001381,0.001301,0.002360,0.001803,0.001127,0.004712,0.000788,0.003510,0.001551,0.001781,0.008790,0.004170,0.001627,0.003394,0.000254,0.002379,0.003793
2026-07-16,0.013940,0.082147,0.004800,0.015306,0.006326,0.007821,0.002308,0.036828,0.027492,0.022148,0.085064,0.536634,0.091302,0.000329,0.001717,0.003030,0.000747,0.001982,0.001799,0.003979,0.001214,0.000820,0.003300,0.000750,0.001954,0.001473,0.001303,0.013741,0.001400,0.002380,0.006746,0.000117,0.001545,0.007515
2026-08-14,0.017778,0.059894,0.005490,0.014533,0.004854,0.006403,0.005748,0.027185,0.021202,0.011760,0.087350,0.591981,0.087800,0.000514,0.002745,0.001943,0.001125,0.001360,0.001493,0.001996,0.002800,0.001384,0.004281,0.001178,0.002436,0.001823,0.001701,0.006944,0.001847,0.001407,0.003917,0.000728,0.001777,0.004586
2026-09-15,0.022284,0.095356,0.006576,0.022606,0.006782,0.008570,0.002238,0.020675,0.038930,0.027156,0.061059,0.527074,0.080795,0.000523,0.002605,0.003178,0.001121,0.001400,0.001385,0.004502,0.001526,0.001173,0.004206,0.001118,0.002360,0.002060,0.002479,0.012199,0.002216,0.005724,0.008705,0.000705,0.001638,0.009021
