date,equity_equal,equity_equal_engine,equity_equal_pandas
2020-12-10,100000000.000000,100000000.000000,100000000.000000
2020-12-11,100000000.000000,100000000.000000,100000000.000000
2020-12-14,100000000.000000,100000000.000000,100000000.000000
2020-12-15,100000000.000000,100000000.000000,100000000.000000
2020-12-16,100000000.000000,100000000.000000,100000000.000000
2020-12-17,100000000.000000,100000000.000000,100000000.000000
2020-12-18,100000000.000000,100000000.000000,100000000.000000
2020-12-21,100000000.000000,100000000.000000,100000000.000000
2020-12-22,100000000.000000,100000000.000000,100000000.000000
2020-12-23,100000000.000000,100000000.000000,100000000.000000
2020-12-24,100000000.000000,100000000.000000,100000000.000000
2020-12-29,100000000.000000,100000000.000000,100000000.000000
2020-12-30,100000000.000000,100000000.000000,100000000.000000
2020-12-31,100000000.000000,100000000.000000,100000000.000000
2021-01-04,100000000.000000,100000000.000000,100000000.000000
2021-01-05,100000000.000000,100000000.000000,100000000.000000
2021-01-06,100000000.000000,100000000.000000,100000000.000000
2021-01-07,100000000.000000,100000000.000000,100000000.000000
2021-01-08,100000000.000000,100000000.000000,100000000.000000
2021-01-11,100000000.000000,100000000.000000,100000000.000000
2021-01-12,100000000.000000,100000000.000000,100000000.000000
2021-01-13,100000000.000000,100000000.000000,100000000.000000
2021-01-14,100000000.000000,100000000.000000,100000000.000000
2021-01-15,100000000.000000,100000000.000000,100000000.000000
2021-01-18,100000000.000000,100000000.000000,100000000.000000
2021-01-19,100000000.000000,100000000.000000,100000000.000000
2021-01-20,100000000.000000,100000000.000000,100000000.000000
2021-01-21,100000000.000000,100000000.000000,100000000.000000
2021-01-22,100000000.000000,100000000.000000,100000000.000000
2021-01-25,100000000.000000,100000000.000000,100000000.000000
2021-01-26,100000000.000000,100000000.000000,100000000.000000
2021-01-27,100000000.000000,100000000.000000,100000000.000000
2021-01-28,100000000.000000,100000000.000000,100000000.000000
2021-01-29,100000000.000000,100000000.000000,100000000.000000
2021-02-01,100000000.000000,100000000.000000,100000000.000000
2021-02-02,100000000.000000,100000000.000000,100000000.000000
2021-02-03,100000000.000000,100000000.000000,100000000.000000
2021-02-04,100000000.000000,100000000.000000,100000000.000000
2021-02-05,100000000.000000,100000000.000000,100000000.000000
2021-02-08,100000000.000000,100000000.000000,100000000.000000
2021-02-09,100000000.000000,100000000.000000,100000000.000000
2021-02-10,100000000.000000,100000000.000000,100000000.000000
2021-02-11,100000000.000000,100000000.000000,100000000.000000
2021-02-12,100000000.000000,100000000.000000,100000000.000000
2021-02-15,100000000.000000,100000000.000000,100000000.000000
2021-02-16,100000000.000000,100000000.000000,100000000.000000
2021-02-17,100000000.000000,100000000.000000,100000000.000000
2021-02-18,100000000.000000,100000000.000000,100000000.000000
2021-02-19,100000000.000000,100000000.000000,100000000.000000
2021-02-22,100000000.000000,100000000.000000,100000000.000000
2021-02-23,100000000.000000,100000000.000000,100000000.000000
2021-02-24,100000000.000000,100000000.000000,100000000.000000
2021-02-25,100000000.000000,100000000.000000,100000000.000000
2021-02-26,100000000.000000,100000000.000000,100000000.000000
2021-03-01,100000000.000000,100000000.000000,100000000.000000
2021-03-02,100000000.000000,100000000.000000,100000000.000000
2021-03-03,100000000.000000,100000000.000000,100000000.000000
2021-03-04,100000000.000000,100000000.000000,100000000.000000
2021-03-05,100000000.000000,100000000.000000,100000000.000000
2021-03-08,100000000.000000,100000000.000000,100000000.000000
2021-03-09,100000000.000000,100000000.000000,100000000.000000
2021-03-10,100000000.000000,100000000.000000,100000000.000000
2021-03-11,100000000.000000,100000000.000000,100000000.000000
2021-03-12,100000000.000000,100000000.000000,100000000.000000
2021-03-15,100000000.000000,100000000.000000,100000000.000000
2021-03-16,100000000.000000,100000000.000000,100000000.000000
2021-03-17,100000000.000000,100000000.000000,100000000.000000
2021-03-18,100000000.000000,100000000.000000,100000000.000000
2021-03-19,100000000.000000,100000000.000000,100000000.000000
2021-03-22,100000000.000000,100000000.000000,100000000.000000
2021-03-23,100000000.000000,100000000.000000,100000000.000000
2021-03-24,100000000.000000,100000000.000000,100000000.000000
2021-03-25,100000000.000000,100000000.000000,100000000.000000
2021-03-26,100000000.000000,100000000.000000,100000000.000000
2021-03-29,100000000.000000,100000000.000000,100000000.000000
2021-03-30,100000000.000000,100000000.000000,100000000.000000
2021-03-31,100000000.000000,100000000.000000,100000000.000000
2021-04-01,100000000.000000,100000000.000000,100000000.000000
2021-04-06,100000000.000000,100000000.000000,100000000.000000
2021-04-07,100000000.000000,100000000.000000,100000000.000000
2021-04-08,100000000.000000,100000000.000000,100000000.000000
2021-04-09,100000000.000000,100000000.000000,100000000.000000
2021-04-12,100000000.000000,100000000.000000,100000000.000000
2021-04-13,100000000.000000,100000000.000000,100000000.000000
2021-04-14,100000000.000000,100000000.000000,100000000.000000
2021-04-15,100000000.000000,100000000.000000,100000000.000000
2021-04-16,100000000.000000,100000000.000000,100000000.000000
2021-04-19,100000000.000000,100000000.000000,100000000.000000
2021-04-20,100000000.000000,100000000.000000,100000000.000000
2021-04-21,100000000.000000,100000000.000000,100000000.000000
2021-04-22,100000000.000000,100000000.000000,100000000.000000
2021-04-23,100000000.000000,100000000.000000,100000000.000000
2021-04-26,100000000.000000,100000000.000000,100000000.000000
2021-04-27,100000000.000000,100000000.000000,100000000.000000
2021-04-28,100000000.000000,100000000.000000,100000000.000000
2021-04-29,100000000.000000,100000000.000000,100000000.000000
2021-04-30,100000000.000000,100000000.000000,100000000.000000
2021-05-04,100000000.000000,100000000.000000,100000000.000000
2021-05-05,100000000.000000,100000000.000000,100000000.000000
2021-05-06,100000000.000000,100000000.000000,100000000.000000
2021-05-07,100000000.000000,100000000.000000,100000000.000000
2021-05-10,100000000.000000,100000000.000000,100000000.000000
2021-05-11,100000000.000000,100000000.000000,100000000.000000
2021-05-12,100000000.000000,100000000.000000,100000000.000000
2021-05-13,100000000.000000,100000000.000000,100000000.000000
2021-05-14,100000000.000000,100000000.000000,100000000.000000
2021-05-17,100000000.000000,100000000.000000,100000000.000000
2021-05-18,100000000.000000,100000000.000000,100000000.000000
2021-05-19,100000000.000000,100000000.000000,100000000.000000
2021-05-20,100000000.000000,100000000.000000,100000000.000000
2021-05-21,100000000.000000,100000000.000000,100000000.000000
2021-05-24,100000000.000000,100000000.000000,100000000.000000
2021-05-25,100000000.000000,100000000.000000,100000000.000000
2021-05-26,100000000.000000,100000000.000000,100000000.000000
2021-05-27,100000000.000000,100000000.000000,100000000.000000
2021-05-28,100000000.000000,100000000.000000,100000000.000000
2021-06-01,100000000.000000,100000000.000000,100000000.000000
2021-06-02,100000000.000000,100000000.000000,100000000.000000
2021-06-03,100000000.000000,100000000.000000,100000000.000000
2021-06-04,100000000.000000,100000000.000000,100000000.000000
2021-06-07,100000000.000000,100000000.000000,100000000.000000
2021-06-08,100000000.000000,100000000.000000,100000000.000000
2021-06-09,100000000.000000,100000000.000000,100000000.000000
2021-06-10,100000000.000000,100000000.000000,100000000.000000
2021-06-11,100000000.000000,100000000.000000,100000000.000000
2021-06-14,100000000.000000,100000000.000000,100000000.000000
2021-06-15,100000000.000000,100000000.000000,100000000.000000
2021-06-16,100000000.000000,100000000.000000,100000000.000000
2021-06-17,100000000.000000,100000000.000000,100000000.000000
2021-06-18,100000000.000000,100000000.000000,100000000.000000
2021-06-21,100000000.000000,100000000.000000,100000000.000000
2021-06-22,100000000.000000,100000000.000000,100000000.000000
2021-06-23,100000000.000000,100000000.000000,100000000.000000
2021-06-24,100000000.000000,100000000.000000,100000000.000000
2021-06-25,100000000.000000,100000000.000000,100000000.000000
2021-06-28,100000000.000000,100000000.000000,100000000.000000
2021-06-29,100000000.000000,100000000.000000,100000000.000000
2021-06-30,100000000.000000,100000000.000000,100000000.000000
2021-07-01,100000000.000000,100000000.000000,100000000.000000
2021-07-02,100000000.000000,100000000.000000,100000000.000000
2021-07-05,100000000.000000,100000000.000000,100000000.000000
2021-07-06,100000000.000000,100000000.000000,100000000.000000
2021-07-07,100000000.000000,100000000.000000,100000000.000000
2021-07-08,100000000.000000,100000000.000000,100000000.000000
2021-07-09,100000000.000000,100000000.000000,100000000.000000
2021-07-12,100000000.000000,100000000.000000,100000000.000000
2021-07-13,100000000.000000,100000000.000000,100000000.000000
2021-07-14,100000000.000000,100000000.000000,100000000.000000
2021-07-15,100000000.000000,100000000.000000,100000000.000000
2021-07-16,100000000.000000,100000000.000000,100000000.000000
2021-07-19,100000000.000000,100000000.000000,100000000.000000
2021-07-20,100000000.000000,100000000.000000,100000000.000000
2021-07-21,100000000.000000,100000000.000000,100000000.000000
2021-07-22,100000000.000000,100000000.000000,100000000.000000
2021-07-23,100000000.000000,100000000.000000,100000000.000000
2021-07-26,100000000.000000,100000000.000000,100000000.000000
2021-07-27,100000000.000000,100000000.000000,100000000.000000
2021-07-28,100000000.000000,100000000.000000,100000000.000000
2021-07-29,100000000.000000,100000000.000000,100000000.000000
2021-07-30,100000000.000000,100000000.000000,100000000.000000
2021-08-02,100000000.000000,100000000.000000,100000000.000000
2021-08-03,100000000.000000,100000000.000000,100000000.000000
2021-08-04,100000000.000000,100000000.000000,100000000.000000
2021-08-05,100000000.000000,100000000.000000,100000000.000000
2021-08-06,100000000.000000,100000000.000000,100000000.000000
2021-08-09,100000000.000000,100000000.000000,100000000.000000
2021-08-10,100000000.000000,100000000.000000,100000000.000000
2021-08-11,100000000.000000,100000000.000000,100000000.000000
2021-08-12,100000000.000000,100000000.000000,100000000.000000
2021-08-13,100000000.000000,100000000.000000,100000000.000000
2021-08-16,100000000.000000,100000000.000000,100000000.000000
2021-08-17,100000000.000000,100000000.000000,100000000.000000
2021-08-18,100000000.000000,100000000.000000,100000000.000000
2021-08-19,100000000.000000,100000000.000000,100000000.000000
2021-08-20,100000000.000000,100000000.000000,100000000.000000
2021-08-23,100000000.000000,100000000.000000,100000000.000000
2021-08-24,100000000.000000,100000000.000000,100000000.000000
2021-08-25,100000000.000000,100000000.000000,100000000.000000
2021-08-26,100000000.000000,100000000.000000,100000000.000000
2021-08-27,100000000.000000,100000000.000000,100000000.000000
2021-08-31,100000000.000000,100000000.000000,100000000.000000
2021-09-01,100000000.000000,100000000.000000,100000000.000000
2021-09-02,100000000.000000,100000000.000000,100000000.000000
2021-09-03,100000000.000000,100000000.000000,100000000.000000
2021-09-06,100000000.000000,100000000.000000,100000000.000000
2021-09-07,100000000.000000,100000000.000000,100000000.000000
2021-09-08,100000000.000000,100000000.000000,100000000.000000
2021-09-09,100000000.000000,100000000.000000,100000000.000000
2021-09-10,100000000.000000,100000000.000000,100000000.000000
2021-09-13,100000000.000000,100000000.000000,100000000.000000
2021-09-14,100000000.000000,100000000.000000,100000000.000000
2021-09-15,100000000.000000,100000000.000000,100000000.000000
2021-09-16,100000000.000000,100000000.000000,100000000.000000
2021-09-17,101282703.120000,101282703.120000,101295170.590000
2021-09-20,98551371.580000,98551371.580000,98536408.140000
2021-09-21,99429976.660000,99429976.660000,99423797.600000
2021-09-22,99983218.880000,99983218.880000,99982547.780000
2021-09-23,101066104.400000,101066104.400000,101076569.940000
2021-09-24,100100169.960000,100100169.960000,100100415.460000
2021-09-27,100584962.380000,100584962.380000,100590746.240000
2021-09-28,98241492.510000,98241492.510000,98222954.360000
2021-09-29,97834429.080000,97834429.080000,97811849.410000
2021-09-30,98047673.050000,98047673.050000,98027237.330000
2021-10-01,98397694.000000,98397694.000000,98380464.180000
2021-10-04,96474395.920000,96474395.920000,96437665.420000
2021-10-05,96403977.670000,96403977.670000,96366333.240000
2021-10-06,97208007.150000,97208007.150000,97178291.160000
2021-10-07,98731398.060000,98731398.060000,98717586.220000
2021-10-08,99146689.310000,99146689.310000,99136214.990000
2021-10-11,98592729.860000,98592729.860000,98577180.530000
2021-10-12,98725696.640000,98725696.640000,98711638.270000
2021-10-13,100265403.860000,100265403.860000,100267002.190000
2021-10-14,100686232.720000,100686232.720000,100691545.230000
2021-10-15,100924815.230000,100924815.230000,100933540.520000
2021-10-18,101495580.370000,101495580.370000,101639886.110000
2021-10-19,102713791.300000,102713791.300000,102852833.970000
2021-10-20,101644734.420000,101644734.420000,101648112.770000
2021-10-21,101829550.660000,101829550.660000,101707094.080000
2021-10-22,101937400.820000,101937400.820000,101705481.530000
2021-10-25,101997151.980000,101997151.980000,101794926.610000
2021-10-26,102539634.020000,102539634.020000,102254971.760000
2021-10-27,102378347.850000,102378347.850000,102146085.500000
2021-10-28,103408567.130000,103408567.130000,103319214.180000
2021-10-29,101929252.120000,101929252.120000,101943686.370000
2021-11-01,104826495.700000,104826495.700000,105019849.640000
2021-11-02,105260644.200000,105260644.200000,105367721.510000
2021-11-03,105256473.990000,105256473.990000,105335381.550000
2021-11-04,106065031.430000,106065031.430000,106015835.480000
2021-11-05,106524006.930000,106524006.930000,106504336.890000
2021-11-08,106935211.120000,106935211.120000,107181271.120000
2021-11-09,106744823.630000,106744823.630000,107234451.800000
2021-11-10,104730858.940000,104730858.940000,105228204.510000
2021-11-11,105250464.410000,105250464.410000,105874405.280000
2021-11-12,105324410.700000,105324410.700000,105880818.760000
2021-11-15,104564162.700000,104564162.700000,105013909.300000
2021-11-16,102668614.790000,102668614.790000,102760504.980000
2021-11-17,102301072.820000,102301072.820000,102661846.760000
2021-11-18,101033433.540000,101033433.540000,101190397.160000
2021-11-19,99779879.150000,99779879.150000,99825005.720000
2021-11-22,99407762.460000,99407762.460000,98983556.330000
2021-11-23,98627006.210000,98627006.210000,98656103.350000
2021-11-24,99232639.230000,99232639.230000,99345265.160000
2021-11-25,99323346.700000,99323346.700000,99451041.510000
2021-11-26,96360360.710000,96360360.710000,96157595.280000
2021-11-29,95900929.150000,95900929.150000,95860910.190000
2021-11-30,96493499.100000,96493499.100000,96022008.300000
2021-12-01,95465325.870000,95465325.870000,94842742.370000
2021-12-02,94653241.570000,94653241.570000,94112271.240000
2021-12-03,92775088.550000,92775088.550000,92068334.790000
2021-12-06,92326714.520000,92326714.520000,91926296.870000
2021-12-07,95593999.420000,95593999.420000,95102894.700000
2021-12-08,96940608.080000,96940608.080000,96324022.350000
2021-12-09,96366948.650000,96366948.650000,95632089.840000
2021-12-10,95550525.230000,95550525.230000,94475264.720000
2021-12-13,94490306.680000,94490306.680000,93205077.850000
2021-12-14,94044568.320000,94044568.320000,92511741.100000
2021-12-15,94270319.310000,94270319.310000,92614819.030000
2021-12-16,94376533.090000,94376533.090000,92889679.270000
2021-12-17,94894055.970000,94894055.970000,93197069.260000
2021-12-20,94224271.250000,94224271.250000,92570474.720000
2021-12-21,96050998.190000,96050998.190000,94275686.420000
2021-12-22,96654261.710000,96654261.710000,94920648.320000
2021-12-23,97125534.000000,97125534.000000,95493869.670000
2021-12-24,97231903.880000,97231903.880000,95561914.510000
2021-12-29,95553353.410000,95553353.410000,94160214.930000
2021-12-30,96213168.590000,96213168.590000,94591432.760000
2021-12-31,96069981.500000,96069981.500000,94348652.140000
2022-01-04,97351863.660000,97351863.660000,95707047.810000
2022-01-05,95275101.180000,95275101.180000,94194653.160000
2022-01-06,93545799.340000,93545799.340000,92706273.820000
2022-01-07,93472073.740000,93472073.740000,92590471.730000
2022-01-10,93373474.330000,93373474.330000,92424937.940000
2022-01-11,94637495.630000,94637495.630000,93545699.900000
2022-01-12,94855345.350000,94855345.350000,94018329.060000
2022-01-13,94987406.250000,94987406.250000,94091006.000000
2022-01-14,95577507.600000,95577507.600000,94529909.490000
2022-01-17,94719297.440000,94719297.440000,93832367.150000
2022-01-18,93195639.030000,93195639.030000,92722812.560000
2022-01-19,92499362.680000,92499362.680000,92292862.120000
2022-01-20,93358308.870000,93358308.870000,93141741.300000
2022-01-21,90629622.110000,90629622.110000,90695083.200000
2022-01-24,88052725.480000,88052725.480000,88265100.210000
2022-01-25,87248025.040000,87248025.040000,87616864.710000
2022-01-26,87772453.550000,87772453.550000,88339562.120000
2022-01-27,86099044.000000,86099044.000000,86885281.880000
2022-01-28,86437850.600000,86437850.600000,87029800.580000
2022-01-31,88626462.500000,88626462.500000,88928865.920000
2022-02-01,91003998.380000,91003998.380000,91206642.800000
2022-02-02,90035875.740000,90035875.740000,90542516.260000
2022-02-03,87948067.720000,87948067.720000,88715107.860000
2022-02-04,88768645.300000,88768645.300000,89490574.080000
2022-02-07,90591262.200000,90591262.200000,91280747.930000
2022-02-08,89813427.410000,89813427.410000,90685621.100000
2022-02-09,91677641.750000,91677641.750000,92419941.740000
2022-02-10,91114093.760000,91114093.760000,92072067.120000
2022-02-11,87925799.830000,87925799.830000,89293546.180000
2022-02-14,86638506.530000,86638506.530000,88111957.490000
2022-02-15,87594608.400000,87594608.400000,88967627.480000
2022-02-16,88075302.360000,88075302.360000,89361439.760000
2022-02-17,85676056.260000,85676056.260000,87207067.470000
2022-02-18,84629470.080000,84629470.080000,86149483.320000
2022-02-21,83914593.220000,83914593.220000,85479018.680000
2022-02-22,82851061.510000,82851061.510000,84845972.010000
2022-02-23,82891037.480000,82891037.480000,85058733.370000
2022-02-24,82169538.900000,82169538.900000,84242662.330000
2022-02-25,83942600.050000,83942600.050000,85994413.920000
2022-02-28,85248021.690000,85248021.690000,87584732.400000
2022-03-01,86134594.720000,86134594.720000,88335034.700000
2022-03-02,86822565.310000,86822565.310000,89497767.900000
2022-03-03,85322666.410000,85322666.410000,88446995.150000
2022-03-04,83250610.110000,83250610.110000,86351007.010000
2022-03-07,83832406.100000,83832406.100000,87122286.700000
2022-03-08,85708538.860000,85708538.860000,89787118.420000
2022-03-09,89351590.100000,89351590.100000,93893272.320000
2022-03-10,88166645.580000,88166645.580000,92265392.980000
2022-03-11,87628529.010000,87628529.010000,91695613.500000
2022-03-14,85822867.730000,85822867.730000,90224096.940000
2022-03-15,84932590.690000,84932590.690000,89262084.920000
2022-03-16,87062728.750000,87062728.750000,91064916.540000
2022-03-17,89593683.960000,89593683.960000,93036497.850000
2022-03-18,91496072.940000,91496072.940000,94754163.020000
2022-03-21,91409946.980000,91409946.980000,96031708.510000
2022-03-22,92641896.180000,92641896.180000,96856856.340000
2022-03-23,92290321.380000,92290321.380000,97334746.320000
2022-03-24,92974350.280000,92974350.280000,98070283.440000
2022-03-25,92605581.920000,92605581.920000,98042075.520000
2022-03-28,91951796.910000,91951796.910000,96405438.990000
2022-03-29,93253564.340000,93253564.340000,96363217.370000
2022-03-30,93093438.240000,93093438.240000,96978945.230000
2022-03-31,92081351.580000,92081351.580000,95727318.520000
2022-04-01,92953830.190000,92953830.190000,96827530.560000
2022-04-04,94381943.220000,94381943.220000,98018947.780000
2022-04-05,93770925.600000,93770925.600000,98040378.690000
2022-04-06,92513341.870000,92513341.870000,97022270.150000
2022-04-07,91599662.750000,91599662.750000,96345084.930000
2022-04-08,91213057.010000,91213057.010000,96006127.820000
2022-04-11,90000475.790000,90000475.790000,94734035.570000
2022-04-12,89197799.490000,89197799.490000,94035123.430000
2022-04-13,90291938.770000,90291938.770000,95939175.730000
2022-04-14,89439549.480000,89439549.480000,95607589.270000
2022-04-19,89368362.040000,89368362.040000,95931575.080000
2022-04-20,89626407.140000,89626407.140000,96899452.390000
2022-04-21,88875029.730000,88875029.730000,93819890.040000
2022-04-22,87204274.390000,87204274.390000,92220088.770000
2022-04-25,87029894.980000,87029894.980000,91881589.930000
2022-04-26,85093376.460000,85093376.460000,90176151.620000
2022-04-27,84322844.720000,84322844.720000,89420676.030000
2022-04-28,84600001.940000,84600001.940000,89874329.180000
2022-04-29,84260628.490000,84260628.490000,90152230.360000
2022-05-03,84567364.250000,84567364.250000,91305367.130000
2022-05-04,84485517.020000,84485517.020000,91353244.580000
2022-05-05,83728783.000000,83728783.000000,89610172.540000
2022-05-06,82310248.020000,82310248.020000,88155493.940000
2022-05-09,77601720.510000,77601720.510000,83273013.660000
2022-05-10,77386962.240000,77386962.240000,83663656.990000
2022-05-11,76584833.490000,76584833.490000,83358013.380000
2022-05-12,76019627.100000,76019627.100000,82587170.240000
2022-05-13,78873132.870000,78873132.870000,85432878.880000
2022-05-16,78511239.550000,78511239.550000,85215448.800000
2022-05-17,80284987.350000,80284987.350000,86527400.010000
2022-05-18,79457636.490000,79457636.490000,85486260.050000
2022-05-19,80279865.810000,80279865.810000,85705115.080000
2022-05-20,80349661.070000,80349661.070000,85734803.450000
2022-05-23,80571683.980000,80571683.980000,85987045.820000
2022-05-24,78885519.780000,78885519.780000,84753476.450000
2022-05-25,78903131.180000,78903131.180000,84781135.270000
2022-05-26,79712708.390000,79712708.390000,85405793.930000
2022-05-27,82203621.770000,82203621.770000,87291857.170000
2022-05-30,83169884.400000,83169884.400000,88097496.780000
2022-05-31,82377657.830000,82377657.830000,87561921.980000
2022-06-01,81477403.190000,81477403.190000,86858666.900000
2022-06-06,82601557.200000,82601557.200000,87300520.590000
2022-06-07,82533422.990000,82533422.990000,87584975.460000
2022-06-08,82568388.770000,82568388.770000,87603875.060000
2022-06-09,81361107.630000,81361107.630000,86547065.950000
2022-06-10,79633711.040000,79633711.040000,85069216.710000
2022-06-13,77228785.270000,77228785.270000,82990566.690000
2022-06-14,76676940.250000,76676940.250000,82910316.510000
2022-06-15,77898272.930000,77898272.930000,83587753.330000
2022-06-16,75973063.700000,75973063.700000,81596612.220000
2022-06-17,76185809.710000,76185809.710000,81272244.330000
2022-06-20,77031276.240000,77031276.240000,82209747.910000
2022-06-21,78510431.720000,78510431.720000,83463482.060000
2022-06-22,77291423.860000,77291423.860000,81741174.900000
2022-06-23,78584074.960000,78584074.960000,82965431.970000
2022-06-24,80025245.840000,80025245.840000,84710362.320000
2022-06-27,80492312.060000,80492312.060000,85344660.000000
2022-06-28,80152109.220000,80152109.220000,85484151.100000
2022-06-29,79457385.720000,79457385.720000,85304859.870000
2022-06-30,79118171.520000,79118171.520000,84881159.450000
2022-07-01,80273429.770000,80273429.770000,85761487.260000
2022-07-04,81163994.290000,81163994.290000,87253980.150000
2022-07-05,83752918.940000,83752918.940000,87998939.000000
2022-07-06,83664810.550000,83664810.550000,87988870.390000
2022-07-07,85181803.490000,85181803.490000,89879722.830000
2022-07-08,85146362.160000,85146362.160000,89827308.700000
2022-07-11,83424676.610000,83424676.610000,88435260.680000
2022-07-12,83267082.050000,83267082.050000,88505015.240000
2022-07-13,84317692.730000,84317692.730000,89092448.130000
2022-07-14,83305315.330000,83305315.330000,88241534.440000
2022-07-15,84250022.740000,84250022.740000,89737755.420000
2022-07-18,85367474.160000,85367474.160000,90600299.450000
2022-07-19,87325868.290000,87325868.290000,92133235.100000
2022-07-20,90119370.540000,90119370.540000,94922033.010000
2022-07-21,91140559.310000,91140559.310000,95182971.880000
2022-07-22,89622832.070000,89622832.070000,93099666.510000
2022-07-25,88552730.890000,88552730.890000,92863604.470000
2022-07-26,88656270.460000,88656270.460000,93308919.970000
2022-07-27,89289152.490000,89289152.490000,93808754.380000
2022-07-28,89785808.010000,89785808.010000,94547581.200000
2022-07-29,90717938.520000,90717938.520000,95265728.280000
2022-08-01,90112845.590000,90112845.590000,93690229.400000
2022-08-02,90749089.750000,90749089.750000,94280127.770000
2022-08-03,93299864.330000,93299864.330000,96120764.050000
2022-08-04,93288486.250000,93288486.250000,95816088.290000
2022-08-05,93755795.990000,93755795.990000,95664519.360000
2022-08-08,94477579.260000,94477579.260000,95714978.020000
2022-08-09,93189161.000000,93189161.000000,95152937.600000
2022-08-10,94613953.450000,94613953.450000,96036424.800000
2022-08-11,96200188.040000,96200188.040000,96992346.290000
2022-08-12,97315663.540000,97315663.540000,97360439.950000
2022-08-15,98617169.400000,98617169.400000,97738109.540000
2022-08-16,96964425.300000,96964425.300000,97421873.210000
2022-08-17,94046264.220000,94046264.220000,95069029.890000
2022-08-18,93835516.620000,93835516.620000,95302751.400000
2022-08-19,93011280.500000,93011280.500000,94962956.700000
2022-08-22,91761199.220000,91761199.220000,93877871.540000
2022-08-23,92570172.600000,92570172.600000,94958924.010000
2022-08-24,93506653.180000,93506653.180000,95677059.420000
2022-08-25,94678383.460000,94678383.460000,97283915.540000
2022-08-26,92035540.330000,92035540.330000,95033515.190000
2022-08-30,93847975.890000,93847975.890000,95847908.030000
2022-08-31,94595553.200000,94595553.200000,97283527.960000
2022-09-01,92139769.390000,92139769.390000,95170599.130000
2022-09-02,92275539.970000,92275539.970000,95460033.790000
2022-09-05,91999356.400000,91999356.400000,95689073.230000
2022-09-06,91676999.640000,91676999.640000,95358678.270000
2022-09-07,92519094.950000,92519094.950000,95905267.050000
2022-09-08,93345768.870000,93345768.870000,96504551.840000
2022-09-09,94020046.100000,94020046.100000,96749226.990000
2022-09-12,94052077.340000,94052077.340000,96649623.630000
2022-09-13,92436181.990000,92436181.990000,95024354.420000
2022-09-14,92076863.460000,92076863.460000,94624176.180000
2022-09-15,92085305.410000,92085305.410000,94105116.280000
2022-09-16,90950679.670000,90950679.670000,93414964.260000
2022-09-20,90250282.100000,90250282.100000,92570596.630000
2022-09-21,90019168.550000,90019168.550000,92505789.630000
2022-09-22,88755780.840000,88755780.840000,91646579.930000
2022-09-23,86943000.940000,86943000.940000,89706845.280000
2022-09-26,87869031.970000,87869031.970000,90474090.510000
2022-09-27,88297343.950000,88297343.950000,90883053.150000
2022-09-28,89606050.950000,89606050.950000,92571548.450000
2022-09-29,87405385.620000,87405385.620000,90166903.270000
2022-09-30,86316253.080000,86316253.080000,88549067.730000
2022-10-03,86033193.500000,86033193.500000,87687145.200000
2022-10-04,88668440.140000,88668440.140000,90718852.970000
2022-10-05,87575471.350000,87575471.350000,89870706.830000
2022-10-06,87740989.030000,87740989.030000,89961272.860000
2022-10-07,86794170.160000,86794170.160000,89599947.030000
2022-10-10,85834175.600000,85834175.600000,88635237.370000
2022-10-11,84594015.570000,84594015.570000,87534379.920000
2022-10-12,84306726.570000,84306726.570000,86799542.700000
2022-10-13,84202953.260000,84202953.260000,87166943.830000
2022-10-14,82910312.370000,82910312.370000,85701153.800000
2022-10-17,84062774.310000,84062774.310000,86811939.000000
2022-10-18,84546111.190000,84546111.190000,86921209.150000
2022-10-19,83822364.400000,83822364.400000,86402830.030000
2022-10-20,83777227.860000,83777227.860000,86421226.300000
2022-10-21,84391085.640000,84391085.640000,86686214.260000
2022-10-24,84202957.320000,84202957.320000,86665829.690000
2022-10-25,85293067.570000,85293067.570000,87035730.030000
2022-10-26,85453299.660000,85453299.660000,86910508.740000
2022-10-27,85530418.210000,85530418.210000,87444969.520000
2022-10-28,85808143.680000,85808143.680000,87864519.090000
2022-10-31,85252913.020000,85252913.020000,87324816.570000
2022-11-01,86381464.100000,86381464.100000,88551772.130000
2022-11-02,85719351.040000,85719351.040000,88201194.270000
2022-11-03,85161953.410000,85161953.410000,87727792.250000
2022-11-04,86673303.350000,86673303.350000,89429507.130000
2022-11-07,85896114.370000,85896114.370000,88781975.730000
2022-11-08,85978670.050000,85978670.050000,88786255.400000
2022-11-09,84544654.560000,84544654.560000,87596801.270000
2022-11-10,86971695.010000,86971695.010000,89489976.460000
2022-11-11,87476713.800000,87476713.800000,89562984.710000
2022-11-14,89239624.670000,89239624.670000,90955354.720000
2022-11-15,89125855.690000,89125855.690000,90935729.330000
2022-11-16,87230268.700000,87230268.700000,89302390.060000
2022-11-17,87142560.850000,87142560.850000,88842211.170000
2022-11-18,87524157.580000,87524157.580000,89202348.110000
2022-11-21,87498195.930000,87498195.930000,88883180.360000
2022-11-22,88343039.400000,88343039.400000,89776465.470000
2022-11-23,88414535.700000,88414535.700000,89249437.040000
2022-11-24,88641384.950000,88641384.950000,89482276.590000
2022-11-25,87825199.890000,87825199.890000,88698624.900000
2022-11-28,86508840.710000,86508840.710000,87774975.600000
2022-11-29,86178553.620000,86178553.620000,87901206.060000
2022-11-30,87815092.120000,87815092.120000,89607639.330000
2022-12-01,87772002.710000,87772002.710000,89327979.890000
2022-12-02,86865631.620000,86865631.620000,88526219.580000
2022-12-05,86283437.260000,86283437.260000,87786923.760000
2022-12-06,84257143.270000,84257143.270000,86598663.330000
2022-12-07,84598779.010000,84598779.010000,86560500.710000
2022-12-08,84601076.760000,84601076.760000,86613800.060000
2022-12-09,85218863.980000,85218863.980000,87145594.870000
2022-12-12,85200697.450000,85200697.450000,87289163.400000
2022-12-13,85283157.360000,85283157.360000,87335052.750000
2022-12-14,84654767.310000,84654767.310000,87103630.760000
2022-12-15,84241959.650000,84241959.650000,86543380.770000
2022-12-16,83852742.290000,83852742.290000,86144414.980000
2022-12-19,83326866.980000,83326866.980000,86260882.510000
2022-12-20,82677336.570000,82677336.570000,85892880.600000
2022-12-21,83451273.410000,83451273.410000,86523307.930000
2022-12-22,85439897.740000,85439897.740000,87009297.100000
2022-12-23,85061553.430000,85061553.430000,86722295.260000
2022-12-28,84345514.770000,84345514.770000,86102980.230000
2022-12-29,85892762.930000,85892762.930000,86945522.760000
2022-12-30,87444865.700000,87444865.700000,88296479.550000
2023-01-03,87171782.290000,87171782.290000,88578966.540000
2023-01-04,88068036.400000,88068036.400000,89206221.650000
2023-01-05,88819908.420000,88819908.420000,90487700.730000
2023-01-06,90923898.830000,90923898.830000,92291372.480000
2023-01-09,91047647.430000,91047647.430000,92631148.480000
2023-01-10,92758421.770000,92758421.770000,94255408.780000
2023-01-11,94180888.460000,94180888.460000,96494819.620000
2023-01-12,95107132.440000,95107132.440000,97371329.320000
2023-01-13,96158280.990000,96158280.990000,99719623.460000
2023-01-16,96665272.700000,96665272.700000,100557696.320000
2023-01-17,96295098.940000,96295098.940000,98914647.140000
2023-01-18,94635693.180000,94635693.180000,97964792.980000
2023-01-19,92788250.660000,92788250.660000,96953906.410000
2023-01-20,92857539.930000,92857539.930000,97057970.690000
2023-01-23,93730595.730000,93730595.730000,97913623.050000
2023-01-24,94293805.790000,94293805.790000,98771867.280000
2023-01-25,94358594.880000,94358594.880000,98473834.420000
2023-01-26,94251827.350000,94251827.350000,98152409.960000
2023-01-27,95101338.850000,95101338.850000,98330551.720000
2023-01-30,94479726.750000,94479726.750000,98065030.450000
2023-01-31,94906760.230000,94906760.230000,98399146.570000
2023-02-01,96417210.180000,96417210.180000,98958853.270000
2023-02-02,97799617.480000,97799617.480000,99163239.920000
2023-02-03,97869069.760000,97869069.760000,99463071.960000
2023-02-06,97141662.250000,97141662.250000,98441322.350000
2023-02-07,99384505.110000,99384505.110000,100320643.010000
2023-02-08,100020287.560000,100020287.560000,101448031.480000
2023-02-09,98701708.760000,98701708.760000,101255345.370000
2023-02-10,97611717.770000,97611717.770000,100880535.420000
2023-02-13,97297758.060000,97297758.060000,100909387.780000
2023-02-14,97374019.810000,97374019.810000,100706672.440000
2023-02-15,97897524.180000,97897524.180000,100659692.180000
2023-02-16,97995092.380000,97995092.380000,101069762.360000
2023-02-17,97660359.910000,97660359.910000,100444401.730000
2023-02-20,97931521.770000,97931521.770000,101257628.510000
2023-02-21,96378739.120000,96378739.120000,100489943.560000
2023-02-22,95044596.950000,95044596.950000,99110598.020000
2023-02-23,96090154.400000,96090154.400000,100350630.090000
2023-02-24,95905983.490000,95905983.490000,100928903.710000
2023-02-27,96219944.240000,96219944.240000,100153063.260000
2023-02-28,95792939.660000,95792939.660000,99771541.230000
2023-03-01,96206625.750000,96206625.750000,100634689.080000
2023-03-02,96106556.010000,96106556.010000,99679635.820000
2023-03-03,97158218.640000,97158218.640000,99589626.010000
2023-03-06,96868954.580000,96868954.580000,100343482.020000
2023-03-07,97036000.580000,97036000.580000,100182903.000000
2023-03-08,98012512.250000,98012512.250000,102098627.650000
2023-03-09,97204785.730000,97204785.730000,102273101.180000
2023-03-10,94562437.860000,94562437.860000,99799806.780000
2023-03-13,93145103.900000,93145103.900000,97935667.130000
2023-03-14,93244763.050000,93244763.050000,97359955.400000
2023-03-15,91709511.340000,91709511.340000,95548533.420000
2023-03-16,92307606.330000,92307606.330000,95970630.760000
2023-03-17,91731780.700000,91731780.700000,95327645.530000
2023-03-20,90054091.290000,90054091.290000,93819177.290000
2023-03-21,91281319.640000,91281319.640000,95017494.690000
2023-03-22,90862992.120000,90862992.120000,93914522.970000
2023-03-23,90629795.690000,90629795.690000,93583038.190000
2023-03-24,89813514.340000,89813514.340000,92139379.950000
2023-03-27,90446432.010000,90446432.010000,92059247.340000
2023-03-28,89295765.360000,89295765.360000,91319389.590000
2023-03-29,89059404.760000,89059404.760000,91889293.930000
2023-03-30,89341946.340000,89341946.340000,92895548.210000
2023-03-31,90020883.970000,90020883.970000,92993445.380000
2023-04-03,91316612.730000,91316612.730000,94567148.690000
2023-04-04,90222909.440000,90222909.440000,93349577.040000
2023-04-05,89102394.700000,89102394.700000,92250474.620000
2023-04-06,90052981.600000,90052981.600000,93456999.970000
2023-04-11,90891070.720000,90891070.720000,94273173.840000
2023-04-12,90949209.970000,90949209.970000,94121631.110000
2023-04-13,92266591.510000,92266591.510000,94666333.410000
2023-04-14,91802177.170000,91802177.170000,94714166.400000
2023-04-17,92302181.380000,92302181.380000,94481232.760000
2023-04-18,92057343.760000,92057343.760000,94856980.460000
2023-04-19,91774586.740000,91774586.740000,94765052.430000
2023-04-20,90266284.500000,90266284.500000,93394938.970000
2023-04-21,90122214.920000,90122214.920000,93393211.810000
2023-04-24,89901877.960000,89901877.960000,93280523.930000
2023-04-25,89130721.580000,89130721.580000,92450530.510000
2023-04-26,87794584.210000,87794584.210000,91395333.580000
2023-04-27,87411648.430000,87411648.430000,90752811.540000
2023-04-28,87472136.190000,87472136.190000,91015557.600000
2023-05-02,87136708.450000,87136708.450000,91181575.860000
2023-05-03,87622256.630000,87622256.630000,91618227.200000
2023-05-04,86821418.770000,86821418.770000,90968154.730000
2023-05-05,87668236.270000,87668236.270000,92330921.390000
2023-05-09,89830028.020000,89830028.020000,96230548.510000
2023-05-10,90896340.670000,90896340.670000,97186878.000000
2023-05-11,89759650.540000,89759650.540000,96269626.990000
2023-05-12,94629005.670000,94629005.670000,99213401.670000
2023-05-15,95235984.560000,95235984.560000,99404899.430000
2023-05-16,92270193.720000,92270193.720000,97809113.570000
2023-05-17,93230880.250000,93230880.250000,98780464.540000
2023-05-18,96516688.680000,96516688.680000,101087177.050000
2023-05-19,98332575.150000,98332575.150000,103500157.570000
2023-05-22,99303475.710000,99303475.710000,104538802.690000
2023-05-23,99608977.590000,99608977.590000,103586829.060000
2023-05-24,97489552.460000,97489552.460000,102064294.300000
2023-05-25,97296737.840000,97296737.840000,100865161.200000
2023-05-26,98423672.180000,98423672.180000,101970975.520000
2023-05-30,99431873.330000,99431873.330000,102328056.750000
2023-05-31,99094520.470000,99094520.470000,101688970.570000
2023-06-01,100538969.590000,100538969.590000,103339310.070000
2023-06-02,101368046.950000,101368046.950000,103829827.910000
2023-06-05,102050982.520000,102050982.520000,104230374.360000
2023-06-06,103507416.190000,103507416.190000,106161258.630000
2023-06-07,102614054.930000,102614054.930000,106227477.950000
2023-06-08,102163875.940000,102163875.940000,105927139.110000
2023-06-09,101556309.140000,101556309.140000,105700397.560000
2023-06-12,102179309.260000,102179309.260000,106239650.250000
2023-06-13,103363085.030000,103363085.030000,106981115.070000
2023-06-14,102694373.140000,102694373.140000,105673189.220000
2023-06-15,102888674.430000,102888674.430000,106688623.970000
2023-06-16,102544235.640000,102544235.640000,106623023.860000
2023-06-19,102310338.830000,102310338.830000,107059483.990000
2023-06-20,102647137.240000,102647137.240000,108044896.120000
2023-06-21,102423694.680000,102423694.680000,106705113.490000
2023-06-22,101122136.570000,101122136.570000,104919043.380000
2023-06-23,100556897.250000,100556897.250000,103578253.570000
2023-06-26,98994704.740000,98994704.740000,102300938.450000
2023-06-27,98203668.350000,98203668.350000,100510720.470000
2023-06-28,99496702.980000,99496702.980000,101725350.540000
2023-06-29,98797757.570000,98797757.570000,100340962.540000
2023-06-30,99865398.970000,99865398.970000,101352606.390000
2023-07-03,100603235.950000,100603235.950000,101246746.110000
2023-07-04,100558906.270000,100558906.270000,101002215.600000
2023-07-05,100060667.590000,100060667.590000,100282103.860000
2023-07-06,98260655.310000,98260655.310000,98494364.120000
2023-07-07,98682470.450000,98682470.450000,98143530.560000
2023-07-10,99348145.690000,99348145.690000,98287212.920000
2023-07-11,99655113.030000,99655113.030000,98051417.490000
2023-07-12,100220327.740000,100220327.740000,98166325.710000
2023-07-13,101907464.190000,101907464.190000,99106880.940000
2023-07-14,101387553.550000,101387553.550000,98978868.650000
2023-07-17,103624419.330000,103624419.330000,99605032.250000
2023-07-18,104630500.890000,104630500.890000,100294432.450000
2023-07-19,104967337.910000,104967337.910000,100608952.010000
2023-07-20,103950754.990000,103950754.990000,99934787.580000
2023-07-21,105098332.550000,105098332.550000,100775846.780000
2023-07-24,105288452.700000,105288452.700000,101137534.100000
2023-07-25,104907001.280000,104907001.280000,100902353.940000
2023-07-26,105112337.310000,105112337.310000,101414723.760000
2023-07-27,105071725.120000,105071725.120000,101457502.130000
2023-07-28,106572514.330000,106572514.330000,103093811.970000
2023-07-31,107837081.340000,107837081.340000,103847068.700000
2023-08-01,107251022.540000,107251022.540000,102924505.300000
2023-08-02,105267089.830000,105267089.830000,100833724.820000
2023-08-03,105031250.050000,105031250.050000,101344580.230000
2023-08-04,105267653.040000,105267653.040000,101462573.430000
2023-08-07,102773606.050000,102773606.050000,99954357.670000
2023-08-08,102011900.960000,102011900.960000,99438257.300000
2023-08-09,101583685.990000,101583685.990000,99240957.710000
2023-08-10,101783296.950000,101783296.950000,99516790.390000
2023-08-11,102341107.580000,102341107.580000,99763925.510000
2023-08-14,101917179.360000,101917179.360000,99659348.830000
2023-08-15,100352723.730000,100352723.730000,98237568.900000
2023-08-16,99812473.890000,99812473.890000,97208512.910000
2023-08-17,98534118.910000,98534118.910000,96017033.770000
2023-08-18,98901540.630000,98901540.630000,96361484.720000
2023-08-21,98982347.920000,98982347.920000,96493815.840000
2023-08-22,99654440.880000,99654440.880000,97087959.120000
2023-08-23,101279877.330000,101279877.330000,98411271.530000
2023-08-24,101218349.020000,101218349.020000,98434441.820000
2023-08-25,101363348.680000,101363348.680000,98634608.630000
2023-08-29,101262510.780000,101262510.780000,98449232.520000
2023-08-30,102134265.420000,102134265.420000,98740022.440000
2023-08-31,102156734.530000,102156734.530000,98395825.450000
2023-09-01,103079444.380000,103079444.380000,99253391.190000
2023-09-04,103302206.060000,103302206.060000,99913590.630000
2023-09-05,102152441.870000,102152441.870000,98866874.290000
2023-09-06,101780676.380000,101780676.380000,98703023.110000
2023-09-07,101077240.590000,101077240.590000,98509910.940000
2023-09-08,100782908.330000,100782908.330000,98351832.660000
2023-09-11,99876656.090000,99876656.090000,97436312.410000
2023-09-12,100346652.360000,100346652.360000,97590835.370000
2023-09-13,100019083.350000,100019083.350000,97589823.790000
2023-09-14,101129271.020000,101129271.020000,98639856.750000
2023-09-15,101548997.290000,101548997.290000,99200181.790000
2023-09-18,101158175.740000,101158175.740000,98959360.220000
2023-09-19,100796358.520000,100796358.520000,98488495.560000
2023-09-20,100376006.920000,100376006.920000,97813058.680000
2023-09-21,99842934.580000,99842934.580000,97341894.620000
2023-09-22,99843015.820000,99843015.820000,97353752.120000
2023-09-25,99145391.060000,99145391.060000,97560550.830000
2023-09-26,98552826.160000,98552826.160000,97247620.770000
2023-09-27,98759685.010000,98759685.010000,97370645.800000
2023-09-28,98499108.260000,98499108.260000,97644196.090000
2023-09-29,99177848.690000,99177848.690000,97773689.840000
2023-10-02,97912834.700000,97912834.700000,96273640.440000
2023-10-03,96676244.780000,96676244.780000,94626236.510000
2023-10-04,95720670.030000,95720670.030000,93754064.590000
2023-10-05,95824842.090000,95824842.090000,94006629.110000
2023-10-06,96253145.850000,96253145.850000,94700035.090000
2023-10-09,95262345.110000,95262345.110000,94600300.660000
2023-10-10,96738325.440000,96738325.440000,95916062.840000
2023-10-11,96033797.930000,96033797.930000,95502338.800000
2023-10-12,95416883.750000,95416883.750000,95020408.450000
2023-10-13,95166305.980000,95166305.980000,95281739.050000
2023-10-16,95311512.240000,95311512.240000,95549956.200000
2023-10-17,94914862.030000,94914862.030000,95505615.480000
2023-10-18,94673235.930000,94673235.930000,95106184.690000
2023-10-19,93735445.440000,93735445.440000,94561961.410000
2023-10-20,92912615.160000,92912615.160000,93796479.130000
2023-10-23,92663797.780000,92663797.780000,93904824.610000
2023-10-24,93028874.230000,93028874.230000,93776343.270000
2023-10-25,91688421.530000,91688421.530000,93192055.410000
2023-10-26,91217700.600000,91217700.600000,92520516.790000
2023-10-27,89647360.420000,89647360.420000,91640899.150000
2023-10-30,89608240.990000,89608240.990000,91395685.690000
2023-10-31,90002104.920000,90002104.920000,91824780.990000
2023-11-01,94621361.850000,94621361.850000,92913617.420000
2023-11-02,97459761.560000,97459761.560000,94477222.360000
2023-11-03,99050048.010000,99050048.010000,95511421.240000
2023-11-06,99525549.760000,99525549.760000,95346286.820000
2023-11-07,99642044.930000,99642044.930000,95558537.670000
2023-11-08,98619889.210000,98619889.210000,95362818.790000
2023-11-09,98590583.550000,98590583.550000,94849698.770000
2023-11-10,98668184.140000,98668184.140000,94835627.550000
2023-11-13,99117278.530000,99117278.530000,95429861.220000
2023-11-14,100336603.390000,100336603.390000,96144448.490000
2023-11-15,101670823.050000,101670823.050000,96628196.160000
2023-11-16,100791824.900000,100791824.900000,95548989.490000
2023-11-17,101706937.880000,101706937.880000,96322853.840000
2023-11-20,102635853.590000,102635853.590000,96861265.400000
2023-11-21,101545383.510000,101545383.510000,96128544.280000
2023-11-22,100650377.360000,100650377.360000,95225965.330000
2023-11-23,100151115.550000,100151115.550000,95269289.550000
2023-11-24,100097625.640000,100097625.640000,94924763.860000
2023-11-27,100071769.550000,100071769.550000,94842091.290000
2023-11-28,100524472.150000,100524472.150000,95388164.520000
2023-11-29,101105958.400000,101105958.400000,95729295.110000
2023-11-30,100849131.890000,100849131.890000,95671880.610000
2023-12-01,102246075.230000,102246075.230000,96933093.030000
2023-12-04,102155148.540000,102155148.540000,96684753.990000
2023-12-05,101303839.400000,101303839.400000,96364953.650000
2023-12-06,101858543.780000,101858543.780000,97179110.300000
2023-12-07,103141588.510000,103141588.510000,98130644.220000
2023-12-08,103331399.790000,103331399.790000,98598177.170000
2023-12-11,103280220.780000,103280220.780000,98983418.800000
2023-12-12,103203948.570000,103203948.570000,99418988.340000
2023-12-13,104169222.460000,104169222.460000,100305803.850000
2023-12-14,105933106.040000,105933106.040000,101345914.720000
2023-12-15,106557038.690000,106557038.690000,101415022.490000
2023-12-18,108948936.980000,108948936.980000,102671445.520000
2023-12-19,109635706.620000,109635706.620000,103380012.070000
2023-12-20,109691319.970000,109691319.970000,103668679.060000
2023-12-21,109796566.900000,109796566.900000,103582742.140000
2023-12-22,109432899.290000,109432899.290000,103993398.660000
2023-12-27,110361806.330000,110361806.330000,104514842.740000
2023-12-28,110688374.340000,110688374.340000,104501753.870000
2023-12-29,109568144.380000,109568144.380000,104276638.150000
2024-01-02,110712941.440000,110712941.440000,105222812.290000
2024-01-03,109627004.300000,109627004.300000,106030925.840000
2024-01-04,108807626.660000,108807626.660000,105664252.870000
2024-01-05,107431074.030000,107431074.030000,103142988.360000
2024-01-08,107819050.780000,107819050.780000,103334306.390000
2024-01-09,106975705.200000,106975705.200000,102693854.440000
2024-01-10,107242777.580000,107242777.580000,103074856.570000
2024-01-11,105462418.460000,105462418.460000,102013195.870000
2024-01-12,105692431.600000,105692431.600000,102397697.900000
2024-01-15,105881460.370000,105881460.370000,102889523.860000
2024-01-16,106287625.660000,106287625.660000,102630136.540000
2024-01-17,104962656.440000,104962656.440000,101207429.630000
2024-01-18,102116218.840000,102116218.840000,99845878.760000
2024-01-19,102620586.050000,102620586.050000,100668078.560000
2024-01-22,103335755.390000,103335755.390000,101081717.010000
2024-01-23,103579045.630000,103579045.630000,100854212.830000
2024-01-24,103468916.750000,103468916.750000,101209459.850000
2024-01-25,103509034.840000,103509034.840000,102049161.070000
2024-01-26,102887146.220000,102887146.220000,101957649.670000
2024-01-29,103587480.820000,103587480.820000,102365538.220000
2024-01-30,103099462.900000,103099462.900000,102271762.190000
2024-01-31,102382139.270000,102382139.270000,101506935.560000
2024-02-01,102857746.830000,102857746.830000,101829744.730000
2024-02-02,102846119.970000,102846119.970000,102607293.470000
2024-02-05,102781529.650000,102781529.650000,102486218.700000
2024-02-06,105338250.110000,105338250.110000,105464541.890000
2024-02-07,106031479.830000,106031479.830000,106318512.390000
2024-02-08,106142277.380000,106142277.380000,106814863.110000
2024-02-09,107880567.210000,107880567.210000,108706731.170000
2024-02-12,108082216.390000,108082216.390000,107593484.120000
2024-02-13,106388808.440000,106388808.440000,106078048.520000
2024-02-14,107790768.700000,107790768.700000,107590830.310000
2024-02-15,109298954.280000,109298954.280000,108621141.890000
2024-02-16,108872067.120000,108872067.120000,108803224.910000
2024-02-19,108940762.380000,108940762.380000,109249928.220000
2024-02-20,108517822.230000,108517822.230000,108930870.110000
2024-02-21,108787009.810000,108787009.810000,108548125.180000
2024-02-22,110139217.520000,110139217.520000,110516354.440000
2024-02-23,110986272.200000,110986272.200000,111261273.010000
2024-02-26,112306924.760000,112306924.760000,111860714.180000
2024-02-27,112524318.670000,112524318.670000,111723345.190000
2024-02-28,114601420.510000,114601420.510000,112946851.890000
2024-02-29,114853428.930000,114853428.930000,113301047.510000
2024-03-01,115972211.400000,115972211.400000,115167650.320000
2024-03-04,115876864.350000,115876864.350000,115287297.970000
2024-03-05,113408331.390000,113408331.390000,113653934.880000
2024-03-06,115028230.720000,115028230.720000,114908407.480000
2024-03-07,118093317.220000,118093317.220000,116961881.680000
2024-03-08,117990004.330000,117990004.330000,116237013.780000
2024-03-11,116414420.200000,116414420.200000,114798038.400000
2024-03-12,116070937.430000,116070937.430000,115124532.700000
2024-03-13,117369869.180000,117369869.180000,115914940.880000
2024-03-14,116431469.990000,116431469.990000,114511619.900000
2024-03-15,117520920.520000,117520920.520000,115021410.040000
2024-03-18,116348800.920000,116348800.920000,114543553.530000
2024-03-19,115781641.020000,115781641.020000,115243362.360000
2024-03-20,116485100.260000,116485100.260000,116247729.350000
2024-03-21,116804732.950000,116804732.950000,116738226.220000
2024-03-22,118537090.850000,118537090.850000,116787865.280000
2024-03-25,121617073.480000,121617073.480000,117631405.010000
2024-03-26,119808403.560000,119808403.560000,117738108.530000
2024-03-27,121018468.050000,121018468.050000,117603643.480000
2024-03-28,120369555.090000,120369555.090000,117797412.010000
2024-04-02,120693790.150000,120693790.150000,119519048.340000
2024-04-03,119955861.920000,119955861.920000,118628081.960000
2024-04-04,119918360.070000,119918360.070000,118634049.110000
2024-04-05,119908784.340000,119908784.340000,118844789.300000
2024-04-08,119663070.580000,119663070.580000,118622639.390000
2024-04-09,119804179.280000,119804179.280000,117967921.900000
2024-04-10,119631145.900000,119631145.900000,117782447.020000
2024-04-11,121448594.670000,121448594.670000,118255761.230000
2024-04-12,121772287.350000,121772287.350000,118701729.460000
2024-04-15,119401660.300000,119401660.300000,116772804.750000
2024-04-16,117580436.310000,117580436.310000,114706750.560000
2024-04-17,115779761.880000,115779761.880000,113776576.550000
2024-04-18,114268901.200000,114268901.200000,112726738.320000
2024-04-19,114352728.790000,114352728.790000,112167722.450000
2024-04-22,115962676.130000,115962676.130000,113591442.360000
2024-04-23,117058195.320000,117058195.320000,114459770.720000
2024-04-24,117870745.410000,117870745.410000,118254862.820000
2024-04-25,116841864.950000,116841864.950000,117178498.410000
2024-04-26,117840552.700000,117840552.700000,118224186.560000
2024-04-29,119850237.770000,119850237.770000,120980569.070000
2024-04-30,118405115.030000,118405115.030000,120082342.340000
2024-05-01,118990278.690000,118990278.690000,120243678.870000
2024-05-02,119110553.710000,119110553.710000,120564874.050000
2024-05-03,120509011.990000,120509011.990000,122082376.560000
2024-05-07,120291890.170000,120291890.170000,122354136.120000
2024-05-08,121435428.250000,121435428.250000,123981351.220000
2024-05-09,121555643.030000,121555643.030000,124053132.780000
2024-05-10,121352914.690000,121352914.690000,125077929.210000
2024-05-13,120606209.510000,120606209.510000,124162427.670000
2024-05-14,121552543.940000,121552543.940000,125389180.070000
2024-05-15,121939900.210000,121939900.210000,125310916.570000
2024-05-16,122002847.300000,122002847.300000,125477286.070000
2024-05-17,121970944.630000,121970944.630000,124969945.330000
2024-05-20,123063304.030000,123063304.030000,126113747.290000
2024-05-21,122188427.380000,122188427.380000,125084324.370000
2024-05-22,123527002.740000,123527002.740000,124685558.800000
2024-05-23,122216052.770000,122216052.770000,124121343.450000
2024-05-24,122167651.190000,122167651.190000,123879210.130000
2024-05-28,121187307.750000,121187307.750000,124014871.250000
2024-05-29,120765638.470000,120765638.470000,123406635.790000
2024-05-30,121700754.230000,121700754.230000,124648364.350000
2024-05-31,121351681.890000,121351681.890000,124775621.590000
2024-06-03,122851586.830000,122851586.830000,126404367.290000
2024-06-04,122538091.800000,122538091.800000,125447310.220000
2024-06-05,123373923.070000,123373923.070000,127631659.320000
2024-06-06,122825682.590000,122825682.590000,128051812.740000
2024-06-07,122108916.520000,122108916.520000,126963941.960000
2024-06-10,122647670.380000,122647670.380000,127715127.020000
2024-06-11,123231190.510000,123231190.510000,126388362.890000
2024-06-12,125627767.460000,125627767.460000,127567306.100000
2024-06-13,123550068.150000,123550068.150000,127664182.610000
2024-06-14,123010015.060000,123010015.060000,127249080.150000
2024-06-17,123685341.610000,123685341.610000,128069270.710000
2024-06-18,124516715.940000,124516715.940000,129117903.170000
2024-06-19,126288300.370000,126288300.370000,129935901.020000
2024-06-20,126723912.360000,126723912.360000,129909386.100000
2024-06-21,125960936.210000,125960936.210000,129248128.600000
2024-06-24,125075135.200000,125075135.200000,128355246.790000
2024-06-25,125368538.260000,125368538.260000,127610898.030000
2024-06-26,125293349.990000,125293349.990000,128289349.880000
2024-06-27,126728802.010000,126728802.010000,129690950.840000
2024-06-28,127096499.470000,127096499.470000,130101862.530000
2024-07-01,127278162.710000,127278162.710000,129653575.960000
2024-07-02,126798517.490000,126798517.490000,128417923.590000
2024-07-03,129250993.130000,129250993.130000,129671867.910000
2024-07-04,132059478.710000,132059478.710000,131294456.170000
2024-07-05,135490144.090000,135490144.090000,131840772.640000
2024-07-08,133998465.170000,133998465.170000,131737039.830000
2024-07-09,131148388.050000,131148388.050000,130907202.150000
2024-07-10,133899097.220000,133899097.220000,131784189.570000
2024-07-11,133825578.470000,133825578.470000,132975887.190000
2024-07-12,134560006.120000,134560006.120000,133808522.350000
2024-07-15,134226827.640000,134226827.640000,133362513.980000
2024-07-16,134186782.800000,134186782.800000,133970580.140000
2024-07-17,130746496.380000,130746496.380000,131659084.200000
2024-07-18,128832742.220000,128832742.220000,129609353.160000
2024-07-19,130179353.420000,130179353.420000,129463078.570000
2024-07-22,131897839.440000,131897839.440000,130001149.650000
2024-07-23,132567054.670000,132567054.670000,130952347.360000
2024-07-24,131043701.400000,131043701.400000,129251602.250000
2024-07-25,130039157.910000,130039157.910000,127959063.550000
2024-07-26,131926016.260000,131926016.260000,128505683.330000
2024-07-29,132083552.610000,132083552.610000,129113561.420000
2024-07-30,130966293.910000,130966293.910000,127790681.800000
2024-07-31,132771434.220000,132771434.220000,128106482.180000
2024-08-01,130561528.900000,130561528.900000,128051871.090000
2024-08-02,126537002.430000,126537002.430000,123778872.540000
2024-08-05,121713033.230000,121713033.230000,118539483.030000
2024-08-06,123462402.740000,123462402.740000,122009054.810000
2024-08-07,125495551.080000,125495551.080000,123293109.870000
2024-08-08,128598325.700000,128598325.700000,123835066.990000
2024-08-09,128506376.070000,128506376.070000,124414561.590000
2024-08-12,129046722.350000,129046722.350000,124078538.720000
2024-08-13,129964182.210000,129964182.210000,124678061.910000
2024-08-14,129866239.780000,129866239.780000,125158673.970000
2024-08-15,131991173.340000,131991173.340000,126437196.680000
2024-08-16,131141387.750000,131141387.750000,126517230.690000
2024-08-19,131429851.570000,131429851.570000,126008168.280000
2024-08-20,130845138.490000,130845138.490000,125347036.390000
2024-08-21,132009989.750000,132009989.750000,125776556.410000
2024-08-22,130016564.470000,130016564.470000,124578775.170000
2024-08-23,130092619.350000,130092619.350000,126044115.370000
2024-08-27,130383302.460000,130383302.460000,127436279.730000
2024-08-28,129796728.180000,129796728.180000,126745115.860000
2024-08-29,130563807.450000,130563807.450000,126632863.690000
2024-08-30,130127811.940000,130127811.940000,127329482.630000
2024-09-02,128242203.580000,128242203.580000,125942734.320000
2024-09-03,126505639.480000,126505639.480000,124397750.170000
2024-09-04,125108611.000000,125108611.000000,123295501.380000
2024-09-05,124446806.710000,124446806.710000,122374671.660000
2024-09-06,122570450.900000,122570450.900000,121007318.100000
2024-09-09,123417855.630000,123417855.630000,122243875.420000
2024-09-10,123374086.580000,123374086.580000,121445052.740000
2024-09-11,123824677.390000,123824677.390000,121916944.990000
2024-09-12,125515829.830000,125515829.830000,123957457.240000
2024-09-13,125514933.750000,125514933.750000,124191278.470000
2024-09-16,124287272.250000,124287272.250000,122753470.620000
2024-09-17,123889117.280000,123889117.280000,122001161.670000
2024-09-18,123345061.430000,123345061.430000,122232938.480000
2024-09-19,125311264.970000,125311264.970000,123854259.220000
2024-09-20,124918162.620000,124918162.620000,123728968.410000
2024-09-23,123329745.910000,123329745.910000,123540836.060000
2024-09-24,122730236.920000,122730236.920000,122447389.590000
2024-09-25,122398505.440000,122398505.440000,121926490.200000
2024-09-26,123350827.380000,123350827.380000,123449017.540000
2024-09-27,124716394.580000,124716394.580000,122600827.670000
2024-09-30,125273645.520000,125273645.520000,122935212.660000
2024-10-01,123520960.320000,123520960.320000,122815654.850000
2024-10-02,124804470.720000,124804470.720000,123030259.340000
2024-10-03,126314536.720000,126314536.720000,124877182.260000
2024-10-04,129085817.260000,129085817.260000,126541147.370000
2024-10-07,129781295.110000,129781295.110000,127008813.670000
2024-10-08,129161906.660000,129161906.660000,127254857.500000
2024-10-09,128883600.160000,128883600.160000,127340188.820000
2024-10-10,129157185.830000,129157185.830000,127451810.140000
2024-10-11,129594605.180000,129594605.180000,128264076.610000
2024-10-14,130783827.080000,130783827.080000,129791118.090000
2024-10-15,129914507.450000,129914507.450000,128721528.690000
2024-10-16,137188022.240000,137188022.240000,132521429.870000
2024-10-17,137895056.670000,137895056.670000,133821753.990000
2024-10-18,141144496.500000,141144496.500000,134615174.660000
2024-10-21,143533635.720000,143533635.720000,135058163.050000
2024-10-22,140546681.500000,140546681.500000,132145899.540000
2024-10-23,138695149.380000,138695149.380000,131685575.070000
2024-10-24,138585420.130000,138585420.130000,131143845.540000
2024-10-25,139668399.560000,139668399.560000,131775118.480000
2024-10-28,141990442.370000,141990442.370000,133268388.740000
2024-10-29,144216822.500000,144216822.500000,135007889.640000
2024-10-30,142578336.500000,142578336.500000,136065938.720000
2024-10-31,141289033.500000,141289033.500000,134562548.960000
2024-11-01,140687076.860000,140687076.860000,134774050.300000
2024-11-04,138821016.460000,138821016.460000,133493223.490000
2024-11-05,141127538.780000,141127538.780000,135515232.790000
2024-11-06,143297415.770000,143297415.770000,138114514.510000
2024-11-07,145943431.660000,145943431.660000,138822323.210000
2024-11-08,146192100.610000,146192100.610000,138588003.060000
2024-11-11,148728796.250000,148728796.250000,138738368.860000
2024-11-12,148303408.170000,148303408.170000,139268409.040000
2024-11-13,148541694.150000,148541694.150000,139142798.980000
2024-11-14,148196772.650000,148196772.650000,138723802.250000
2024-11-15,146074008.170000,146074008.170000,137101593.090000
2024-11-18,146186022.850000,146186022.850000,138259164.000000
2024-11-19,144387438.970000,144387438.970000,137337991.470000
2024-11-20,148486272.240000,148486272.240000,138126125.980000
2024-11-21,148881174.850000,148881174.850000,139405465.030000
2024-11-22,152716804.200000,152716804.200000,140625436.540000
2024-11-25,151625497.160000,151625497.160000,139760331.030000
2024-11-26,149310395.480000,149310395.480000,138472206.180000
2024-11-27,147761915.020000,147761915.020000,137671756.530000
2024-11-28,147826337.400000,147826337.400000,137666459.350000
2024-11-29,150766978.450000,150766978.450000,140402025.570000
2024-12-02,148683644.090000,148683644.090000,140364980.450000
2024-12-03,148870707.330000,148870707.330000,141728440.810000
2024-12-04,149629167.790000,149629167.790000,141314054.250000
2024-12-05,147785848.840000,147785848.840000,139881765.250000
2024-12-06,149239726.390000,149239726.390000,140467304.930000
2024-12-09,151894455.370000,151894455.370000,138984888.430000
2024-12-10,152920385.810000,152920385.810000,137890521.220000
2024-12-11,151009841.680000,151009841.680000,138773614.190000
2024-12-12,149564776.980000,149564776.980000,138687750.400000
2024-12-13,148276573.620000,148276573.620000,138777470.850000
2024-12-16,147943818.210000,147943818.210000,139531822.630000
2024-12-17,146398613.690000,146398613.690000,138323586.570000
2024-12-18,144934284.210000,144934284.210000,138013283.920000
2024-12-19,144309940.120000,144309940.120000,136674561.560000
2024-12-20,144838535.300000,144838535.300000,137691488.080000
2024-12-23,145616807.420000,145616807.420000,138090710.200000
2024-12-24,147060073.900000,147060073.900000,139453475.720000
2024-12-27,155802556.770000,155802556.770000,141276872.610000
2024-12-30,153303537.700000,153303537.700000,139081833.370000
2024-12-31,153690117.180000,153690117.180000,139770965.410000
2025-01-02,160013210.060000,160013210.060000,141837797.590000
2025-01-03,163945011.640000,163945011.640000,145237843.110000
2025-01-06,163544021.120000,163544021.120000,144964615.460000
2025-01-07,161330667.300000,161330667.300000,145630376.400000
2025-01-08,157311397.260000,157311397.260000,144639922.200000
2025-01-09,157583054.740000,157583054.740000,145812044.260000
2025-01-10,156710296.490000,156710296.490000,146597778.520000
2025-01-13,153415600.340000,153415600.340000,147551875.490000
2025-01-14,152627706.060000,152627706.060000,147503905.720000
2025-01-15,156082327.590000,156082327.590000,148160759.860000
2025-01-16,157310718.290000,157310718.290000,148826770.870000
2025-01-17,159831478.080000,159831478.080000,150576761.710000
2025-01-20,158830745.950000,158830745.950000,149863379.320000
2025-01-21,157698036.690000,157698036.690000,150264587.840000
2025-01-22,159428117.440000,159428117.440000,151993320.190000
2025-01-23,162768435.540000,162768435.540000,155187998.030000
2025-01-24,158227980.420000,158227980.420000,152621313.670000
2025-01-27,153054530.130000,153054530.130000,148489611.880000
2025-01-28,151228931.400000,151228931.400000,147437953.170000
2025-01-29,150505494.520000,150505494.520000,146704261.440000
2025-01-30,153052628.420000,153052628.420000,150377809.880000
2025-01-31,153736511.010000,153736511.010000,152549787.640000
2025-02-03,152706101.330000,152706101.330000,151119458.280000
2025-02-04,153723532.350000,153723532.350000,152677971.210000
2025-02-05,155055035.100000,155055035.100000,152501551.550000
2025-02-06,155598340.460000,155598340.460000,154219843.200000
2025-02-07,157315884.610000,157315884.610000,155579250.550000
2025-02-10,157654244.760000,157654244.760000,159321701.700000
2025-02-11,155695181.410000,155695181.410000,158557704.420000
2025-02-12,159516759.690000,159516759.690000,162680770.690000
2025-02-13,160541991.100000,160541991.100000,162330658.080000
2025-02-14,158756644.290000,158756644.290000,159545751.750000
2025-02-17,159470119.770000,159470119.770000,159776922.200000
2025-02-18,161497366.550000,161497366.550000,159939755.630000
2025-02-19,165873010.740000,165873010.740000,157563036.970000
2025-02-20,160816832.000000,160816832.000000,156934981.270000
2025-02-21,157619527.730000,157619527.730000,153742744.530000
2025-02-24,155142778.970000,155142778.970000,150107026.020000
2025-02-25,152553247.580000,152553247.580000,149415758.040000
2025-02-26,151995832.370000,151995832.370000,149554258.370000
2025-02-27,151720158.300000,151720158.300000,151882907.030000
2025-02-28,151699372.480000,151699372.480000,152738709.400000
2025-03-03,149929146.820000,149929146.820000,153305674.500000
2025-03-04,147407800.730000,147407800.730000,153029420.540000
2025-03-05,149521763.110000,149521763.110000,154748195.850000
2025-03-06,145361874.710000,145361874.710000,151118214.340000
2025-03-07,145166001.580000,145166001.580000,150974715.050000
2025-03-10,140397109.660000,140397109.660000,143963494.180000
2025-03-11,138619024.670000,138619024.670000,143625604.890000
2025-03-12,139866447.790000,139866447.790000,145860787.690000
2025-03-13,139451977.610000,139451977.610000,144944619.930000
2025-03-14,141816853.950000,141816853.950000,149195820.070000
2025-03-17,144272259.060000,144272259.060000,150777556.510000
2025-03-18,143000996.970000,143000996.970000,149532958.300000
2025-03-19,145239949.890000,145239949.890000,152480761.020000
2025-03-20,144999700.610000,144999700.610000,152568362.890000
2025-03-21,145841245.950000,145841245.950000,153827959.990000
2025-03-24,145427172.910000,145427172.910000,154206725.900000
2025-03-25,144114626.180000,144114626.180000,153227563.510000
2025-03-26,144476540.950000,144476540.950000,152578154.990000
2025-03-27,144048570.270000,144048570.270000,151824837.110000
2025-03-28,142354078.960000,142354078.960000,148478480.390000
2025-03-31,140520004.470000,140520004.470000,145464965.890000
2025-04-01,141101660.480000,141101660.480000,145930629.010000
2025-04-02,140400498.480000,140400498.480000,145597252.070000
2025-04-03,134308768.780000,134308768.780000,140599802.650000
2025-04-04,127135079.180000,127135079.180000,130625445.090000
2025-04-07,123717649.010000,123717649.010000,126059960.710000
2025-04-08,127548593.300000,127548593.300000,130120387.550000
2025-04-09,127369728.520000,127369728.520000,129883090.570000
2025-04-10,129565105.260000,129565105.260000,132469824.920000
2025-04-11,131971980.790000,131971980.790000,132103556.740000
2025-04-14,135141308.980000,135141308.980000,136694482.220000
2025-04-15,135144594.180000,135144594.180000,139324293.340000
2025-04-16,133026551.030000,133026551.030000,136703288.760000
2025-04-17,133540797.120000,133540797.120000,137641633.570000
2025-04-22,134088167.390000,134088167.390000,136359016.710000
2025-04-23,137877726.730000,137877726.730000,139868522.020000
2025-04-24,140924529.440000,140924529.440000,142666396.870000
2025-04-25,139995599.770000,139995599.770000,143245412.060000
2025-04-28,140551640.660000,140551640.660000,142832177.080000
2025-04-29,141480334.570000,141480334.570000,144278191.930000
2025-04-30,141508479.840000,141508479.840000,144170694.070000
2025-05-01,143140258.360000,143140258.360000,145373521.440000
2025-05-02,146374539.850000,146374539.850000,147839229.600000
2025-05-06,142306765.460000,142306765.460000,147378273.100000
2025-05-07,142447552.400000,142447552.400000,149421500.110000
2025-05-08,144652562.620000,144652562.620000,153213779.970000
2025-05-09,144559960.290000,144559960.290000,152919213.020000
2025-05-12,146772170.240000,146772170.240000,154599167.050000
2025-05-13,148933472.280000,148933472.280000,155934653.190000
2025-05-14,148172190.100000,148172190.100000,156794331.720000
2025-05-15,148427267.990000,148427267.990000,158496438.150000
2025-05-16,148200009.290000,148200009.290000,158174171.580000
2025-05-19,147159498.520000,147159498.520000,157110338.570000
2025-05-20,149372321.700000,149372321.700000,156654433.620000
2025-05-21,148090349.980000,148090349.980000,156065447.070000
2025-05-22,147638713.420000,147638713.420000,155702038.490000
2025-05-23,151489567.270000,151489567.270000,159138792.000000
2025-05-27,153746356.230000,153746356.230000,161301736.430000
2025-05-28,153852615.620000,153852615.620000,162615890.750000
2025-05-29,153373173.960000,153373173.960000,161451003.560000
2025-05-30,152620141.460000,152620141.460000,162816732.120000
2025-06-02,153541545.020000,153541545.020000,164908471.450000
2025-06-03,154504027.050000,154504027.050000,167149713.320000
2025-06-04,155589226.450000,155589226.450000,168563825.700000
2025-06-05,154403567.780000,154403567.780000,168235030.250000
2025-06-06,156127540.270000,156127540.270000,167602604.900000
2025-06-09,155627634.760000,155627634.760000,166596886.490000
2025-06-10,155422216.560000,155422216.560000,167044982.350000
2025-06-11,155442712.860000,155442712.860000,168920743.190000
2025-06-12,156967070.200000,156967070.200000,171161539.700000
2025-06-13,153701505.950000,153701505.950000,171420814.710000
2025-06-16,156013961.420000,156013961.420000,176890139.310000
2025-06-17,154742773.770000,154742773.770000,177315846.190000
2025-06-18,155101439.770000,155101439.770000,176282588.090000
2025-06-19,154721589.170000,154721589.170000,173764146.240000
2025-06-20,153746753.220000,153746753.220000,174031227.010000
2025-06-23,152433474.090000,152433474.090000,172142893.160000
2025-06-24,155429037.390000,155429037.390000,175097827.290000
2025-06-25,154909784.430000,154909784.430000,173708186.660000
2025-06-26,155665527.590000,155665527.590000,174763734.080000
2025-06-27,157550721.820000,157550721.820000,175824504.910000
2025-06-30,157014527.900000,157014527.900000,176583786.360000
2025-07-01,158178390.130000,158178390.130000,172916057.340000
2025-07-02,160014402.740000,160014402.740000,174105632.380000
2025-07-03,165661430.600000,165661430.600000,176792392.430000
2025-07-04,167329957.010000,167329957.010000,176913218.320000
2025-07-07,166029566.970000,166029566.970000,177625259.130000
2025-07-08,166974859.420000,166974859.420000,179116582.500000
2025-07-09,171054020.180000,171054020.180000,183297868.150000
2025-07-10,174330318.550000,174330318.550000,184347849.580000
2025-07-11,172179821.430000,172179821.430000,183485646.440000
2025-07-14,174449447.870000,174449447.870000,187466261.640000
2025-07-15,175563899.340000,175563899.340000,186379583.290000
2025-07-16,176728105.770000,176728105.770000,187981492.510000
2025-07-17,178003789.410000,178003789.410000,189946208.380000
2025-07-18,178257961.780000,178257961.780000,189533551.200000
2025-07-21,178876794.430000,178876794.430000,186139986.630000
2025-07-22,176660397.110000,176660397.110000,183143195.390000
2025-07-23,178884532.680000,178884532.680000,186111648.630000
2025-07-24,180056868.160000,180056868.160000,187226228.580000
2025-07-25,181514887.080000,181514887.080000,187275804.700000
2025-07-28,182059424.110000,182059424.110000,186838205.540000
2025-07-29,179792888.810000,179792888.810000,187453288.490000
2025-07-30,178365145.660000,178365145.660000,184801916.860000
2025-07-31,178610636.400000,178610636.400000,187247437.170000
2025-08-01,174642675.710000,174642675.710000,183232051.430000
2025-08-04,176765995.060000,176765995.060000,186943534.950000
2025-08-05,176818647.310000,176818647.310000,187950835.640000
2025-08-06,175923462.770000,175923462.770000,187389462.350000
2025-08-07,173957462.650000,173957462.650000,184573480.600000
2025-08-08,172244695.200000,172244695.200000,182647351.640000
2025-08-11,171533218.150000,171533218.150000,184317487.360000
2025-08-12,174338511.760000,174338511.760000,185878436.000000
2025-08-13,177843790.510000,177843790.510000,187505915.510000
2025-08-14,179243519.760000,179243519.760000,189535026.090000
2025-08-15,179879212.760000,179879212.760000,188941313.350000
2025-08-18,179872350.430000,179872350.430000,187781690.990000
2025-08-19,177355719.460000,177355719.460000,183731346.080000
2025-08-20,175159249.870000,175159249.870000,180514357.320000
2025-08-21,176874605.520000,176874605.520000,182180979.420000
2025-08-22,179365995.880000,179365995.880000,183086253.200000
2025-08-26,179680155.020000,179680155.020000,185791621.720000
2025-08-27,180028792.900000,180028792.900000,185934593.180000
2025-08-28,181020911.880000,181020911.880000,187495671.220000
2025-08-29,181265688.720000,181265688.720000,187562168.110000
2025-09-01,181075106.310000,181075106.310000,187020444.250000
2025-09-02,179236641.220000,179236641.220000,184894431.000000
2025-09-03,180803428.420000,180803428.420000,184707032.820000
2025-09-04,180547205.280000,180547205.280000,184505282.810000
2025-09-05,182820482.450000,182820482.450000,183889646.290000
2025-09-08,185054456.630000,185054456.630000,187060565.140000
2025-09-09,184945889.300000,184945889.300000,187681146.500000
2025-09-10,185276648.540000,185276648.540000,186781640.330000
2025-09-11,186964457.180000,186964457.180000,188719230.080000
2025-09-12,188277946.400000,188277946.400000,191504832.130000
2025-09-15,188850355.080000,188850355.080000,192065037.680000
2025-09-16,190233849.100000,190233849.100000,191257961.640000
2025-09-17,190932100.720000,190932100.720000,190971863.360000
2025-09-18,197005706.230000,197005706.230000,194780916.150000
2025-09-19,200545821.530000,200545821.530000,197604056.030000
2025-09-22,202775538.030000,202775538.030000,197560352.210000
2025-09-23,202102359.660000,202102359.660000,199633900.870000
2025-09-24,202222473.640000,202222473.640000,200425470.030000
2025-09-25,200668431.430000,200668431.430000,200162966.400000
2025-09-26,203716627.330000,203716627.330000,202038666.700000
2025-09-29,200945650.260000,200945650.260000,199237470.890000
2025-09-30,200606289.100000,200606289.100000,199585432.430000
2025-10-01,204084686.160000,204084686.160000,202905070.550000
2025-10-02,208458122.680000,208458122.680000,205053875.070000
2025-10-03,212654697.630000,212654697.630000,206073515.320000
2025-10-06,213617790.300000,213617790.300000,207192456.160000
2025-10-07,213656172.920000,213656172.920000,207104425.040000
2025-10-08,218724254.190000,218724254.190000,208350321.850000
2025-10-09,217954085.440000,217954085.440000,208199068.840000
2025-10-10,215185374.230000,215185374.230000,205241868.020000
2025-10-13,217527477.950000,217527477.950000,207821947.720000
2025-10-14,217943757.470000,217943757.470000,207421147.910000
2025-10-15,227119477.560000,227119477.560000,209935736.820000
2025-10-16,226118335.740000,226118335.740000,211015238.750000
2025-10-17,222037220.560000,222037220.560000,206434155.860000
2025-10-20,235460891.680000,235460891.680000,216519471.670000
2025-10-21,231603614.830000,231603614.830000,214886900.160000
2025-10-22,230758969.690000,230758969.690000,212093312.410000
2025-10-23,232485793.090000,232485793.090000,215275093.850000
2025-10-24,233381480.910000,233381480.910000,218195040.960000
2025-10-27,237646665.130000,237646665.130000,220949215.770000
2025-10-28,235023124.540000,235023124.540000,222455431.160000
2025-10-29,237685105.280000,237685105.280000,226995223.240000
2025-10-30,237717406.170000,237717406.170000,225181664.220000
2025-10-31,237655188.460000,237655188.460000,225626890.930000
2025-11-03,235504643.830000,235504643.830000,223213493.990000
2025-11-04,228523629.760000,228523629.760000,216010802.300000
2025-11-05,228932514.750000,228932514.750000,218732960.250000
2025-11-06,223559535.490000,223559535.490000,211848053.280000
2025-11-07,219162287.500000,219162287.500000,208521763.820000
2025-11-10,225321455.180000,225321455.180000,215111897.630000
2025-11-11,224222310.950000,224222310.950000,214529193.700000
2025-11-12,226456353.420000,226456353.420000,215057437.550000
2025-11-13,222140940.140000,222140940.140000,209554877.140000
2025-11-14,221170823.990000,221170823.990000,206656729.920000
2025-11-17,220184252.290000,220184252.290000,206212770.520000
2025-11-18,217507944.020000,217507944.020000,202428691.330000
2025-11-19,217983099.340000,217983099.340000,203050587.120000
2025-11-20,219378843.170000,219378843.170000,201108096.410000
2025-11-21,212136122.440000,212136122.440000,195493898.980000
2025-11-24,216063886.550000,216063886.550000,197512750.000000
2025-11-25,217183620.560000,217183620.560000,199243291.970000
2025-11-26,218659937.130000,218659937.130000,202013112.820000
2025-11-27,217926501.580000,217926501.580000,202016220.430000
2025-11-28,220444815.380000,220444815.380000,204198462.560000
2025-12-01,214587005.820000,214587005.820000,201442183.800000
2025-12-02,214433800.520000,214433800.520000,202838299.570000
2025-12-03,217754297.360000,217754297.360000,206216531.070000
2025-12-04,219230125.930000,219230125.930000,208289428.370000
2025-12-05,219430967.430000,219430967.430000,209156139.210000
2025-12-08,219069281.860000,219069281.860000,208426428.210000
2025-12-09,218758993.630000,218758993.630000,208295130.800000
2025-12-10,220550690.630000,220550690.630000,209660698.350000
2025-12-11,220919746.640000,220919746.640000,210418195.370000
2025-12-12,217746305.050000,217746305.050000,207822199.390000
2025-12-15,215392063.660000,215392063.660000,207870681.820000
2025-12-16,213746875.550000,213746875.550000,207795618.970000
2025-12-17,211484732.390000,211484732.390000,204673908.750000
2025-12-18,213301754.760000,213301754.760000,207888977.830000
2025-12-19,217483826.840000,217483826.840000,211506981.840000
2025-12-22,221628514.570000,221628514.570000,215888928.990000
2025-12-23,220270834.600000,220270834.600000,215705114.260000
2025-12-24,220967499.430000,220967499.430000,215692209.430000
2025-12-29,222012136.890000,222012136.890000,217196535.380000
2025-12-30,219275521.020000,219275521.020000,216705212.050000
2025-12-31,220027673.400000,220027673.400000,218151700.130000
2026-01-02,221550768.520000,221550768.520000,221479706.910000
2026-01-05,226495017.010000,226495017.010000,226483061.440000
2026-01-06,224189522.390000,224189522.390000,220906682.990000
2026-01-07,226651810.270000,226651810.270000,220726358.700000
2026-01-08,225833009.500000,225833009.500000,220940859.600000
2026-01-09,226131740.370000,226131740.370000,222130629.750000
2026-01-12,227603141.180000,227603141.180000,224111143.840000
2026-01-13,227137716.780000,227137716.780000,227290403.040000
2026-01-14,227164739.100000,227164739.100000,229406700.590000
2026-01-15,224625573.080000,224625573.080000,228171893.460000
2026-01-16,226201750.980000,226201750.980000,228638711.340000
2026-01-19,225119860.940000,225119860.940000,225848064.650000
2026-01-20,224881619.170000,224881619.170000,224270671.830000
2026-01-21,225551299.940000,225551299.940000,225144301.220000
2026-01-22,231504184.540000,231504184.540000,229077473.550000
2026-01-23,231398117.300000,231398117.300000,231467164.840000
2026-01-26,226220255.410000,226220255.410000,228143578.930000
2026-01-27,228390556.520000,228390556.520000,228643959.340000
2026-01-28,226854735.350000,226854735.350000,225816586.650000
2026-01-29,226232389.940000,226232389.940000,223880739.980000
2026-01-30,223847665.090000,223847665.090000,222688415.910000
2026-02-02,223864943.470000,223864943.470000,220621571.150000
2026-02-03,222545026.590000,222545026.590000,223884974.600000
2026-02-04,217199021.700000,217199021.700000,221459010.550000
2026-02-05,211640460.840000,211640460.840000,218532159.560000
2026-02-06,215101826.090000,215101826.090000,221496454.980000
2026-02-09,221649015.330000,221649015.330000,227495500.980000
2026-02-10,221048935.810000,221048935.810000,224883796.140000
2026-02-11,219677765.620000,219677765.620000,224729726.210000
2026-02-12,216507006.700000,216507006.700000,220770530.640000
2026-02-13,215395075.370000,215395075.370000,221572256.770000
2026-02-16,215988754.020000,215988754.020000,224406832.250000
2026-02-17,214719870.470000,214719870.470000,223737811.930000
2026-02-18,217384980.640000,217384980.640000,228325748.610000
2026-02-19,219916510.830000,219916510.830000,228457933.000000
2026-02-20,219354230.750000,219354230.750000,228299451.380000
2026-02-23,217522386.420000,217522386.420000,226205775.500000
2026-02-24,219712637.590000,219712637.590000,226421664.210000
2026-02-25,226258109.910000,226258109.910000,231314932.710000
2026-02-26,227456946.510000,227456946.510000,231613888.360000
2026-02-27,226430962.140000,226430962.140000,232263640.590000
2026-03-02,227302444.270000,227302444.270000,233241756.070000
2026-03-03,221776531.720000,221776531.720000,225788520.470000
2026-03-04,223832596.700000,223832596.700000,230403472.290000
2026-03-05,222310288.790000,222310288.790000,227764613.400000
2026-03-06,221707066.040000,221707066.040000,225567124.420000
2026-03-09,222651310.990000,222651310.990000,221144289.080000
2026-03-10,228100377.830000,228100377.830000,227806095.870000
2026-03-11,228919706.730000,228919706.730000,230084060.570000
2026-03-12,226088087.410000,226088087.410000,228067275.780000
2026-03-13,223127880.940000,223127880.940000,224509828.100000
2026-03-16,223630363.010000,223630363.010000,223347249.240000
2026-03-17,224059189.720000,224059189.720000,224149590.650000
2026-03-18,222451117.880000,222451117.880000,222227415.710000
2026-03-19,216924592.200000,216924592.200000,214458850.690000
2026-03-20,215105818.330000,215105818.330000,209669288.410000
2026-03-23,215589495.140000,215589495.140000,213178960.530000
2026-03-24,212435112.870000,212435112.870000,211204389.750000
2026-03-25,217181834.920000,217181834.920000,218377928.150000
2026-03-26,214868230.530000,214868230.530000,215271831.230000
2026-03-27,210639920.430000,210639920.430000,213345972.700000
2026-03-30,210564211.100000,210564211.100000,212560527.660000
2026-03-31,217163329.030000,217163329.030000,218083040.640000
2026-04-01,221783423.340000,221783423.340000,224621139.270000
2026-04-02,222295460.140000,222295460.140000,225251856.370000
2026-04-07,220762016.230000,220762016.230000,223600627.230000
2026-04-08,226997021.980000,226997021.980000,231077474.980000
2026-04-09,226596433.770000,226596433.770000,227622856.620000
2026-04-10,224651938.430000,224651938.430000,225753685.780000
2026-04-13,227154113.170000,227154113.170000,226736959.650000
2026-04-14,229664273.040000,229664273.040000,230579134.220000
2026-04-15,231528202.740000,231528202.740000,233343928.820000
2026-04-16,235203343.910000,235203343.910000,235222822.020000
2026-04-17,240213156.610000,240213156.610000,241664777.360000
2026-04-20,239236299.580000,239236299.580000,243895136.160000
2026-04-21,238404834.090000,238404834.090000,243086880.090000
2026-04-22,244326258.040000,244326258.040000,249726047.030000
2026-04-23,240951404.160000,240951404.160000,252973186.730000
2026-04-24,241745948.370000,241745948.370000,255855889.020000
2026-04-27,238937312.040000,238937312.040000,247500758.980000
2026-04-28,235861092.520000,235861092.520000,245046594.300000
2026-04-29,234260132.160000,234260132.160000,244925341.910000
2026-04-30,237634190.450000,237634190.450000,253913094.380000
2026-05-01,237926506.280000,237926506.280000,253774491.150000
2026-05-05,243783919.490000,243783919.490000,270842153.630000
2026-05-06,246758177.990000,246758177.990000,272340267.630000
2026-05-07,247169924.150000,247169924.150000,289775128.960000
2026-05-08,244377146.760000,244377146.760000,280749486.740000
2026-05-11,252940614.810000,252940614.810000,283783707.290000
2026-05-12,251341639.050000,251341639.050000,277153205.490000
2026-05-13,252309206.050000,252309206.050000,289364269.510000
2026-05-14,257274758.960000,257274758.960000,292011503.590000
2026-05-15,251775015.000000,251775015.000000,287783450.140000
2026-05-18,248773888.190000,248773888.190000,288666204.230000
2026-05-19,246542555.300000,246542555.300000,297509110.040000
2026-05-20,247939502.600000,247939502.600000,305292058.140000
2026-05-21,251621502.470000,251621502.470000,289757711.450000
2026-05-22,254187181.370000,254187181.370000,285671772.020000
2026-05-26,258979095.360000,258979095.360000,295872686.820000
2026-05-27,264814119.560000,264814119.560000,291755617.390000
2026-05-28,264929287.570000,264929287.570000,286349593.920000
2026-05-29,265785248.610000,265785248.610000,294764676.260000
2026-06-01,266175925.450000,266175925.450000,295328013.370000
2026-06-02,261744986.470000,261744986.470000,285135759.410000
2026-06-03,257757640.690000,257757640.690000,263820124.820000
2026-06-04,258168746.770000,258168746.770000,272642234.810000
2026-06-05,247822924.870000,247822924.870000,272250355.530000
2026-06-08,249795338.740000,249795338.740000,286776584.040000
2026-06-09,242503085.260000,242503085.260000,268019440.990000
2026-06-10,237079979.380000,237079979.380000,258274869.110000
2026-06-11,239807398.970000,239807398.970000,259052999.500000
2026-06-12,241357358.330000,241357358.330000,265463554.440000
2026-06-15,246568869.680000,246568869.680000,273029157.850000
2026-06-16,244743629.420000,244743629.420000,283913343.990000
2026-06-17,246965376.860000,246965376.860000,283108464.850000
2026-06-18,250180633.820000,250180633.820000,284957070.090000
2026-06-19,251826142.170000,251826142.170000,287980525.840000
2026-06-22,249281179.930000,249281179.930000,287863291.260000
2026-06-23,244414471.440000,244414471.440000,273470749.290000
2026-06-24,241276111.520000,241276111.520000,264757213.760000
2026-06-25,237579886.500000,237579886.500000,255953218.460000
2026-06-26,236903029.250000,236903029.250000,241254449.650000
2026-06-29,240905362.980000,240905362.980000,247643263.880000
2026-06-30,243472673.130000,243472673.130000,257609378.110000
2026-07-01,244260251.060000,244260251.060000,259271242.260000
2026-07-02,244576366.430000,244576366.430000,255338436.330000
2026-07-03,243860501.940000,243860501.940000,248541932.640000
2026-07-06,242467576.620000,242467576.620000,256140525.060000
2026-07-07,238921053.720000,238921053.720000,249569791.120000
2026-07-08,237086682.160000,237086682.160000,246304307.040000
2026-07-09,238969033.150000,238969033.150000,250846392.890000
2026-07-10,236970880.900000,236970880.900000,254117210.850000
2026-07-13,233033629.370000,233033629.370000,251981261.420000
2026-07-14,233075867.810000,233075867.810000,253271669.140000
2026-07-15,233182845.960000,233182845.960000,253755381.000000
2026-07-16,226829293.190000,226829293.190000,246952279.580000
2026-07-17,223988463.420000,223988463.420000,239758894.580000
2026-07-20,224156697.610000,224156697.610000,239125662.870000
2026-07-21,228005797.980000,228005797.980000,242391924.100000
2026-07-22,228601382.420000,228601382.420000,244302255.980000
2026-07-23,226516764.420000,226516764.420000,243561239.350000
2026-07-24,224110441.030000,224110441.030000,244953451.700000
2026-07-27,225679292.190000,225679292.190000,246323121.710000
2026-07-28,222624532.850000,222624532.850000,244046298.770000
2026-07-29,220096977.690000,220096977.690000,238363766.540000
2026-07-30,221369361.150000,221369361.150000,237482649.940000
2026-07-31,221189494.010000,221189494.010000,238853345.700000
2026-08-03,224177834.900000,224177834.900000,244311673.710000
2026-08-04,229744471.030000,229744471.030000,246039391.410000
2026-08-05,230457807.880000,230457807.880000,249060703.270000
2026-08-06,230933539.320000,230933539.320000,248154247.510000
2026-08-07,233592960.720000,233592960.720000,251180952.340000
2026-08-10,233085288.840000,233085288.840000,255192190.010000
2026-08-11,235588741.690000,235588741.690000,255144795.370000
2026-08-12,237033673.820000,237033673.820000,259187802.940000
2026-08-13,236934912.880000,236934912.880000,260174992.490000
2026-08-14,235599173.420000,235599173.420000,255462863.140000
2026-08-17,235385024.120000,235385024.120000,254531827.700000
2026-08-18,233758205.730000,233758205.730000,251134503.510000
2026-08-19,236205899.780000,236205899.780000,253429021.180000
2026-08-20,234502503.320000,234502503.320000,250287864.120000
2026-08-21,235979928.950000,235979928.950000,252129186.410000
2026-08-24,234555973.170000,234555973.170000,250633602.340000
2026-08-25,239417826.240000,239417826.240000,251422111.860000
2026-08-26,235750645.270000,235750645.270000,249667551.660000
2026-08-27,236123762.380000,236123762.380000,250940184.730000
2026-08-28,234805707.680000,234805707.680000,250700384.890000
2026-09-01,231480447.340000,231480447.340000,241552039.030000
2026-09-02,230859880.060000,230859880.060000,237975066.540000
2026-09-03,232235419.710000,232235419.710000,241613255.350000
2026-09-04,232834119.420000,232834119.420000,243752921.180000
2026-09-07,233094808.750000,233094808.750000,243800893.200000
2026-09-08,231700182.960000,231700182.960000,245042470.770000
2026-09-09,230337391.970000,230337391.970000,253974591.130000
2026-09-10,227062385.290000,227062385.290000,246914846.000000
2026-09-11,225075418.740000,225075418.740000,247243600.550000
2026-09-14,219000649.360000,219000649.360000,241994550.820000
2026-09-15,217030844.100000,217030844.100000,236141590.830000
2026-09-16,216197219.160000,216197219.160000,241781544.370000
