date,IITU.L,ISF.L,SMGB.L,SGLN.L,BRNT.L,RR.L,PLTR,AZN.L,SHEL.L,HSBA.L,BRK-B,IBTM.L,DBMG.L,IPWR,VYGR,AL3.AX,LTBR,SLX.AX,WBT.AX,VUL.AX,IDN,EDIT,SEYE.ST,QSI,ALCLS.PA,PRQR,ALMDT.PA,EMV.AX,AXE.AX,MOLN.SW,GSIT,FTC.L,BGO.L
2021-09-16,0.029999,0.030000,0.030000,0.029999,0.029999,0.029999,0.029997,0.029999,0.029999,0.029999,0.029999,0.029999,0.030000,0.029995,0.030000,0.030000,0.030000,0.029998,0.029999,0.029998,0.029995,0.029993,0.029995,0.029990,0.029999,0.029989,0.029999,0.029998,0.029992,0.029999,0.029999,0.030000,0.029999
2021-10-15,0.029999,0.029999,0.030000,0.030000,0.029999,0.029999,0.029997,0.030000,0.029999,0.029999,0.029999,0.030000,0.029999,0.029996,0.030000,0.029998,0.029999,0.030000,0.029998,0.029999,0.029998,0.029976,0.029997,0.029994,0.029996,0.029995,0.029988,0.029998,0.029998,0.030000,0.029999,0.029999,0.029998
2021-11-15,0.030000,0.030000,0.030000,0.030000,0.029998,0.029998,0.029998,0.029999,0.030000,0.029999,0.029999,0.030000,0.030000,0.029999,0.029999,0.029999,0.029997,0.029999,0.030000,0.029998,0.029998,0.029969,0.029998,0.029998,0.029996,0.029994,0.029993,0.029998,0.029994,0.029997,0.029997,0.030000,0.029997
2021-12-14,0.030000,0.029999,0.029999,0.029999,0.029999,0.030000,0.029998,0.030000,0.029999,0.029999,0.029999,0.030000,0.030000,0.029996,0.030000,0.029998,0.030000,0.029999,0.030000,0.029997,0.030000,0.029989,0.029998,0.029998,0.029994,0.029993,0.029994,0.030000,0.029996,0.029999,0.029998,0.030000,0.029997
2022-01-17,0.029999,0.030000,0.030000,0.029999,0.029998,0.030000,0.030000,0.030000,0.029999,0.030000,0.030000,0.030000,0.029999,0.029999,0.029999,0.029998,0.029999,0.029999,0.030000,0.029996,0.029997,0.029980,0.029998,0.029998,0.029996,0.029994,0.030000,0.029999,0.029996,0.029993,0.029999,0.029999,0.030000
2022-02-15,0.030000,0.029999,0.029999,0.029999,0.029998,0.029999,0.030000,0.029999,0.029998,0.029999,0.029999,0.029999,0.029999,0.029999,0.030000,0.030000,0.029999,0.029998,0.029998,0.029995,0.029998,0.029988,0.029997,0.029993,0.029998,0.029998,0.029994,0.029998,0.029997,0.029993,0.029998,0.029999,0.029997
2022-03-16,0.030000,0.030000,0.029999,0.029999,0.030000,0.029999,0.029999,0.029999,0.029999,0.030000,0.029999,0.029999,0.029999,0.029997,0.030000,0.029999,0.029997,0.029998,0.029997,0.029996,0.029999,0.029987,0.029997,0.029999,0.029995,0.029999,0.029991,0.029999,0.029995,0.030000,0.029999,0.029999,0.029999
2022-04-14,0.030000,0.029999,0.029999,0.029999,0.029999,0.029999,0.029998,0.029999,0.030000,0.030000,0.030000,0.029999,0.029999,0.029999,0.029996,0.029999,0.029996,0.030000,0.029999,0.029997,0.029999,0.029998,0.030000,0.029993,0.029997,0.030000,0.029997,0.029999,0.029999,0.029996,0.030000,0.030000,0.029997
2022-05-18,0.029999,0.029999,0.030000,0.029999,0.029998,0.029999,0.029999,0.029999,0.029999,0.029999,0.029998,0.029999,0.030000,0.029999,0.029999,0.029999,0.030000,0.029999,0.029997,0.030000,0.029999,0.029996,0.029998,0.029998,0.029999,0.029999,0.029998,0.029998,0.029997,0.030000,0.029999,0.030000,0.029999
2022-06-20,0.030000,0.029999,0.030000,0.030000,0.029998,0.030000,0.030000,0.029999,0.030000,0.029999,0.030000,0.029999,0.030000,0.029997,0.029999,0.029998,0.029999,0.029998,0.030000,0.029997,0.030000,0.029999,0.030000,0.029995,0.029998,0.029999,0.029998,0.030000,0.029996,0.029999,0.029998,0.029998,0.029999
2022-07-19,0.029999,0.029999,0.030000,0.029999,0.029997,0.029999,0.029999,0.029999,0.029998,0.029999,0.029999,0.029999,0.029999,0.029996,0.029998,0.029999,0.029998,0.029997,0.029999,0.029997,0.029999,0.029991,0.030000,0.030000,0.029998,0.029999,0.029995,0.030000,0.029997,0.029998,0.029998,0.029999,0.029998
2022-08-17,0.029999,0.029999,0.029999,0.030000,0.030000,0.030000,0.029999,0.029999,0.029999,0.029998,0.029999,0.030000,0.029999,0.029995,0.030000,0.029997,0.029999,0.029996,0.029999,0.029995,0.029999,0.029991,0.029998,0.029995,0.029997,0.029999,0.030000,0.029999,0.029998,0.029999,0.029998,0.029998,0.029999
2022-09-16,0.029999,0.030000,0.029999,0.030000,0.029999,0.029999,0.030000,0.029999,0.029998,0.030000,0.029999,0.029999,0.030000,0.029994,0.029998,0.030000,0.029999,0.029999,0.029999,0.029997,0.029998,0.029984,0.030000,0.029997,0.029997,0.029999,0.029998,0.030000,0.029999,0.029999,0.029998,0.030000,0.029997
2022-10-18,0.030000,0.029999,0.030000,0.029999,0.030000,0.030000,0.029999,0.029999,0.029998,0.029999,0.030000,0.029999,0.029998,0.029996,0.029999,0.029999,0.029999,0.029999,0.029999,0.030000,0.029999,0.029990,0.029999,0.029996,0.029999,0.029999,0.029994,0.029999,0.029999,0.029998,0.029999,0.029999,0.029999
2022-11-16,0.030000,0.030000,0.029999,0.029999,0.029997,0.029999,0.029999,0.030000,0.029999,0.030000,0.029999,0.029999,0.030000,0.029997,0.030000,0.029999,0.029999,0.029999,0.029997,0.029999,0.029999,0.029999,0.029999,0.029997,0.029998,0.029998,0.030000,0.029999,0.029996,0.029998,0.029999,0.030000,0.029999
2022-12-15,0.029999,0.029999,0.029999,0.029999,0.029997,0.029999,0.030000,0.029999,0.029999,0.029999,0.029999,0.030000,0.029999,0.029996,0.029997,0.030000,0.029998,0.029999,0.029999,0.029999,0.029999,0.029988,0.030000,0.029999,0.029998,0.029997,0.029998,0.029999,0.029998,0.029999,0.029999,0.029998,0.029996
2023-01-18,0.030000,0.030000,0.029999,0.029999,0.029997,0.029999,0.029999,0.029999,0.029998,0.030000,0.029999,0.029999,0.029999,0.029996,0.029998,0.030000,0.029998,0.029998,0.029999,0.029997,0.029999,0.029996,0.030000,0.029998,0.029998,0.029996,0.029999,0.029999,0.029997,0.029999,0.030000,0.029999,0.029996
2023-02-16,0.030000,0.029999,0.029999,0.030000,0.029998,0.030000,0.030000,0.029999,0.029998,0.029999,0.029999,0.029999,0.030000,0.029996,0.030000,0.029999,0.029999,0.029995,0.030000,0.029998,0.029999,0.029992,0.030000,0.029997,0.029999,0.029995,0.029996,0.029999,0.029999,0.030000,0.029999,0.030000,0.030000
2023-03-17,0.029999,0.030000,0.029999,0.029999,0.029998,0.029999,0.029999,0.029999,0.030000,0.030000,0.029999,0.030000,0.030000,0.029997,0.029999,0.029998,0.029999,0.030000,0.029997,0.029999,0.029999,0.029999,0.029999,0.029998,0.029998,0.029998,0.029995,0.030000,0.029998,0.030000,0.029999,0.029999,0.029997
2023-04-19,0.030000,0.029999,0.029999,0.029999,0.029999,0.029999,0.029999,0.029999,0.030000,0.030000,0.030000,0.030000,0.029999,0.029999,0.029998,0.029999,0.029999,0.029999,0.029995,0.029999,0.029998,0.029999,0.030000,0.030000,0.029998,0.029999,0.029995,0.029999,0.030000,0.029998,0.029999,0.029999,0.029999
2023-05-22,0.030000,0.029999,0.029999,0.030000,0.029999,0.030000,0.029999,0.029999,0.029999,0.029999,0.029999,0.030000,0.029999,0.030000,0.029998,0.030000,0.029998,0.029998,0.029997,0.029998,0.029998,0.029996,0.030000,0.029999,0.030000,0.029999,0.029999,0.029999,0.030000,0.029999,0.029997,0.030000,0.029999
2023-06-21,0.029999,0.029999,0.029999,0.030000,0.029999,0.029998,0.029998,0.029999,0.029999,0.029999,0.030000,0.029999,0.029999,0.029998,0.029996,0.029999,0.029999,0.029997,0.030000,0.029998,0.029999,0.029995,0.030000,0.029999,0.029998,0.030000,0.029998,0.029999,0.029999,0.029998,0.029999,0.030000,0.029999
2023-07-20,0.029999,0.030000,0.029999,0.030000,0.029998,0.030000,0.029998,0.029999,0.030000,0.029999,0.029999,0.030000,0.030000,0.029996,0.029998,0.029999,0.029999,0.029998,0.029996,0.029999,0.029999,0.029993,0.029999,0.029998,0.029999,0.030000,0.030000,0.029999,0.029998,0.030000,0.029999,0.029999,0.029998
2023-08-18,0.029999,0.030000,0.029999,0.029999,0.029998,0.029999,0.029998,0.030000,0.030000,0.029999,0.029999,0.029999,0.029999,0.029997,0.029997,0.030000,0.029998,0.029996,0.029998,0.029999,0.029998,0.029994,0.029999,0.029999,0.030000,0.029998,0.029999,0.029999,0.029999,0.029999,0.029998,0.029998,0.029998
2023-09-19,0.029999,0.029999,0.030000,0.030000,0.029998,0.030000,0.029998,0.029998,0.029998,0.029999,0.030000,0.030000,0.029999,0.029998,0.029999,0.029999,0.029999,0.029998,0.029999,0.029999,0.029999,0.029995,0.030000,0.029999,0.030000,0.029998,0.029998,0.029999,0.029999,0.029999,0.029998,0.030000,0.029997
2023-10-18,0.029999,0.030000,0.030000,0.029999,0.029997,0.029998,0.029999,0.029998,0.029999,0.029998,0.030000,0.030000,0.029999,0.029998,0.029998,0.029999,0.030000,0.029998,0.029999,0.030000,0.029999,0.030000,0.029999,0.029999,0.030000,0.030000,0.029996,0.029999,0.029998,0.030000,0.029999,0.029999,0.030000
2023-11-16,0.029999,0.029999,0.029999,0.030000,0.029998,0.030000,0.029997,0.029999,0.029999,0.029999,0.030000,0.030000,0.029999,0.029997,0.029999,0.030000,0.030000,0.029997,0.029999,0.029999,0.029999,0.029998,0.029999,0.029999,0.029999,0.029999,0.029997,0.029999,0.029999,0.029999,0.029999,0.030000,0.029998
2023-12-15,0.030000,0.030000,0.030000,0.030000,0.029998,0.029999,0.030000,0.029999,0.029999,0.029999,0.030000,0.030000,0.030000,0.029998,0.029998,0.030000,0.029999,0.029997,0.030000,0.029999,0.029999,0.029996,0.029999,0.029998,0.029998,0.030000,0.029999,0.029999,0.030000,0.029999,0.030000,0.029999,0.029997
2024-01-18,0.029999,0.029999,0.029998,0.030000,0.029999,0.029997,0.029998,0.029999,0.029999,0.030000,0.029999,0.029999,0.030000,0.030000,0.029999,0.029999,0.029999,0.029995,0.029998,0.029999,0.029999,0.029993,0.029999,0.029999,0.030000,0.029996,0.029999,0.029999,0.030000,0.030000,0.029999,0.029998,0.029999
2024-02-16,0.029999,0.029999,0.030000,0.030000,0.029998,0.029996,0.029998,0.029999,0.030000,0.029999,0.029999,0.029999,0.029999,0.030000,0.029998,0.029999,0.029999,0.029995,0.029999,0.029999,0.029999,0.029996,0.029999,0.029998,0.029999,0.029998,0.029998,0.029998,0.029999,0.029999,0.030000,0.029998,0.029999
2024-03-18,0.029999,0.029999,0.029999,0.029999,0.029998,0.029998,0.029997,0.029999,0.030000,0.029999,0.029999,0.030000,0.030000,0.029999,0.029997,0.029999,0.030000,0.029995,0.029999,0.029999,0.030000,0.029996,0.030000,0.029999,0.029998,0.029997,0.029998,0.029999,0.029999,0.029999,0.030000,0.029999,0.030000
2024-04-18,0.030000,0.030000,0.029999,0.030000,0.029998,0.029997,0.029998,0.030000,0.030000,0.029998,0.030000,0.030000,0.029999,0.029999,0.029997,0.029999,0.029999,0.030000,0.029999,0.030000,0.030000,0.029997,0.029999,0.029998,0.030000,0.029999,0.029998,0.030000,0.029998,0.029999,0.030000,0.029998,0.029999
2024-05-20,0.029999,0.030000,0.029999,0.029999,0.029998,0.029996,0.029998,0.029999,0.029998,0.029999,0.029999,0.029999,0.029999,0.029999,0.029999,0.029999,0.029999,0.029998,0.029999,0.029999,0.030000,0.029996,0.030000,0.029998,0.029999,0.029999,0.030000,0.029999,0.029999,0.030000,0.030000,0.029999,0.029999
2024-06-19,0.030000,0.029999,0.029999,0.029999,0.029998,0.029998,0.029998,0.029999,0.029999,0.030000,0.029999,0.030000,0.029999,0.029999,0.029998,0.029999,0.030000,0.029994,0.029999,0.029999,0.029999,0.029996,0.029999,0.030000,0.030000,0.029998,0.030000,0.029999,0.029999,0.029999,0.030000,0.029999,0.029999
2024-07-18,0.030000,0.029999,0.029999,0.030000,0.029999,0.029996,0.029997,0.030000,0.030000,0.029999,0.029999,0.029999,0.029999,0.030000,0.030000,0.030000,0.030000,0.029995,0.029999,0.029999,0.030000,0.029998,0.029998,0.029999,0.029999,0.029998,0.029999,0.029999,0.029999,0.029999,0.029999,0.029996,0.030000
2024-08-16,0.029999,0.030000,0.029999,0.029999,0.030000,0.029996,0.029999,0.029999,0.029998,0.029999,0.029999,0.030000,0.030000,0.030000,0.029998,0.029998,0.030000,0.029996,0.029999,0.030000,0.030000,0.029999,0.029998,0.030000,0.030000,0.030000,0.029997,0.030000,0.029999,0.029999,0.030000,0.029999,0.029999
2024-09-17,0.029999,0.029999,0.029998,0.029999,0.029998,0.029996,0.029998,0.030000,0.030000,0.029999,0.029999,0.030000,0.030000,0.029999,0.029998,0.029997,0.029999,0.029996,0.029999,0.029999,0.029999,0.029998,0.029999,0.029999,0.030000,0.029999,0.030000,0.030000,0.030000,0.029999,0.029999,0.029997,0.029999
2024-10-16,0.029999,0.030000,0.029999,0.030000,0.029998,0.029999,0.029998,0.029999,0.029999,0.029999,0.029999,0.029999,0.029999,0.029999,0.030000,0.029999,0.029999,0.029997,0.029999,0.030000,0.030000,0.029998,0.029999,0.029999,0.029999,0.029997,0.029999,0.030000,0.030000,0.029999,0.029999,0.029996,0.029999
2024-11-14,0.029999,0.030000,0.029998,0.029999,0.029999,0.029997,0.029995,0.030000,0.029999,0.030000,0.029999,0.030000,0.030000,0.029998,0.029999,0.029999,0.029999,0.029996,0.029998,0.029999,0.029999,0.029999,0.029999,0.030000,0.030000,0.029997,0.029999,0.030000,0.029999,0.029999,0.030000,0.029998,0.029999
2024-12-13,0.030000,0.030000,0.029999,0.030000,0.029999,0.029995,0.029997,0.029999,0.030000,0.030000,0.029999,0.030000,0.029999,0.029999,0.029998,0.029998,0.029999,0.029999,0.029999,0.029999,0.030000,0.030000,0.030000,0.029999,0.029999,0.029998,0.029999,0.029999,0.030000,0.029999,0.029999,0.029995,0.029999
2025-01-16,0.029999,0.030000,0.029999,0.029999,0.029999,0.029995,0.029996,0.029999,0.030000,0.029999,0.029999,0.030000,0.030000,0.029998,0.029999,0.029999,0.030000,0.029997,0.029999,0.029999,0.030000,0.030000,0.030000,0.029998,0.029999,0.030000,0.030000,0.029999,0.029999,0.029999,0.029999,0.029995,0.029999
2025-02-14,0.029999,0.030000,0.030000,0.029999,0.029999,0.029994,0.029997,0.030000,0.029999,0.029999,0.030000,0.030000,0.030000,0.029999,0.030000,0.029998,0.029998,0.029999,0.029999,0.029999,0.030000,0.030000,0.029999,0.030000,0.030000,0.029998,0.029999,0.029999,0.029999,0.030000,0.029999,0.029994,0.030000
2025-03-17,0.030000,0.030000,0.030000,0.029999,0.030000,0.029995,0.029995,0.029999,0.029999,0.030000,0.029999,0.030000,0.030000,0.029999,0.029999,0.029999,0.029997,0.029997,0.030000,0.029999,0.029999,0.029999,0.029999,0.029999,0.029999,0.029999,0.029999,0.029999,0.030000,0.029999,0.029999,0.029995,0.030000
2025-04-15,0.029999,0.030000,0.029999,0.029999,0.030000,0.029993,0.029994,0.029999,0.029999,0.029998,0.029998,0.030000,0.029999,0.030000,0.030000,0.030000,0.029999,0.030000,0.030000,0.029999,0.029999,0.030000,0.030000,0.029999,0.030000,0.029999,0.029999,0.029999,0.029999,0.029999,0.029999,0.029990,0.030000
2025-05-19,0.030000,0.029999,0.030000,0.029999,0.030000,0.030000,0.029991,0.029999,0.030000,0.029999,0.029999,0.030000,0.030000,0.029999,0.029999,0.029998,0.029999,0.029998,0.030000,0.029999,0.030000,0.029999,0.029999,0.029999,0.030000,0.030000,0.030000,0.029999,0.030000,0.030000,0.029999,0.029990,0.030000
2025-06-18,0.029999,0.029999,0.030000,0.029999,0.029999,0.029996,0.029995,0.029999,0.029999,0.029999,0.030000,0.030000,0.029999,0.029999,0.029999,0.029999,0.029999,0.029999,0.030000,0.030000,0.029999,0.029999,0.030000,0.030000,0.030000,0.029999,0.030000,0.030000,0.030000,0.030000,0.029999,0.029990,0.029999
2025-07-17,0.030000,0.030000,0.029999,0.030000,0.029999,0.029999,0.029998,0.030000,0.029999,0.029999,0.030000,0.030000,0.029999,0.030000,0.029999,0.029997,0.029999,0.029997,0.030000,0.030000,0.029998,0.030000,0.029999,0.030000,0.029999,0.029999,0.030000,0.030000,0.029999,0.029999,0.030000,0.029992,0.030000
2025-08-15,0.030000,0.029999,0.029999,0.030000,0.029999,0.029993,0.029986,0.030000,0.029999,0.029999,0.030000,0.030000,0.030000,0.029999,0.029999,0.029998,0.029997,0.029999,0.030000,0.029999,0.030000,0.030000,0.030000,0.030000,0.029999,0.029999,0.029999,0.030000,0.029999,0.030000,0.030000,0.029993,0.030000
2025-09-16,0.029999,0.029999,0.030000,0.029999,0.029999,0.029997,0.029998,0.029999,0.030000,0.030000,0.030000,0.030000,0.030000,0.029999,0.030000,0.030000,0.029998,0.029998,0.029999,0.030000,0.029998,0.029999,0.029999,0.029999,0.030000,0.029999,0.029999,0.029999,0.029999,0.030000,0.029999,0.029996,0.029999
2025-10-15,0.030000,0.030000,0.030000,0.030000,0.030000,0.029997,0.029996,0.030000,0.030000,0.030000,0.030000,0.030000,0.030000,0.029999,0.029999,0.030000,0.029999,0.029997,0.029999,0.029999,0.029999,0.030000,0.029999,0.029998,0.029998,0.029998,0.029999,0.029999,0.030000,0.030000,0.029999,0.029998,0.030000
2025-11-13,0.029999,0.029999,0.029999,0.029999,0.030000,0.029995,0.029989,0.029999,0.030000,0.030000,0.029999,0.030000,0.029999,0.030000,0.029999,0.029999,0.029999,0.029999,0.029999,0.030000,0.029999,0.030000,0.029999,0.029999,0.030000,0.029999,0.029999,0.030000,0.030000,0.030000,0.029999,0.029999,0.030000
2025-12-12,0.029999,0.030000,0.030000,0.029999,0.029999,0.029999,0.029990,0.029999,0.030000,0.029999,0.029999,0.030000,0.030000,0.029999,0.030000,0.030000,0.029998,0.030000,0.030000,0.030000,0.029999,0.030000,0.030000,0.029999,0.029998,0.029999,0.029999,0.030000,0.030000,0.030000,0.029999,0.029998,0.029999
2026-01-15,0.030000,0.030000,0.030000,0.029999,0.029999,0.029993,0.029990,0.029999,0.029999,0.029999,0.030000,0.030000,0.030000,0.030000,0.030000,0.029999,0.030000,0.029996,0.029999,0.029999,0.029999,0.029999,0.029999,0.030000,0.029999,0.029999,0.029999,0.030000,0.030000,0.030000,0.029999,0.029997,0.030000
2026-02-13,0.030000,0.030000,0.030000,0.029999,0.029999,0.029993,0.029999,0.030000,0.029999,0.029999,0.029999,0.030000,0.030000,0.030000,0.030000,0.029999,0.029998,0.029997,0.029999,0.030000,0.029999,0.029999,0.030000,0.030000,0.029999,0.029999,0.029999,0.030000,0.029999,0.029999,0.029999,0.029992,0.030000
2026-03-16,0.029999,0.030000,0.029999,0.030000,0.029999,0.030000,0.029999,0.029999,0.029999,0.029999,0.030000,0.030000,0.030000,0.030000,0.030000,0.029999,0.029998,0.029997,0.029999,0.030000,0.029999,0.030000,0.030000,0.030000,0.029999,0.030000,0.029999,0.030000,0.029999,0.030000,0.029997,0.029995,0.030000
2026-04-16,0.030000,0.029999,0.029999,0.030000,0.029999,0.030000,0.029992,0.029999,0.029999,0.029999,0.030000,0.030000,0.029999,0.030000,0.030000,0.029999,0.029999,0.030000,0.030000,0.030000,0.029999,0.029999,0.029999,0.030000,0.029999,0.029999,0.029999,0.030000,0.030000,0.030000,0.029998,0.029992,0.030000
2026-05-18,0.030000,0.030000,0.030000,0.029999,0.029999,0.029998,0.029998,0.029999,0.030000,0.029999,0.030000,0.030000,0.030000,0.029999,0.030000,0.029999,0.029999,0.029998,0.029999,0.030000,0.030000,0.029999,0.029999,0.030000,0.029999,0.029999,0.030000,0.030000,0.030000,0.030000,0.029999,0.029982,0.030000
2026-06-17,0.029999,0.030000,0.029999,0.030000,0.029999,0.029993,0.029998,0.030000,0.030000,0.029998,0.029999,0.030000,0.029999,0.030000,0.030000,0.030000,0.029999,0.029997,0.029998,0.030000,0.029999,0.030000,0.029999,0.030000,0.030000,0.030000,0.029999,0.030000,0.029999,0.030000,0.029998,0.029984,0.030000
2026-07-16,0.030000,0.030000,0.029998,0.029999,0.029999,0.029995,0.029999,0.030000,0.030000,0.029999,0.030000,0.030000,0.030000,0.029999,0.030000,0.029999,0.029999,0.029999,0.029999,0.030000,0.030000,0.029999,0.030000,0.030000,0.029999,0.029999,0.029999,0.030000,0.030000,0.030000,0.029999,0.029990,0.030000
2026-08-14,0.029999,0.030000,0.030000,0.029999,0.030000,0.029992,0.030000,0.030000,0.030000,0.029998,0.030000,0.030000,0.029999,0.030000,0.030000,0.030000,0.030000,0.029997,0.029999,0.030000,0.030000,0.029999,0.029999,0.030000,0.030000,0.029999,0.029999,0.030000,0.030000,0.030000,0.030000,0.029987,0.030000
2026-09-15,0.030000,0.030000,0.029999,0.030000,0.029998,0.029995,0.029989,0.030000,0.030000,0.029999,0.029999,0.030000,0.029999,0.030000,0.030000,0.030000,0.029999,0.030000,0.030000,0.030000,0.030000,0.029999,0.030000,0.030000,0.029999,0.030000,0.029999,0.030000,0.030000,0.030000,0.029999,0.029999,0.030000
