date,equity_own_weights,equity_equal_weight,equity_hrp_optimised,equity_own_weights_engine,equity_equal_weight_engine,equity_hrp_optimised_engine
2026-06-12,200000.000000,200000.000000,200000.000000,100000000.000000,100000000.000000,100000000.000000
2026-06-15,200000.000000,200000.000000,200000.000000,100000000.000000,100000000.000000,100000000.000000
2026-06-16,200000.000000,200000.000000,200000.000000,100000000.000000,100000000.000000,100000000.000000
2026-06-17,200000.000000,200000.000000,200000.000000,100000000.000000,100000000.000000,100000000.000000
2026-06-18,200000.000000,200000.000000,200000.000000,100000000.000000,100000000.000000,100000000.000000
2026-06-19,200000.000000,200000.000000,200000.000000,100000000.000000,100000000.000000,100000000.000000
2026-06-22,200000.000000,200000.000000,200000.000000,100000000.000000,100000000.000000,100000000.000000
2026-06-23,200000.000000,200000.000000,200000.000000,100000000.000000,100000000.000000,100000000.000000
2026-06-24,200000.000000,200000.000000,200000.000000,100000000.000000,100000000.000000,100000000.000000
2026-06-25,200000.000000,200000.000000,200000.000000,100000000.000000,100000000.000000,100000000.000000
2026-06-26,200000.000000,200000.000000,200000.000000,100000000.000000,100000000.000000,100000000.000000
2026-06-29,200000.000000,200000.000000,200000.000000,100000000.000000,100000000.000000,100000000.000000
2026-06-30,200000.000000,200000.000000,200000.000000,100000000.000000,100000000.000000,100000000.000000
2026-07-01,200000.000000,200000.000000,200000.000000,100000000.000000,100000000.000000,100000000.000000
2026-07-02,200000.000000,200000.000000,200000.000000,100000000.000000,100000000.000000,100000000.000000
2026-07-03,200000.000000,200000.000000,200000.000000,100000000.000000,100000000.000000,100000000.000000
2026-07-06,200000.000000,200000.000000,200000.000000,100000000.000000,100000000.000000,100000000.000000
2026-07-07,200000.000000,200000.000000,200000.000000,100000000.000000,100000000.000000,100000000.000000
2026-07-08,200000.000000,200000.000000,200000.000000,100000000.000000,100000000.000000,100000000.000000
2026-07-09,200000.000000,200000.000000,200000.000000,100000000.000000,100000000.000000,100000000.000000
2026-07-10,200000.000000,200000.000000,200000.000000,100000000.000000,100000000.000000,100000000.000000
2026-07-13,198364.300000,195556.290000,199055.170000,99182148.530000,97778146.110000,99527586.950000
2026-07-14,200215.330000,196919.140000,199425.260000,100107664.130000,98459569.910000,99712630.350000
2026-07-15,197939.470000,195906.110000,199033.010000,98969732.800000,97953055.580000,99516505.540000
2026-07-16,195580.560000,189354.800000,198147.880000,97790280.040000,94677398.870000,99073937.530000
2026-07-17,194078.460000,186493.390000,198119.290000,97039229.780000,93246694.350000,99059644.610000
2026-07-20,194761.080000,186509.880000,197780.760000,97380542.110000,93254939.000000,98890381.420000
2026-07-21,197964.300000,190002.270000,199002.070000,98982150.510000,95001136.510000,99501037.310000
2026-07-22,199041.060000,190333.000000,200005.600000,99520531.930000,95166500.480000,100002799.860000
2026-07-23,197897.090000,188775.280000,199570.780000,98948543.160000,94387640.060000,99785392.250000
2026-07-24,196858.930000,185917.200000,199827.090000,98429463.310000,92958599.260000,99913544.710000
2026-07-27,195676.110000,187045.400000,200433.440000,97838052.710000,93522701.030000,100216722.110000
2026-07-28,194019.590000,185377.120000,200767.620000,97009796.570000,92688558.390000,100383809.340000
2026-07-29,192581.660000,182006.730000,200792.330000,96290828.210000,91003362.580000,100396164.610000
2026-07-30,194676.860000,184892.590000,200407.030000,97338432.230000,92446292.640000,100203513.390000
2026-07-31,193687.030000,183073.420000,198876.060000,96843516.010000,91536709.420000,99438031.790000
2026-08-03,194573.080000,185279.470000,199615.710000,97286540.520000,92639735.210000,99807857.350000
2026-08-04,199370.220000,188438.560000,200788.230000,99685109.780000,94219278.770000,100394114.610000
2026-08-05,199345.210000,188257.860000,200055.280000,99672605.620000,94128928.470000,100027640.110000
2026-08-06,199786.140000,188469.400000,200444.190000,99893069.130000,94234701.770000,100222093.190000
2026-08-07,202709.040000,192148.100000,200917.940000,101354518.360000,96074047.590000,100458970.680000
2026-08-10,202742.340000,191672.550000,200795.240000,101371171.470000,95836276.210000,100397622.480000
2026-08-11,203400.370000,193694.630000,201026.050000,101700183.310000,96847316.690000,100513023.090000
2026-08-12,204802.520000,193983.760000,201456.260000,102401258.050000,96991877.850000,100728130.320000
2026-08-13,204993.630000,193762.020000,201354.470000,102496814.160000,96881010.510000,100677236.630000
2026-08-14,203794.210000,193009.740000,200628.700000,101897105.000000,96504871.690000,100314350.770000
2026-08-17,204522.360000,191402.670000,200329.470000,102261181.960000,95701334.140000,100164733.010000
2026-08-18,202438.500000,190730.460000,200434.800000,101219252.420000,95365229.650000,100217401.410000
2026-08-19,202595.690000,191771.280000,200362.750000,101297845.290000,95885642.150000,100181374.030000
2026-08-20,201602.460000,189209.470000,199874.250000,100801230.750000,94604733.510000,99937126.320000
2026-08-21,203155.060000,190897.570000,200430.210000,101577530.400000,95448784.840000,100215106.290000
2026-08-24,201615.650000,188462.340000,200511.990000,100807823.170000,94231167.550000,100255995.780000
2026-08-25,203142.820000,192881.810000,201109.110000,101571407.660000,96440903.850000,100554555.460000
2026-08-26,202599.600000,190161.600000,200086.960000,101299798.900000,95080800.620000,100043478.870000
2026-08-27,203733.500000,191949.880000,199390.860000,101866751.910000,95974939.550000,99695431.710000
2026-08-28,203286.010000,189130.970000,199773.400000,101643002.570000,94565484.290000,99886699.490000
2026-09-01,200814.680000,186346.710000,199233.370000,100407338.810000,93173353.750000,99616686.770000
2026-09-02,201035.880000,186287.810000,199280.600000,100517942.480000,93143906.550000,99640300.990000
2026-09-03,203025.180000,188118.390000,200048.690000,101512590.880000,94059193.350000,100024344.770000
2026-09-04,203093.170000,188137.050000,199785.050000,101546584.720000,94068523.370000,99892523.950000
2026-09-07,203549.020000,188111.490000,199444.940000,101774509.430000,94055747.060000,99722470.620000
2026-09-08,203639.990000,187684.400000,199191.800000,101819996.680000,93842199.840000,99595900.990000
2026-09-09,202704.140000,186654.070000,198361.280000,101352069.200000,93327033.530000,99180638.920000
2026-09-10,201132.830000,182955.820000,197811.590000,100566417.490000,91477911.230000,98905796.330000
2026-09-11,201440.900000,180950.840000,197831.000000,100720450.180000,90475420.960000,98915500.040000
2026-09-14,198960.300000,177018.340000,197885.450000,99480151.470000,88509170.830000,98942724.680000
2026-09-15,198011.960000,174584.230000,197513.970000,99005979.610000,87292113.850000,98756986.880000
2026-09-16,199009.780000,174371.340000,197981.390000,99504890.560000,87185668.180000,98990693.490000
