asset,max_sharpe_w,hrp_w
UNH,0.2659909696132426,0.059401474666518655
MSFT,0.2606199462499424,0.04195171132232544
PEP,0.14111188883717377,0.10421118378053627
AMD,0.1326073106020964,0.005975515677195452
LLY,0.08898198726841548,0.04483505259744601
BBY,0.06942386482316872,0.016556050994494566
JPM,0.03671959504863802,0.0429548554908186
HD,0.004453659071798953,0.057143856589728294
AAPL,2.766745628169102e-05,0.0369536988053299
PG,2.7137445491236553e-05,0.06917820337073079
KO,1.4055649753059204e-05,0.10884811879659688
WMT,9.100783032067046e-06,0.07045630794783882
MRK,6.985601151273964e-06,0.06267077395197064
JNJ,2.340008152688042e-06,0.06372232104850616
BAC,1.1144496035613649e-06,0.028675274511294667
PFE,9.735551395745612e-07,0.06796533297519222
CVX,6.347889414968236e-07,0.031175377229974474
XOM,4.122577851179352e-07,0.05458022417545439
GE,2.408561375764039e-07,0.027665557976587096
RRC,1.156340545863086e-07,0.00507910809146065
