leg,n,pay_date,accrual_start,accrual_end,fixing_date,ql_rate,ore_rate,ql_amount,ore_amount,ql_df,ore_df,ql_pv,ore_pv,rate_diff_bp,df_diff,pv_diff_eur,beyond_grid_end,in_native_pillar_month
fixed,1,2017-03-01,2016-03-01,2017-03-01,,0.02,0.02,200000,200000,1.00026537352,1.00026537352,200053.074704,200053.074704,0,-2.22044604925e-16,-5.82076609135e-11,False,False
fixed,2,2018-03-01,2017-03-01,2018-03-01,,0.02,0.02,200000,200000,1.00090249306,1.00090431123,200180.498613,200180.862246,0,-1.81816624223e-06,-0.363633248431,False,True
fixed,3,2019-03-01,2018-03-01,2019-03-01,,0.02,0.02,200000,200000,1.00031505134,1.00032099587,200063.010268,200064.199173,0,-5.94452865021e-06,-1.18890573003,False,True
fixed,4,2020-03-02,2019-03-01,2020-03-02,,0.02,0.02,200555.555556,200555.555556,0.997196771005,0.997199719371,199993.352407,199993.943718,0,-2.94836615078e-06,-0.591311211378,False,True
fixed,5,2021-03-01,2020-03-02,2021-03-01,,0.02,0.02,199444.444444,199444.444444,0.991939677678,0.991945947095,197836.857937,197838.108337,0,-6.26941736792e-06,-1.2504004639,False,True
fixed,6,2022-03-01,2021-03-01,2022-03-01,,0.02,0.02,200000,200000,0.982948131283,0.982948131283,196589.626257,196589.626257,0,1.11022302463e-16,-2.91038304567e-11,False,False
fixed,7,2023-03-01,2022-03-01,2023-03-01,,0.02,0.02,200000,200000,0.973726449637,0.973734417564,194745.289927,194746.883513,0,-7.96792746727e-06,-1.59358549345,False,True
fixed,8,2024-03-01,2023-03-01,2024-03-01,,0.02,0.02,200000,200000,0.959498561407,0.959498561407,191899.712281,191899.712281,0,-2.22044604925e-16,-5.82076609135e-11,False,False
fixed,9,2025-03-03,2024-03-01,2025-03-03,,0.02,0.02,201111.111111,201111.111111,0.945432786582,0.945432786582,190137.03819,190137.03819,0,1.11022302463e-16,-2.91038304567e-11,False,False
fixed,10,2026-03-02,2025-03-03,2026-03-02,,0.02,0.02,199444.444444,199444.444444,0.931641441888,0.931642326528,185810.709799,185810.886235,0,-8.84639721255e-07,-0.176436477748,False,True
fixed,11,2027-03-01,2026-03-02,2027-03-01,,0.02,0.02,199444.444444,199444.444444,0.917355604944,0.917355604944,182961.478986,182961.478986,0,-1.11022302463e-16,-2.91038304567e-11,False,False
fixed,12,2028-03-01,2027-03-01,2028-03-01,,0.02,0.02,200000,200000,0.903135571113,0.903136837,180627.114223,180627.3674,0,-1.2658873707e-06,-0.253177474107,False,True
fixed,13,2029-03-01,2028-03-01,2029-03-01,,0.02,0.02,200000,200000,0.887976560085,0.887976560085,177595.312017,177595.312017,0,0,0,False,False
fixed,14,2030-03-01,2029-03-01,2030-03-01,,0.02,0.02,200000,200000,0.873070767304,0.873070767304,174614.153461,174614.153461,0,0,0,False,False
fixed,15,2031-03-03,2030-03-01,2031-03-03,,0.02,0.02,201111.111111,201111.111111,0.858407418157,0.858406216529,172635.269652,172635.027991,0,1.20162771622e-06,0.241660685162,False,True
fixed,16,2032-03-01,2031-03-03,2032-03-01,,0.02,0.02,198888.888889,198888.888889,0.845240999661,0.845240999661,168109.043266,168109.043266,0,0,0,False,False
fixed,17,2033-03-01,2032-03-01,2033-03-01,,0.02,0.02,200000,200000,0.832242357064,0.832242357064,166448.471413,166448.471413,0,0,0,False,False
fixed,18,2034-03-01,2033-03-01,2034-03-01,,0.02,0.02,200000,200000,0.819443615689,0.819443615689,163888.723138,163888.723138,0,0,0,False,False
fixed,19,2035-03-01,2034-03-01,2035-03-01,,0.02,0.02,200000,200000,0.806841701332,0.806841701332,161368.340266,161368.340266,0,0,0,False,False
fixed,20,2036-03-03,2035-03-01,2036-03-03,,0.02,0.02,201111.111111,201111.111111,0.794332397249,0.794438240448,159749.071002,159770.357246,0,-0.000105843199274,-21.2862434096,True,False
float,1,2016-09-01,2016-03-01,2016-09-01,2016-02-26,0.000126042579848,0.000128675314925,-644.217630337,-657.673831839,0.999918501362,0.99991715594,-644.165127477,-657.619347468,-0.0263273507641,1.34542199903e-06,13.454219991,False,True
float,2,2017-03-01,2016-09-01,2017-03-01,2016-08-30,-0.000689728441767,-0.00069240370928,3467.80133222,3481.25198277,1.00026537352,1.00026537352,3468.72159487,3482.17581486,0.0267526751225,-2.22044604925e-16,-13.4542199943,False,True
float,3,2017-09-01,2017-03-01,2017-09-01,2017-02-27,-0.000692401711456,-0.000692401711456,3538.94208078,3538.94208078,1.00061948696,1.00061948696,3541.13440926,3541.13440926,-4.53738609185e-12,0,2.22144080908e-09,False,False
float,4,2018-03-01,2017-09-01,2018-03-01,2017-08-30,-0.000562377519501,-0.000565989472925,2827.50919527,2845.66929443,1.00090249306,1.00090431123,2830.0610027,2848.24266513,0.0361195342387,-1.81816624223e-06,-18.1816624222,False,True
float,5,2018-09-03,2018-03-01,2018-09-03,2018-02-27,0.000448422693611,0.000451939366581,-2316.85058365,-2335.02006067,1.00067065262,1.00067065262,-2318.40438558,-2336.586048,-0.0351667297043,0,18.1816624215,False,True
float,6,2019-03-01,2018-09-03,2019-03-01,2018-08-30,0.000714950524345,0.000702994635477,-3554.89288494,-3495.44554862,1.00031505134,1.00032099587,-3556.0128587,-3496.5675722,0.11955888868,-5.94452865021e-06,-59.4452865025,False,True
float,7,2019-09-02,2019-03-01,2019-09-02,2019-02-27,0.00293844718074,0.00295002873106,-15100.3535677,-15159.869868,0.998806817729,0.998806817729,-15082.3360935,-15141.78138,-0.11581550328,-1.11022302463e-16,59.4452865026,False,True
float,8,2020-03-02,2019-09-02,2020-03-02,2019-08-29,0.00319366036633,0.00318780261386,-16145.7274076,-16116.1132145,0.997196771005,0.997199719371,-16100.4672364,-16070.9835749,0.0585775247614,-2.94836615078e-06,-29.483661506,False,True
float,9,2020-09-01,2020-03-02,2020-09-01,2020-02-27,0.00500616595878,0.00501199712946,-25448.0102905,-25477.6520748,0.994665545103,0.994665545103,-25312.2590274,-25341.7426889,-0.0583117067541,-2.22044604925e-16,29.4836615059,False,True
float,10,2021-03-01,2020-09-01,2021-03-01,2020-08-28,0.00546566982737,0.00545306447724,-27480.1732987,-27416.7963995,0.991939677678,0.991945947095,-27258.6742445,-27195.9800708,0.126053501278,-6.26941736792e-06,-62.6941736778,False,True
float,11,2021-09-01,2021-03-01,2021-09-01,2021-02-25,0.00899568955094,0.00900811233166,-45977.9688159,-46041.4630285,0.987399813893,0.987399813893,-45398.637852,-45461.3320257,-0.124227807206,-1.11022302463e-16,62.694173677,False,True
float,12,2022-03-01,2021-09-01,2022-03-01,2021-08-30,0.0090077747491,0.0090077747491,-45289.0897108,-45289.0897108,0.982948131283,0.982948131283,-44516.8260987,-44516.8260987,7.1123662515e-13,1.11022302463e-16,0,False,False
float,13,2022-09-01,2022-03-01,2022-09-01,2022-02-25,0.00900811233166,0.00900811233166,-46041.4630285,-46041.4630285,0.978443235478,0.978443235478,-45048.9580517,-45048.9580517,7.8062556419e-13,0,0,False,False
float,14,2023-03-01,2022-09-01,2023-03-01,2022-08-30,0.00963458731634,0.00961823318636,-48440.5640071,-48358.3390759,0.973726449637,0.973734417564,-47167.8584091,-47088.1791344,0.163541299792,-7.96792746727e-06,-79.6792746724,False,True
float,15,2023-09-01,2023-03-01,2023-09-01,2023-02-27,0.0145239724892,0.0145401014023,-74233.6371671,-74316.0738339,0.966551387139,0.966551387139,-71750.6249763,-71830.3042509,-0.161289130746,-2.22044604925e-16,79.679274672,False,True
float,16,2024-03-01,2023-09-01,2024-03-01,2023-08-30,0.0145395156048,0.0145395156048,-73505.3288908,-73505.3288908,0.959498561407,0.959498561407,-70528.2573264,-70528.2573264,6.59194920871e-13,-2.22044604925e-16,1.45519152284e-11,False,False
float,17,2024-09-02,2024-03-01,2024-09-02,2024-02-28,0.0145403943128,0.0145403943128,-74721.4707743,-74721.4707743,0.952382221375,0.952382221375,-71163.4003204,-71163.4003204,-4.21537804662e-12,0,2.09547579288e-09,False,False
float,18,2025-03-03,2024-09-02,2025-03-03,2024-08-29,0.0145395156048,0.0145395156048,-73505.3288908,-73505.3288908,0.945432786582,0.945432786582,-69494.3479218,-69494.3479218,6.59194920871e-13,1.11022302463e-16,0,False,False
float,19,2025-09-01,2025-03-03,2025-09-01,2025-02-27,0.0145395156048,0.0145395156048,-73505.3288908,-73505.3288908,0.938534061099,0.938534061099,-68987.2548362,-68987.2548362,6.59194920871e-13,0,0,False,False
float,20,2026-03-02,2025-09-01,2026-03-02,2025-08-28,0.0146341196001,0.0146322274762,-73983.6046449,-73974.0389073,0.931641441888,0.931642326528,-68926.1921075,-68917.3457103,0.0189212392437,-8.84639721255e-07,-8.84639721359,False,True
float,21,2026-09-01,2026-03-02,2026-09-01,2026-02-26,0.0153416054093,0.0153434879433,-77986.494164,-77996.0637116,0.924432119876,0.924432119876,-72093.2201217,-72102.0665189,-0.0188253396207,0,8.84639721199,False,True
float,22,2027-03-01,2026-09-01,2027-03-01,2026-08-28,0.0153428357036,0.0153428357036,-77140.3683987,-77140.3683987,0.917355604944,0.917355604944,-70765.149318,-70765.149318,4.75314232418e-12,-1.11022302463e-16,-2.03726813197e-09,False,False
float,23,2027-09-01,2027-03-01,2027-09-01,2027-02-25,0.015343814077,0.015343814077,-78423.9386156,-78423.9386156,0.910217322204,0.910217322204,-71382.8274033,-71382.8274033,-3.83373888191e-12,1.11022302463e-16,2.00816430151e-09,False,False
float,24,2028-03-01,2027-09-01,2028-03-01,2027-08-30,0.0155102508955,0.0155074566486,-78412.9350827,-78398.8086124,0.903135571113,0.903136837,-70817.5109085,-70804.8520348,0.0279424686075,-1.2658873707e-06,-12.6588737065,False,True
float,25,2028-09-01,2028-03-01,2028-09-01,2028-02-28,0.0167655132208,0.0167682790951,-85690.4009064,-85704.537597,0.895462318605,0.895462318605,-76732.5250779,-76745.1839516,-0.0276587424,0,12.6588737066,False,True
float,26,2029-03-01,2028-09-01,2029-03-01,2028-08-30,0.0167671109187,0.0167671109187,-84301.3076745,-84301.3076745,0.887976560085,0.887976560085,-74857.5851995,-74857.5851995,8.32667268469e-13,0,0,False,False
float,27,2029-09-03,2029-03-01,2029-09-03,2029-02-27,0.0167690579396,0.0167690579396,-86640.1326877,-86640.1326877,0.88034920291,0.88034920291,-76273.5717516,-76273.5717516,5.89805981832e-13,0,0,False,False
float,28,2030-03-01,2029-09-03,2030-03-01,2029-08-30,0.0167663321947,0.0167663321947,-83365.9295235,-83365.9295235,0.873070767304,0.873070767304,-72784.3560562,-72784.3560562,4.51028103754e-13,0,0,False,False
float,29,2030-09-02,2030-03-01,2030-09-02,2030-02-27,0.0167686685113,0.0167686685113,-86172.3242941,-86172.3242941,0.865611591031,0.865611591031,-74591.762735,-74591.762735,7.6327832943e-13,0,0,False,False
float,30,2031-03-03,2030-09-02,2031-03-03,2030-08-29,0.0166005232217,0.0166033153656,-83924.8673986,-83938.9832372,0.858407418157,0.858406216529,-72041.7287427,-72053.7450199,-0.0279214389929,1.20162771622e-06,12.0162771611,False,True
float,31,2031-09-01,2031-03-03,2031-09-01,2031-02-27,0.0153478034658,0.0153450130794,-77591.6730773,-77577.5661238,0.851798173615,0.851798173615,-66092.445415,-66080.4291378,0.0279038639184,0,-12.016277163,False,True
float,32,2032-03-01,2031-09-01,2032-03-01,2031-08-28,0.0153450130794,0.0153450130794,-77577.5661238,-77577.5661238,0.845240999661,0.845240999661,-65571.7395418,-65571.7395418,6.24500451352e-13,0,0,False,False
float,33,2032-09-01,2032-03-01,2032-09-01,2032-02-26,0.0153456654948,0.0153456654948,-78433.4014178,-78433.4014178,0.838663079861,0.838663079861,-65779.1979971,-65779.1979971,6.41847686111e-13,0,0,False,False
float,34,2033-03-01,2032-09-01,2033-03-01,2032-08-30,0.0153446868856,0.0153446868856,-77149.6757305,-77149.6757305,0.832242357064,0.832242357064,-64207.2279767,-64207.2279767,6.93889390391e-14,0,0,False,False
float,35,2033-09-01,2033-03-01,2033-09-01,2033-02-25,0.0153456654948,0.0153456654948,-78433.4014178,-78433.4014178,0.825765596612,0.825765596612,-64767.6045161,-64767.6045161,-3.69496100383e-12,1.11022302463e-16,1.82626536116e-09,False,False
float,36,2034-03-01,2033-09-01,2034-03-01,2033-08-30,0.0153446868856,0.0153446868856,-77149.6757305,-77149.6757305,0.819443615689,0.819443615689,-63219.8092298,-63219.8092298,4.49293380278e-12,0,-1.81171344593e-09,False,False
float,37,2034-09-01,2034-03-01,2034-09-01,2034-02-27,0.0153456654948,0.0153456654948,-78433.4014178,-78433.4014178,0.813066458894,0.813066458894,-63771.5679498,-63771.5679498,2.94902990916e-13,0,7.27595761418e-12,False,False
float,38,2035-03-01,2034-09-01,2035-03-01,2034-08-30,0.0153446868856,0.0153446868856,-77149.6757305,-77149.6757305,0.806841701332,0.806841701332,-62247.5756236,-62247.5756236,6.93889390391e-14,0,7.27595761418e-12,False,False
float,39,2035-09-03,2035-03-01,2035-09-03,2035-02-27,0.0153463179471,0.0153463179471,-79289.3093933,-79289.3093933,0.800494634656,0.800494634656,-63470.666755,-63470.666755,6.24500451352e-13,0,0,False,False
float,40,2036-03-03,2035-09-03,2036-03-03,2035-08-30,0.0153450130794,0.0150794363122,-77577.5661238,-76234.9280228,0.794332397249,0.794438240448,-61622.3740719,-60563.9420792,2.65576767235,-0.000105843199274,-1058.43199274,True,False
