date,AAPL,MSFT,JPM,JNJ,XOM,PG,HD,UNH
2016-12-30,0.070235,0.074517,0.066857,0.236368,0.109650,0.208234,0.118676,0.115464
2017-02-01,0.067531,0.071308,0.056390,0.247534,0.147062,0.185069,0.105335,0.119771
2017-03-03,0.078748,0.078370,0.069487,0.245668,0.130998,0.157016,0.139078,0.100636
2017-04-03,0.078769,0.090434,0.064457,0.239459,0.109988,0.174320,0.134114,0.108458
2017-05-03,0.088415,0.103634,0.067775,0.214631,0.112581,0.169379,0.134071,0.109512
2017-06-02,0.086868,0.102995,0.066398,0.205387,0.126040,0.175255,0.142249,0.094807
2017-07-03,0.077457,0.108670,0.081122,0.208487,0.109480,0.179725,0.132980,0.102078
2017-08-02,0.093308,0.125731,0.085036,0.174951,0.130323,0.159298,0.134024,0.097329
2017-08-31,0.089268,0.115505,0.085778,0.183544,0.133053,0.166960,0.126685,0.099208
2017-10-02,0.074873,0.103126,0.077212,0.179361,0.141277,0.188179,0.125670,0.110301
2017-10-31,0.067878,0.090385,0.071945,0.174582,0.171571,0.190818,0.135811,0.097010
2017-11-30,0.062644,0.091222,0.089557,0.159962,0.164633,0.190372,0.133774,0.107837
2018-01-02,0.058869,0.084045,0.085732,0.157989,0.183444,0.197382,0.130743,0.101796
2018-02-01,0.073171,0.093069,0.083753,0.157380,0.174227,0.213768,0.114764,0.089869
2018-03-05,0.080061,0.093303,0.096882,0.152246,0.146170,0.227564,0.104265,0.099508
2018-04-04,0.081590,0.076566,0.097756,0.145647,0.150367,0.235549,0.109854,0.102671
2018-05-03,0.078730,0.077836,0.103313,0.150172,0.143843,0.238502,0.106714,0.100890
2018-06-04,0.083018,0.082648,0.105683,0.151729,0.135132,0.228016,0.109096,0.104679
2018-07-03,0.102780,0.080275,0.104897,0.147248,0.130886,0.208068,0.106056,0.119791
2018-08-02,0.081458,0.077535,0.111633,0.141481,0.144133,0.202974,0.131003,0.109783
2018-08-31,0.084857,0.079353,0.111991,0.139338,0.139338,0.198542,0.136004,0.110577
2018-10-02,0.083885,0.078803,0.113942,0.140269,0.140973,0.196424,0.136541,0.109161
2018-10-31,0.081946,0.071629,0.115460,0.165163,0.148918,0.167465,0.135578,0.113842
2018-11-30,0.067950,0.068179,0.132381,0.173676,0.145538,0.183237,0.117279,0.111759
2019-01-03,0.060879,0.069005,0.142859,0.153736,0.147128,0.197635,0.117385,0.111374
2019-02-04,0.066680,0.077529,0.124784,0.168107,0.130177,0.198371,0.117482,0.116870
2019-03-06,0.053087,0.063773,0.143155,0.169443,0.145183,0.192105,0.127123,0.106132
2019-04-04,0.049619,0.068529,0.144164,0.179213,0.146650,0.188126,0.122643,0.101057
2019-05-06,0.058688,0.075307,0.139560,0.182443,0.146699,0.184635,0.130164,0.082505
2019-06-05,0.054004,0.072373,0.144606,0.179733,0.154814,0.182361,0.128093,0.084015
2019-07-05,0.053151,0.071645,0.145303,0.178154,0.156887,0.185850,0.126005,0.083005
2019-08-05,0.056298,0.072046,0.148213,0.184942,0.155408,0.181889,0.115202,0.086002
2019-09-04,0.058167,0.074198,0.139783,0.191570,0.149793,0.185300,0.113327,0.087862
2019-10-03,0.058306,0.073058,0.135422,0.198072,0.145749,0.190867,0.111847,0.086678
2019-11-01,0.060039,0.080307,0.129128,0.167346,0.138380,0.225502,0.117652,0.081646
2019-12-03,0.085509,0.089985,0.115592,0.165412,0.116533,0.213473,0.117474,0.096023
2020-01-03,0.058303,0.091196,0.101528,0.203796,0.106886,0.190245,0.161504,0.086544
2020-02-04,0.058498,0.091195,0.090794,0.215790,0.097931,0.207466,0.156625,0.081702
2020-03-05,0.065024,0.093318,0.108993,0.210286,0.104393,0.184111,0.156963,0.076912
2020-04-03,0.101816,0.106663,0.092340,0.209023,0.121996,0.177225,0.106135,0.084802
2020-05-05,0.108945,0.112471,0.082279,0.208009,0.113396,0.182693,0.100740,0.091467
2020-06-04,0.126603,0.115224,0.077033,0.212605,0.097256,0.179852,0.099587,0.091839
2020-07-06,0.126067,0.116585,0.074681,0.215323,0.089947,0.185143,0.101300,0.090954
2020-08-04,0.120778,0.114317,0.074018,0.219108,0.086476,0.188137,0.104042,0.093124
2020-09-02,0.108514,0.113401,0.075782,0.218793,0.088433,0.188347,0.113524,0.093207
2020-10-02,0.100658,0.109395,0.078517,0.219592,0.090734,0.193022,0.113431,0.094651
2020-11-02,0.096830,0.109101,0.079423,0.224139,0.088791,0.193678,0.112162,0.095876
2020-12-02,0.099873,0.111438,0.075672,0.228634,0.081142,0.195203,0.114278,0.093760
2021-01-04,0.099161,0.112150,0.076432,0.225968,0.080857,0.196457,0.114733,0.094242
2021-02-03,0.100145,0.113818,0.077333,0.222056,0.080525,0.194757,0.114573,0.096793
2021-03-05,0.100766,0.116791,0.075599,0.220211,0.077091,0.196985,0.110339,0.102219
2021-04-06,0.054154,0.081384,0.054962,0.270514,0.040520,0.248069,0.136784,0.113613
2021-05-05,0.049664,0.080377,0.055454,0.260898,0.038473,0.257494,0.142050,0.115591
2021-06-04,0.042619,0.068430,0.068487,0.251592,0.043290,0.294727,0.128640,0.102214
2021-07-06,0.039436,0.065623,0.075589,0.248937,0.043925,0.285720,0.132941,0.107829
2021-08-04,0.041943,0.070931,0.076711,0.249526,0.045128,0.281757,0.125639,0.108365
2021-09-02,0.045716,0.075011,0.076329,0.252150,0.043134,0.279068,0.124569,0.104022
2021-10-04,0.051910,0.082660,0.073903,0.251372,0.041251,0.271759,0.124335,0.102811
2021-11-02,0.057087,0.082323,0.071026,0.256174,0.041000,0.269607,0.121920,0.100863
2021-12-02,0.058868,0.090712,0.100477,0.220732,0.051125,0.238676,0.115779,0.123629
2022-01-03,0.058462,0.083715,0.104557,0.230658,0.055834,0.232760,0.110736,0.123278
2022-02-02,0.054531,0.073433,0.104881,0.256129,0.059872,0.241517,0.094660,0.114976
2022-03-04,0.088869,0.098711,0.113307,0.207086,0.076887,0.191687,0.096136,0.127317
2022-04-04,0.087657,0.107206,0.113186,0.202244,0.076126,0.177742,0.108310,0.127528
2022-05-04,0.085251,0.083546,0.119020,0.212573,0.082676,0.186796,0.093728,0.136410
2022-06-03,0.075986,0.093559,0.117163,0.222860,0.085749,0.173054,0.099085,0.132545
2022-07-06,0.071524,0.077834,0.120304,0.235825,0.079115,0.172564,0.100993,0.141841
2022-08-04,0.070825,0.072164,0.122795,0.245160,0.079275,0.163584,0.106224,0.139973
2022-09-02,0.070866,0.071612,0.123568,0.241358,0.081909,0.163421,0.104544,0.142721
2022-10-04,0.067651,0.071232,0.121408,0.246732,0.081003,0.163384,0.098734,0.149856
2022-11-02,0.062753,0.064971,0.115682,0.249571,0.083607,0.163533,0.099119,0.160763
2022-12-02,0.057438,0.058544,0.117460,0.267567,0.086570,0.181611,0.091026,0.139783
