ts,symbol,side,qty,price
2016-12-30T21:00:00+00:00,AAPL,BUY,2547.0000,27.0200
2016-12-30T21:00:00+00:00,HD,BUY,1013.0000,114.8000
2016-12-30T21:00:00+00:00,JNJ,BUY,2389.0000,96.9500
2016-12-30T21:00:00+00:00,JPM,BUY,917.0000,71.3900
2016-12-30T21:00:00+00:00,MSFT,BUY,1281.0000,56.9700
2016-12-30T21:00:00+00:00,PG,BUY,2922.0000,69.8300
2016-12-30T21:00:00+00:00,UNH,BUY,778.0000,145.4100
2016-12-30T21:00:00+00:00,XOM,BUY,1633.0000,65.7700
2017-02-01T21:00:00+00:00,AAPL,SELL,321.0000,30.0400
2017-02-01T21:00:00+00:00,HD,SELL,127.0000,117.6800
2017-02-01T21:00:00+00:00,JNJ,BUY,183.0000,95.2900
2017-02-01T21:00:00+00:00,JPM,SELL,127.0000,70.6700
2017-02-01T21:00:00+00:00,MSFT,SELL,70.0000,58.2900
2017-02-01T21:00:00+00:00,PG,SELL,416.0000,73.1000
2017-02-01T21:00:00+00:00,UNH,BUY,24.0000,147.8400
2017-02-01T21:00:00+00:00,XOM,BUY,776.0000,60.4400
2017-03-03T21:00:00+00:00,AAPL,BUY,286.0000,32.7500
2017-03-03T21:00:00+00:00,HD,BUY,262.0000,126.5600
2017-03-03T21:00:00+00:00,JNJ,SELL,124.0000,104.8600
2017-03-03T21:00:00+00:00,JPM,BUY,150.0000,77.2000
2017-03-03T21:00:00+00:00,MSFT,BUY,171.0000,59.2600
2017-03-03T21:00:00+00:00,PG,SELL,341.0000,75.7600
2017-03-03T21:00:00+00:00,UNH,SELL,114.0000,152.8300
2017-03-03T21:00:00+00:00,XOM,SELL,152.0000,60.6400
2017-04-03T21:00:00+00:00,AAPL,SELL,72.0000,33.6700
2017-04-03T21:00:00+00:00,HD,SELL,41.0000,126.3000
2017-04-03T21:00:00+00:00,JNJ,SELL,84.0000,105.6200
2017-04-03T21:00:00+00:00,JPM,SELL,17.0000,72.8100
2017-04-03T21:00:00+00:00,MSFT,BUY,178.0000,60.4600
2017-04-03T21:00:00+00:00,PG,BUY,257.0000,75.0700
2017-04-03T21:00:00+00:00,UNH,BUY,61.0000,151.0200
2017-04-03T21:00:00+00:00,XOM,SELL,356.0000,60.3500
2017-05-03T21:00:00+00:00,AAPL,BUY,268.0000,34.4500
2017-05-03T21:00:00+00:00,HD,SELL,48.0000,133.5200
2017-05-03T21:00:00+00:00,JNJ,SELL,196.0000,104.4700
2017-05-03T21:00:00+00:00,JPM,BUY,59.0000,72.7900
2017-05-03T21:00:00+00:00,MSFT,BUY,156.0000,63.7200
2017-05-03T21:00:00+00:00,PG,BUY,30.0000,72.9000
2017-05-03T21:00:00+00:00,UNH,SELL,15.0000,157.3600
2017-05-03T21:00:00+00:00,XOM,BUY,52.0000,60.8200
2017-06-02T21:00:00+00:00,AAPL,SELL,137.0000,36.5700
2017-06-02T21:00:00+00:00,HD,BUY,85.0000,134.6000
2017-06-02T21:00:00+00:00,JNJ,SELL,164.0000,110.9200
2017-06-02T21:00:00+00:00,JPM,BUY,57.0000,69.1500
2017-06-02T21:00:00+00:00,MSFT,SELL,41.0000,66.5700
2017-06-02T21:00:00+00:00,PG,BUY,87.0000,74.7300
2017-06-02T21:00:00+00:00,UNH,SELL,107.0000,163.6000
2017-06-02T21:00:00+00:00,XOM,BUY,359.0000,59.0200
2017-07-03T21:00:00+00:00,AAPL,SELL,71.0000,33.7600
2017-07-03T21:00:00+00:00,HD,SELL,59.0000,133.4400
2017-07-03T21:00:00+00:00,JPM,BUY,93.0000,78.0300
2017-07-03T21:00:00+00:00,MSFT,BUY,197.0000,63.2400
2017-07-03T21:00:00+00:00,PG,BUY,107.0000,74.0100
2017-07-03T21:00:00+00:00,UNH,BUY,23.0000,170.9300
2017-07-03T21:00:00+00:00,XOM,SELL,355.0000,60.9500
2017-08-02T21:00:00+00:00,AAPL,BUY,303.0000,36.9700
2017-08-02T21:00:00+00:00,HD,BUY,56.0000,130.3900
2017-08-02T21:00:00+00:00,JNJ,SELL,280.0000,112.6900
2017-08-02T21:00:00+00:00,JPM,BUY,73.0000,78.3300
2017-08-02T21:00:00+00:00,MSFT,BUY,211.0000,67.0300
2017-08-02T21:00:00+00:00,PG,SELL,360.0000,77.3900
2017-08-02T21:00:00+00:00,UNH,SELL,39.0000,176.7400
2017-08-02T21:00:00+00:00,XOM,BUY,462.0000,59.8300
2017-08-31T21:00:00+00:00,AAPL,SELL,222.0000,38.7300
2017-08-31T21:00:00+00:00,HD,SELL,55.0000,130.6200
2017-08-31T21:00:00+00:00,JNJ,BUY,85.0000,113.5900
2017-08-31T21:00:00+00:00,JPM,BUY,51.0000,76.4700
2017-08-31T21:00:00+00:00,MSFT,SELL,228.0000,69.7300
2017-08-31T21:00:00+00:00,PG,BUY,97.0000,78.4400
2017-08-31T21:00:00+00:00,UNH,SELL,2.0000,182.1500
2017-08-31T21:00:00+00:00,XOM,BUY,185.0000,57.2100
2017-10-02T21:00:00+00:00,AAPL,SELL,232.0000,36.3300
2017-10-02T21:00:00+00:00,HD,SELL,84.0000,142.9500
2017-10-02T21:00:00+00:00,JNJ,BUY,6.0000,112.6000
2017-10-02T21:00:00+00:00,JPM,SELL,176.0000,81.4700
2017-10-02T21:00:00+00:00,MSFT,SELL,166.0000,69.5800
2017-10-02T21:00:00+00:00,PG,BUY,366.0000,78.0200
2017-10-02T21:00:00+00:00,UNH,BUY,83.0000,181.5000
2017-10-02T21:00:00+00:00,XOM,BUY,28.0000,61.1800
2017-10-31T21:00:00+00:00,AAPL,SELL,344.0000,39.9200
2017-10-31T21:00:00+00:00,HD,BUY,106.0000,144.4800
2017-10-31T21:00:00+00:00,JNJ,SELL,94.0000,119.6300
2017-10-31T21:00:00+00:00,JPM,SELL,84.0000,85.1400
2017-10-31T21:00:00+00:00,MSFT,SELL,315.0000,77.5800
2017-10-31T21:00:00+00:00,PG,BUY,294.0000,73.9500
2017-10-31T21:00:00+00:00,UNH,SELL,100.0000,193.2400
2017-10-31T21:00:00+00:00,XOM,BUY,607.0000,62.4700
2017-11-30T21:00:00+00:00,AAPL,SELL,125.0000,40.7300
2017-11-30T21:00:00+00:00,HD,SELL,70.0000,157.5100
2017-11-30T21:00:00+00:00,JNJ,SELL,96.0000,120.3000
2017-11-30T21:00:00+00:00,JPM,BUY,241.0000,88.4500
2017-11-30T21:00:00+00:00,MSFT,BUY,39.0000,78.8900
2017-11-30T21:00:00+00:00,PG,SELL,24.0000,77.0800
2017-11-30T21:00:00+00:00,UNH,BUY,34.0000,210.4500
2017-11-30T21:00:00+00:00,XOM,SELL,45.0000,63.0100
2018-01-02T21:00:00+00:00,AAPL,SELL,96.0000,40.8300
2018-01-02T21:00:00+00:00,HD,SELL,56.0000,164.7000
2018-01-02T21:00:00+00:00,JNJ,BUY,1.0000,120.2100
2018-01-02T21:00:00+00:00,JPM,SELL,76.0000,91.3500
2018-01-02T21:00:00+00:00,MSFT,SELL,122.0000,80.5600
2018-01-02T21:00:00+00:00,PG,BUY,127.0000,77.6400
2018-01-02T21:00:00+00:00,UNH,SELL,9.0000,203.9900
2018-01-02T21:00:00+00:00,XOM,BUY,335.0000,64.3200
2018-02-01T21:00:00+00:00,AAPL,BUY,558.0000,39.7700
2018-02-01T21:00:00+00:00,HD,SELL,148.0000,175.1000
2018-02-01T21:00:00+00:00,JNJ,BUY,31.0000,120.8900
2018-02-01T21:00:00+00:00,JPM,SELL,89.0000,99.4100
2018-02-01T21:00:00+00:00,MSFT,BUY,50.0000,88.3500
2018-02-01T21:00:00+00:00,PG,BUY,527.0000,74.0900
2018-02-01T21:00:00+00:00,UNH,SELL,90.0000,216.9600
2018-02-01T21:00:00+00:00,XOM,SELL,237.0000,67.3800
2018-03-05T21:00:00+00:00,AAPL,SELL,58.0000,42.0800
2018-03-05T21:00:00+00:00,HD,SELL,48.0000,159.1900
2018-03-05T21:00:00+00:00,JNJ,SELL,37.0000,112.7800
2018-03-05T21:00:00+00:00,JPM,BUY,116.0000,97.8700
2018-03-05T21:00:00+00:00,MSFT,SELL,71.0000,88.1800
2018-03-05T21:00:00+00:00,PG,BUY,270.0000,69.2900
2018-03-05T21:00:00+00:00,UNH,BUY,40.0000,210.6500
2018-03-05T21:00:00+00:00,XOM,SELL,281.0000,58.2800
2018-04-04T21:00:00+00:00,AAPL,BUY,81.0000,40.8400
2018-04-04T21:00:00+00:00,HD,BUY,46.0000,156.3100
2018-04-04T21:00:00+00:00,JNJ,SELL,98.0000,113.3100
2018-04-04T21:00:00+00:00,JPM,BUY,38.0000,94.4100
2018-04-04T21:00:00+00:00,MSFT,SELL,228.0000,86.9500
2018-04-04T21:00:00+00:00,PG,BUY,146.0000,68.2200
2018-04-04T21:00:00+00:00,UNH,BUY,7.0000,211.7200
2018-04-04T21:00:00+00:00,XOM,BUY,101.0000,57.2200
2018-05-03T21:00:00+00:00,AAPL,SELL,191.0000,42.1000
2018-05-03T21:00:00+00:00,HD,SELL,64.0000,161.3800
2018-05-03T21:00:00+00:00,JNJ,BUY,111.0000,106.9000
2018-05-03T21:00:00+00:00,JPM,BUY,83.0000,91.6900
2018-05-03T21:00:00+00:00,MSFT,SELL,21.0000,88.5900
2018-05-03T21:00:00+00:00,PG,BUY,371.0000,62.1600
2018-05-03T21:00:00+00:00,UNH,SELL,33.0000,216.6800
2018-05-03T21:00:00+00:00,XOM,SELL,253.0000,58.4900
2018-06-04T21:00:00+00:00,AAPL,BUY,22.0000,45.8300
2018-06-04T21:00:00+00:00,HD,BUY,12.0000,169.5200
2018-06-04T21:00:00+00:00,JNJ,BUY,90.0000,106.7500
2018-06-04T21:00:00+00:00,JPM,BUY,72.0000,92.7200
2018-06-04T21:00:00+00:00,MSFT,BUY,21.0000,96.1600
2018-06-04T21:00:00+00:00,PG,SELL,182.0000,64.6100
2018-06-04T21:00:00+00:00,UNH,BUY,19.0000,226.3800
2018-06-04T21:00:00+00:00,XOM,SELL,238.0000,62.5000
2018-07-03T21:00:00+00:00,AAPL,BUY,659.0000,43.9400
2018-07-03T21:00:00+00:00,HD,SELL,26.0000,171.5200
2018-07-03T21:00:00+00:00,JNJ,SELL,50.0000,107.4200
2018-07-03T21:00:00+00:00,JPM,BUY,64.0000,88.5800
2018-07-03T21:00:00+00:00,MSFT,BUY,3.0000,93.6800
2018-07-03T21:00:00+00:00,PG,SELL,535.0000,67.8500
2018-07-03T21:00:00+00:00,UNH,BUY,77.0000,229.3700
2018-07-03T21:00:00+00:00,XOM,SELL,105.0000,63.4800
2018-08-02T21:00:00+00:00,AAPL,SELL,734.0000,49.5500
2018-08-02T21:00:00+00:00,HD,BUY,221.0000,173.3300
2018-08-02T21:00:00+00:00,JNJ,SELL,84.0000,114.8900
2018-08-02T21:00:00+00:00,JPM,SELL,3.0000,99.8400
2018-08-02T21:00:00+00:00,MSFT,SELL,62.0000,101.7400
2018-08-02T21:00:00+00:00,PG,SELL,109.0000,72.0700
2018-08-02T21:00:00+00:00,UNH,SELL,42.0000,237.8200
2018-08-02T21:00:00+00:00,XOM,BUY,498.0000,61.6900
2018-08-31T21:00:00+00:00,AAPL,SELL,58.0000,54.5800
2018-08-31T21:00:00+00:00,HD,BUY,34.0000,178.7700
2018-08-31T21:00:00+00:00,JNJ,SELL,32.0000,118.6900
2018-08-31T21:00:00+00:00,JPM,BUY,66.0000,98.4900
2018-08-31T21:00:00+00:00,MSFT,BUY,4.0000,106.6500
2018-08-31T21:00:00+00:00,PG,SELL,21.0000,72.9100
2018-08-31T21:00:00+00:00,UNH,SELL,7.0000,249.3100
2018-08-31T21:00:00+00:00,XOM,SELL,57.0000,62.5200
2018-10-02T21:00:00+00:00,AAPL,BUY,14.0000,54.9700
2018-10-02T21:00:00+00:00,HD,BUY,10.0000,182.3100
2018-10-02T21:00:00+00:00,JNJ,SELL,15.0000,123.7900
2018-10-02T21:00:00+00:00,JPM,BUY,74.0000,97.9700
2018-10-02T21:00:00+00:00,MSFT,SELL,6.0000,109.3300
2018-10-02T21:00:00+00:00,PG,SELL,8.0000,74.1400
2018-10-02T21:00:00+00:00,UNH,BUY,1.0000,252.1800
2018-10-02T21:00:00+00:00,XOM,SELL,112.0000,67.4300
2018-10-31T21:00:00+00:00,AAPL,SELL,28.0000,52.4700
2018-10-31T21:00:00+00:00,HD,BUY,117.0000,156.6100
2018-10-31T21:00:00+00:00,JNJ,BUY,215.0000,123.3600
2018-10-31T21:00:00+00:00,JPM,BUY,23.0000,94.3700
2018-10-31T21:00:00+00:00,MSFT,SELL,54.0000,101.4100
2018-10-31T21:00:00+00:00,PG,SELL,810.0000,78.6300
2018-10-31T21:00:00+00:00,UNH,BUY,24.0000,243.5300
2018-10-31T21:00:00+00:00,XOM,BUY,300.0000,62.1400
2018-11-30T21:00:00+00:00,AAPL,BUY,78.0000,42.9700
2018-11-30T21:00:00+00:00,HD,SELL,160.0000,161.5200
2018-11-30T21:00:00+00:00,JNJ,BUY,36.0000,130.2700
2018-11-30T21:00:00+00:00,JPM,BUY,245.0000,96.2500
2018-11-30T21:00:00+00:00,MSFT,SELL,60.0000,105.7400
2018-11-30T21:00:00+00:00,PG,BUY,146.0000,83.8000
2018-11-30T21:00:00+00:00,UNH,SELL,42.0000,263.0100
2018-11-30T21:00:00+00:00,XOM,SELL,20.0000,62.6300
2019-01-03T21:00:00+00:00,AAPL,SELL,5.0000,34.2100
2019-01-03T21:00:00+00:00,HD,SELL,50.0000,151.0300
2019-01-03T21:00:00+00:00,JNJ,SELL,149.0000,111.4900
2019-01-03T21:00:00+00:00,JPM,BUY,160.0000,84.7400
2019-01-03T21:00:00+00:00,MSFT,BUY,19.0000,92.8800
2019-01-03T21:00:00+00:00,PG,SELL,9.0000,80.3700
2019-01-03T21:00:00+00:00,UNH,BUY,28.0000,221.4100
2019-01-03T21:00:00+00:00,XOM,BUY,120.0000,54.0600
2019-02-04T21:00:00+00:00,AAPL,SELL,11.0000,41.2000
2019-02-04T21:00:00+00:00,HD,SELL,9.0000,166.9900
2019-02-04T21:00:00+00:00,JNJ,BUY,217.0000,117.8400
2019-02-04T21:00:00+00:00,JPM,SELL,221.0000,90.9700
2019-02-04T21:00:00+00:00,MSFT,BUY,117.0000,100.8300
2019-02-04T21:00:00+00:00,PG,BUY,21.0000,87.6100
2019-02-04T21:00:00+00:00,UNH,BUY,9.0000,250.7200
2019-02-04T21:00:00+00:00,XOM,SELL,364.0000,58.9400
2019-03-06T21:00:00+00:00,AAPL,SELL,450.0000,42.1700
2019-03-06T21:00:00+00:00,HD,BUY,98.0000,165.2200
2019-03-06T21:00:00+00:00,JNJ,SELL,60.0000,124.1600
2019-03-06T21:00:00+00:00,JPM,BUY,298.0000,90.5100
2019-03-06T21:00:00+00:00,MSFT,SELL,217.0000,107.0100
2019-03-06T21:00:00+00:00,PG,SELL,86.0000,88.4100
2019-03-06T21:00:00+00:00,UNH,BUY,18.0000,223.4800
2019-03-06T21:00:00+00:00,XOM,BUY,153.0000,63.1500
2019-04-04T21:00:00+00:00,AAPL,SELL,222.0000,47.2800
2019-04-04T21:00:00+00:00,HD,SELL,86.0000,180.8900
2019-04-04T21:00:00+00:00,JNJ,BUY,230.0000,121.0200
2019-04-04T21:00:00+00:00,JPM,BUY,43.0000,92.8200
2019-04-04T21:00:00+00:00,MSFT,BUY,36.0000,114.3000
2019-04-04T21:00:00+00:00,PG,SELL,76.0000,92.4300
2019-04-04T21:00:00+00:00,UNH,SELL,29.0000,232.1400
2019-04-04T21:00:00+00:00,XOM,BUY,43.0000,65.3600
2019-05-06T21:00:00+00:00,AAPL,BUY,195.0000,50.3700
2019-05-06T21:00:00+00:00,HD,BUY,84.0000,180.1500
2019-05-06T21:00:00+00:00,JNJ,SELL,14.0000,126.8400
2019-05-06T21:00:00+00:00,JPM,SELL,196.0000,101.2000
2019-05-06T21:00:00+00:00,MSFT,BUY,38.0000,122.7200
2019-05-06T21:00:00+00:00,PG,SELL,68.0000,95.1100
2019-05-06T21:00:00+00:00,UNH,SELL,85.0000,225.6800
2019-05-06T21:00:00+00:00,XOM,BUY,272.0000,61.4400
2019-06-05T21:00:00+00:00,AAPL,BUY,30.0000,44.2800
2019-06-05T21:00:00+00:00,HD,SELL,35.0000,178.7400
2019-06-05T21:00:00+00:00,JNJ,BUY,14.0000,120.7800
2019-06-05T21:00:00+00:00,JPM,BUY,104.0000,96.8400
2019-06-05T21:00:00+00:00,MSFT,SELL,44.0000,120.9400
2019-06-05T21:00:00+00:00,PG,SELL,132.0000,96.0600
2019-06-05T21:00:00+00:00,UNH,SELL,9.0000,227.8100
2019-06-05T21:00:00+00:00,XOM,BUY,244.0000,58.8000
2019-07-05T21:00:00+00:00,AAPL,SELL,120.0000,49.5400
2019-07-05T21:00:00+00:00,HD,SELL,35.0000,192.1600
2019-07-05T21:00:00+00:00,JNJ,SELL,2.0000,126.3400
2019-07-05T21:00:00+00:00,JPM,BUY,43.0000,100.5000
2019-07-05T21:00:00+00:00,MSFT,SELL,34.0000,131.7400
2019-07-05T21:00:00+00:00,PG,BUY,36.0000,101.8300
2019-07-05T21:00:00+00:00,UNH,BUY,10.0000,232.7900
2019-07-05T21:00:00+00:00,XOM,BUY,88.0000,61.3400
2019-08-05T21:00:00+00:00,AAPL,BUY,117.0000,46.9000
2019-08-05T21:00:00+00:00,HD,SELL,87.0000,186.2400
2019-08-05T21:00:00+00:00,JNJ,BUY,159.0000,116.9900
2019-08-05T21:00:00+00:00,JPM,BUY,33.0000,97.0300
2019-08-05T21:00:00+00:00,MSFT,BUY,2.0000,127.0700
2019-08-05T21:00:00+00:00,PG,SELL,169.0000,102.4300
2019-08-05T21:00:00+00:00,UNH,BUY,2.0000,230.9700
2019-08-05T21:00:00+00:00,XOM,BUY,118.0000,56.6200
2019-09-04T21:00:00+00:00,AAPL,SELL,35.0000,50.9300
2019-09-04T21:00:00+00:00,HD,SELL,69.0000,204.9400
2019-09-04T21:00:00+00:00,JNJ,BUY,149.0000,116.6900
2019-09-04T21:00:00+00:00,JPM,SELL,69.0000,97.3000
2019-09-04T21:00:00+00:00,MSFT,BUY,12.0000,132.7200
2019-09-04T21:00:00+00:00,PG,SELL,94.0000,111.6100
2019-09-04T21:00:00+00:00,UNH,BUY,70.0000,213.7000
2019-09-04T21:00:00+00:00,XOM,SELL,26.0000,56.5200
2019-10-03T21:00:00+00:00,AAPL,SELL,79.0000,53.7700
2019-10-03T21:00:00+00:00,HD,SELL,18.0000,207.3700
2019-10-03T21:00:00+00:00,JNJ,BUY,42.0000,118.8000
2019-10-03T21:00:00+00:00,JPM,SELL,116.0000,100.1500
2019-10-03T21:00:00+00:00,MSFT,SELL,3.0000,131.4200
2019-10-03T21:00:00+00:00,PG,BUY,106.0000,110.2800
2019-10-03T21:00:00+00:00,UNH,BUY,21.0000,203.9400
2019-10-03T21:00:00+00:00,XOM,SELL,22.0000,55.4500
2019-11-01T21:00:00+00:00,AAPL,SELL,91.0000,62.2900
2019-11-01T21:00:00+00:00,HD,BUY,50.0000,217.0000
2019-11-01T21:00:00+00:00,JNJ,SELL,251.0000,118.8100
2019-11-01T21:00:00+00:00,JPM,SELL,219.0000,114.0800
2019-11-01T21:00:00+00:00,MSFT,BUY,82.0000,138.6000
2019-11-01T21:00:00+00:00,PG,BUY,548.0000,112.9200
2019-11-01T21:00:00+00:00,UNH,SELL,90.0000,238.8300
2019-11-01T21:00:00+00:00,XOM,SELL,68.0000,56.7700
2019-12-03T21:00:00+00:00,AAPL,BUY,599.0000,63.3600
2019-12-03T21:00:00+00:00,HD,BUY,95.0000,195.6600
2019-12-03T21:00:00+00:00,JNJ,SELL,114.0000,125.0600
2019-12-03T21:00:00+00:00,JPM,SELL,190.0000,115.8500
2019-12-03T21:00:00+00:00,MSFT,BUY,73.0000,144.4800
2019-12-03T21:00:00+00:00,PG,SELL,117.0000,112.0800
2019-12-03T21:00:00+00:00,UNH,BUY,41.0000,262.2100
2019-12-03T21:00:00+00:00,XOM,SELL,516.0000,56.0400
2020-01-03T21:00:00+00:00,AAPL,SELL,777.0000,72.6400
2020-01-03T21:00:00+00:00,HD,BUY,363.0000,201.4500
2020-01-03T21:00:00+00:00,JNJ,BUY,454.0000,131.5600
2020-01-03T21:00:00+00:00,JPM,SELL,219.0000,124.2800
2020-01-03T21:00:00+00:00,MSFT,SELL,2.0000,153.4900
2020-01-03T21:00:00+00:00,PG,SELL,189.0000,111.7500
2020-01-03T21:00:00+00:00,UNH,SELL,56.0000,275.2400
2020-01-03T21:00:00+00:00,XOM,SELL,234.0000,58.0600
2020-02-04T21:00:00+00:00,AAPL,SELL,53.0000,77.8700
2020-02-04T21:00:00+00:00,HD,SELL,96.0000,216.2300
2020-02-04T21:00:00+00:00,JNJ,BUY,78.0000,138.2300
2020-02-04T21:00:00+00:00,JPM,SELL,83.0000,121.5400
2020-02-04T21:00:00+00:00,MSFT,SELL,93.0000,174.2900
2020-02-04T21:00:00+00:00,PG,BUY,224.0000,115.2300
2020-02-04T21:00:00+00:00,UNH,SELL,2.0000,266.9700
2020-02-04T21:00:00+00:00,XOM,BUY,293.0000,49.5100
2020-03-05T21:00:00+00:00,AAPL,BUY,168.0000,71.7000
2020-03-05T21:00:00+00:00,HD,SELL,65.0000,216.0600
2020-03-05T21:00:00+00:00,JNJ,SELL,67.0000,130.3100
2020-03-05T21:00:00+00:00,JPM,BUY,417.0000,102.3900
2020-03-05T21:00:00+00:00,MSFT,BUY,35.0000,161.3300
2020-03-05T21:00:00+00:00,PG,SELL,400.0000,111.5400
2020-03-05T21:00:00+00:00,UNH,SELL,60.0000,268.9800
2020-03-05T21:00:00+00:00,XOM,BUY,596.0000,41.9600
2020-04-03T21:00:00+00:00,AAPL,BUY,887.0000,59.0900
2020-04-03T21:00:00+00:00,HD,SELL,268.0000,165.5300
2020-04-03T21:00:00+00:00,JNJ,SELL,232.0000,123.1200
2020-04-03T21:00:00+00:00,JPM,SELL,33.0000,76.2900
2020-04-03T21:00:00+00:00,MSFT,BUY,57.0000,149.2600
2020-04-03T21:00:00+00:00,PG,SELL,314.0000,105.5300
2020-04-03T21:00:00+00:00,UNH,BUY,73.0000,219.1000
2020-04-03T21:00:00+00:00,XOM,BUY,1096.0000,32.8300
2020-05-05T21:00:00+00:00,AAPL,SELL,17.0000,72.8400
2020-05-05T21:00:00+00:00,HD,SELL,119.0000,208.9800
2020-05-05T21:00:00+00:00,JNJ,BUY,47.0000,137.1800
2020-05-05T21:00:00+00:00,JPM,SELL,111.0000,83.5100
2020-05-05T21:00:00+00:00,MSFT,BUY,25.0000,175.3900
2020-05-05T21:00:00+00:00,PG,BUY,360.0000,107.0900
2020-05-05T21:00:00+00:00,UNH,SELL,18.0000,279.7700
2020-05-05T21:00:00+00:00,XOM,SELL,347.0000,37.5400
2020-06-04T21:00:00+00:00,AAPL,BUY,271.0000,79.1100
2020-06-04T21:00:00+00:00,HD,SELL,50.0000,231.9800
2020-06-04T21:00:00+00:00,JNJ,BUY,189.0000,135.5700
2020-06-04T21:00:00+00:00,JPM,SELL,229.0000,96.6200
2020-06-04T21:00:00+00:00,MSFT,BUY,55.0000,177.9800
2020-06-04T21:00:00+00:00,PG,BUY,77.0000,107.1300
2020-06-04T21:00:00+00:00,UNH,BUY,17.0000,284.5800
2020-06-04T21:00:00+00:00,XOM,SELL,896.0000,41.9100
2020-07-06T21:00:00+00:00,AAPL,SELL,303.0000,91.7600
2020-07-06T21:00:00+00:00,HD,BUY,28.0000,232.5400
2020-07-06T21:00:00+00:00,JNJ,BUY,164.0000,132.1100
2020-07-06T21:00:00+00:00,JPM,BUY,131.0000,87.0700
2020-07-06T21:00:00+00:00,MSFT,SELL,102.0000,205.0100
2020-07-06T21:00:00+00:00,PG,BUY,19.0000,112.2800
2020-07-06T21:00:00+00:00,UNH,SELL,3.0000,290.3400
2020-07-06T21:00:00+00:00,XOM,BUY,181.0000,37.8900
2020-08-04T21:00:00+00:00,AAPL,SELL,309.0000,107.6700
2020-08-04T21:00:00+00:00,HD,BUY,7.0000,249.6100
2020-08-04T21:00:00+00:00,JNJ,BUY,113.0000,136.0300
2020-08-04T21:00:00+00:00,JPM,BUY,55.0000,87.5800
2020-08-04T21:00:00+00:00,MSFT,BUY,20.0000,207.5300
2020-08-04T21:00:00+00:00,PG,SELL,85.0000,124.2900
2020-08-04T21:00:00+00:00,UNH,BUY,38.0000,291.9600
2020-08-04T21:00:00+00:00,XOM,BUY,136.0000,37.1100
2020-09-02T21:00:00+00:00,AAPL,SELL,391.0000,129.2400
2020-09-02T21:00:00+00:00,HD,BUY,55.0000,269.0300
2020-09-02T21:00:00+00:00,JNJ,BUY,29.0000,143.0800
2020-09-02T21:00:00+00:00,JPM,BUY,35.0000,93.1700
2020-09-02T21:00:00+00:00,MSFT,SELL,28.0000,225.9400
2020-09-02T21:00:00+00:00,PG,BUY,38.0000,130.5300
2020-09-02T21:00:00+00:00,UNH,BUY,7.0000,307.0600
2020-09-02T21:00:00+00:00,XOM,BUY,736.0000,34.1100
2020-10-02T21:00:00+00:00,AAPL,BUY,17.0000,111.1600
2020-10-02T21:00:00+00:00,HD,SELL,28.0000,261.6400
2020-10-02T21:00:00+00:00,JNJ,SELL,28.0000,136.0200
2020-10-02T21:00:00+00:00,JPM,BUY,13.0000,89.7200
2020-10-02T21:00:00+00:00,MSFT,BUY,15.0000,201.1000
2020-10-02T21:00:00+00:00,PG,SELL,59.0000,128.3100
2020-10-02T21:00:00+00:00,UNH,SELL,15.0000,300.3700
2020-10-02T21:00:00+00:00,XOM,BUY,677.0000,28.7100
2020-11-02T21:00:00+00:00,AAPL,SELL,21.0000,106.9800
2020-11-02T21:00:00+00:00,HD,BUY,5.0000,253.6100
2020-11-02T21:00:00+00:00,JNJ,BUY,171.0000,129.0000
2020-11-02T21:00:00+00:00,JPM,SELL,51.0000,92.7400
2020-11-02T21:00:00+00:00,MSFT,BUY,2.0000,197.3400
2020-11-02T21:00:00+00:00,PG,SELL,46.0000,129.3800
2020-11-02T21:00:00+00:00,XOM,SELL,342.0000,29.5900
2020-12-02T21:00:00+00:00,AAPL,SELL,23.0000,121.2700
2020-12-02T21:00:00+00:00,HD,BUY,71.0000,255.3400
2020-12-02T21:00:00+00:00,JNJ,BUY,77.0000,138.7500
2020-12-02T21:00:00+00:00,JPM,SELL,221.0000,112.8900
2020-12-02T21:00:00+00:00,MSFT,BUY,34.0000,210.6100
2020-12-02T21:00:00+00:00,PG,BUY,232.0000,129.2500
2020-12-02T21:00:00+00:00,UNH,SELL,27.0000,334.6200
2020-12-02T21:00:00+00:00,XOM,SELL,901.0000,35.6000
2021-01-04T21:00:00+00:00,AAPL,SELL,54.0000,127.5000
2021-01-04T21:00:00+00:00,HD,BUY,44.0000,248.5700
2021-01-04T21:00:00+00:00,JNJ,SELL,134.0000,146.5800
2021-01-04T21:00:00+00:00,MSFT,BUY,16.0000,212.8800
2021-01-04T21:00:00+00:00,PG,BUY,88.0000,128.7400
2021-01-04T21:00:00+00:00,UNH,BUY,9.0000,337.7000
2021-01-04T21:00:00+00:00,XOM,SELL,86.0000,37.0000
2021-02-03T21:00:00+00:00,AAPL,BUY,6.0000,131.9700
2021-02-03T21:00:00+00:00,HD,SELL,10.0000,258.2300
2021-02-03T21:00:00+00:00,JNJ,SELL,39.0000,150.3200
2021-02-03T21:00:00+00:00,JPM,SELL,45.0000,125.9100
2021-02-03T21:00:00+00:00,MSFT,SELL,63.0000,237.6300
2021-02-03T21:00:00+00:00,PG,BUY,239.0000,121.1800
2021-02-03T21:00:00+00:00,UNH,BUY,49.0000,326.4800
2021-02-03T21:00:00+00:00,XOM,SELL,419.0000,42.2700
2021-03-05T21:00:00+00:00,AAPL,BUY,165.0000,119.8100
2021-03-05T21:00:00+00:00,HD,BUY,39.0000,238.7800
2021-03-05T21:00:00+00:00,JNJ,BUY,49.0000,147.1100
2021-03-05T21:00:00+00:00,JPM,SELL,143.0000,140.6100
2021-03-05T21:00:00+00:00,MSFT,BUY,72.0000,227.0000
2021-03-05T21:00:00+00:00,PG,BUY,122.0000,118.3900
2021-03-05T21:00:00+00:00,UNH,BUY,18.0000,335.3800
2021-03-05T21:00:00+00:00,XOM,SELL,967.0000,55.2400
2021-04-06T21:00:00+00:00,AAPL,SELL,728.0000,124.5400
2021-04-06T21:00:00+00:00,HD,BUY,54.0000,297.3800
2021-04-06T21:00:00+00:00,JNJ,BUY,723.0000,153.9800
2021-04-06T21:00:00+00:00,JPM,SELL,247.0000,142.9600
2021-04-06T21:00:00+00:00,MSFT,SELL,303.0000,242.9400
2021-04-06T21:00:00+00:00,PG,BUY,765.0000,128.2800
2021-04-06T21:00:00+00:00,UNH,BUY,73.0000,353.3200
2021-04-06T21:00:00+00:00,XOM,SELL,1061.0000,51.0800
2021-05-05T21:00:00+00:00,AAPL,SELL,62.0000,126.4000
2021-05-05T21:00:00+00:00,HD,BUY,11.0000,314.7000
2021-05-05T21:00:00+00:00,JNJ,SELL,103.0000,157.4500
2021-05-05T21:00:00+00:00,JPM,BUY,5.0000,147.6300
2021-05-05T21:00:00+00:00,MSFT,BUY,15.0000,241.5700
2021-05-05T21:00:00+00:00,PG,BUY,344.0000,126.2200
2021-05-05T21:00:00+00:00,UNH,SELL,49.0000,399.9900
2021-05-05T21:00:00+00:00,XOM,SELL,157.0000,55.2800
2021-06-04T21:00:00+00:00,AAPL,SELL,107.0000,124.4300
2021-06-04T21:00:00+00:00,HD,SELL,38.0000,296.3100
2021-06-04T21:00:00+00:00,JNJ,SELL,126.0000,157.3900
2021-06-04T21:00:00+00:00,JPM,BUY,134.0000,155.9900
2021-06-04T21:00:00+00:00,MSFT,SELL,116.0000,246.3800
2021-06-04T21:00:00+00:00,PG,BUY,530.0000,128.5800
2021-06-04T21:00:00+00:00,UNH,SELL,62.0000,393.3400
2021-06-04T21:00:00+00:00,XOM,BUY,147.0000,56.5200
2021-07-06T21:00:00+00:00,AAPL,SELL,121.0000,140.3800
2021-07-06T21:00:00+00:00,HD,BUY,21.0000,304.1700
2021-07-06T21:00:00+00:00,JNJ,SELL,24.0000,159.2900
2021-07-06T21:00:00+00:00,JPM,BUY,194.0000,144.6100
2021-07-06T21:00:00+00:00,MSFT,SELL,71.0000,272.7700
2021-07-06T21:00:00+00:00,PG,SELL,77.0000,128.6100
2021-07-06T21:00:00+00:00,UNH,BUY,30.0000,399.2800
2021-07-06T21:00:00+00:00,XOM,BUY,51.0000,56.4500
2021-08-04T21:00:00+00:00,AAPL,BUY,35.0000,145.2500
2021-08-04T21:00:00+00:00,HD,SELL,56.0000,314.6900
2021-08-04T21:00:00+00:00,JNJ,SELL,1.0000,164.4000
2021-08-04T21:00:00+00:00,JPM,BUY,67.0000,142.5600
2021-08-04T21:00:00+00:00,MSFT,BUY,41.0000,281.4700
2021-08-04T21:00:00+00:00,PG,SELL,175.0000,135.5500
2021-08-04T21:00:00+00:00,UNH,BUY,4.0000,410.2500
2021-08-04T21:00:00+00:00,XOM,BUY,238.0000,52.2800
2021-09-02T21:00:00+00:00,AAPL,BUY,37.0000,152.1000
2021-09-02T21:00:00+00:00,HD,BUY,9.0000,313.8300
2021-09-02T21:00:00+00:00,JNJ,BUY,40.0000,166.8700
2021-09-02T21:00:00+00:00,JPM,SELL,56.0000,151.2500
2021-09-02T21:00:00+00:00,MSFT,BUY,11.0000,296.4200
2021-09-02T21:00:00+00:00,PG,SELL,18.0000,137.0000
2021-09-02T21:00:00+00:00,UNH,SELL,17.0000,412.3700
2021-09-02T21:00:00+00:00,XOM,SELL,24.0000,51.4300
2021-10-04T21:00:00+00:00,AAPL,BUY,136.0000,137.7300
2021-10-04T21:00:00+00:00,HD,SELL,35.0000,312.6200
2021-10-04T21:00:00+00:00,JNJ,BUY,169.0000,151.8900
2021-10-04T21:00:00+00:00,JPM,SELL,122.0000,157.3700
2021-10-04T21:00:00+00:00,MSFT,BUY,70.0000,278.6600
2021-10-04T21:00:00+00:00,PG,SELL,146.0000,132.0900
2021-10-04T21:00:00+00:00,UNH,BUY,19.0000,377.9700
2021-10-04T21:00:00+00:00,XOM,SELL,343.0000,57.6300
2021-11-02T21:00:00+00:00,AAPL,BUY,79.0000,148.5000
2021-11-02T21:00:00+00:00,HD,SELL,53.0000,351.7000
2021-11-02T21:00:00+00:00,JNJ,BUY,194.0000,157.9600
2021-11-02T21:00:00+00:00,JPM,BUY,7.0000,161.6600
2021-11-02T21:00:00+00:00,MSFT,SELL,57.0000,327.8900
2021-11-02T21:00:00+00:00,PG,BUY,98.0000,137.9600
2021-11-02T21:00:00+00:00,UNH,SELL,56.0000,441.4800
2021-11-02T21:00:00+00:00,XOM,BUY,28.0000,60.5200
2021-12-02T21:00:00+00:00,AAPL,SELL,45.0000,162.3400
2021-12-02T21:00:00+00:00,HD,SELL,115.0000,392.0800
2021-12-02T21:00:00+00:00,JNJ,SELL,346.0000,150.8400
2021-12-02T21:00:00+00:00,JPM,BUY,514.0000,152.8700
2021-12-02T21:00:00+00:00,MSFT,BUY,69.0000,324.9000
2021-12-02T21:00:00+00:00,PG,SELL,583.0000,141.0200
2021-12-02T21:00:00+00:00,UNH,BUY,132.0000,435.6000
2021-12-02T21:00:00+00:00,XOM,BUY,486.0000,57.9900
2022-01-03T21:00:00+00:00,AAPL,SELL,37.0000,180.4300
2022-01-03T21:00:00+00:00,HD,BUY,15.0000,392.9200
2022-01-03T21:00:00+00:00,JNJ,BUY,84.0000,164.7100
2022-01-03T21:00:00+00:00,JPM,BUY,169.0000,153.3400
2022-01-03T21:00:00+00:00,MSFT,SELL,18.0000,330.0900
2022-01-03T21:00:00+00:00,PG,SELL,222.0000,156.0000
2022-01-03T21:00:00+00:00,UNH,SELL,36.0000,492.1500
2022-01-03T21:00:00+00:00,XOM,BUY,262.0000,60.1300
2022-02-02T21:00:00+00:00,AAPL,SELL,37.0000,174.3200
2022-02-02T21:00:00+00:00,HD,SELL,54.0000,359.3500
2022-02-02T21:00:00+00:00,JNJ,BUY,313.0000,165.8900
2022-02-02T21:00:00+00:00,JPM,BUY,107.0000,143.0400
2022-02-02T21:00:00+00:00,MSFT,SELL,46.0000,309.1000
2022-02-02T21:00:00+00:00,PG,BUY,82.0000,156.5500
2022-02-02T21:00:00+00:00,UNH,SELL,22.0000,470.1000
2022-02-02T21:00:00+00:00,XOM,SELL,382.0000,76.2900
2022-03-04T21:00:00+00:00,AAPL,BUY,530.0000,161.9600
2022-03-04T21:00:00+00:00,HD,BUY,82.0000,311.7800
2022-03-04T21:00:00+00:00,JNJ,SELL,809.0000,163.7800
2022-03-04T21:00:00+00:00,JPM,BUY,288.0000,128.2100
2022-03-04T21:00:00+00:00,MSFT,BUY,231.0000,286.4200
2022-03-04T21:00:00+00:00,PG,SELL,761.0000,149.3700
2022-03-04T21:00:00+00:00,UNH,BUY,15.0000,488.5900
2022-03-04T21:00:00+00:00,XOM,BUY,332.0000,80.4500
2022-04-04T21:00:00+00:00,AAPL,SELL,101.0000,177.1200
2022-04-04T21:00:00+00:00,HD,BUY,157.0000,295.6000
2022-04-04T21:00:00+00:00,JNJ,SELL,123.0000,170.5300
2022-04-04T21:00:00+00:00,JPM,BUY,21.0000,129.6500
2022-04-04T21:00:00+00:00,MSFT,BUY,18.0000,311.2300
2022-04-04T21:00:00+00:00,PG,SELL,139.0000,148.3500
2022-04-04T21:00:00+00:00,UNH,SELL,1.0000,501.2100
2022-04-04T21:00:00+00:00,XOM,BUY,53.0000,79.5700
2022-05-04T21:00:00+00:00,AAPL,BUY,52.0000,164.7900
2022-05-04T21:00:00+00:00,HD,SELL,144.0000,305.0100
2022-05-04T21:00:00+00:00,JNJ,BUY,80.0000,174.1400
2022-05-04T21:00:00+00:00,JPM,BUY,242.0000,122.1500
2022-05-04T21:00:00+00:00,MSFT,SELL,129.0000,286.5400
2022-05-04T21:00:00+00:00,PG,BUY,64.0000,152.3500
2022-05-04T21:00:00+00:00,UNH,BUY,45.0000,498.8500
2022-05-04T21:00:00+00:00,XOM,SELL,38.0000,87.7400
2022-06-03T21:00:00+00:00,AAPL,SELL,18.0000,144.5200
2022-06-03T21:00:00+00:00,HD,BUY,39.0000,296.9800
2022-06-03T21:00:00+00:00,JNJ,BUY,94.0000,171.5800
2022-06-03T21:00:00+00:00,JPM,SELL,159.0000,125.0900
2022-06-03T21:00:00+00:00,MSFT,BUY,115.0000,267.4400
2022-06-03T21:00:00+00:00,PG,SELL,92.0000,141.2500
2022-06-03T21:00:00+00:00,UNH,SELL,10.0000,477.2200
2022-06-03T21:00:00+00:00,XOM,SELL,180.0000,95.7800
2022-07-06T21:00:00+00:00,AAPL,SELL,84.0000,142.0700
2022-07-06T21:00:00+00:00,HD,BUY,53.0000,276.0500
2022-07-06T21:00:00+00:00,JNJ,BUY,57.0000,173.4100
2022-07-06T21:00:00+00:00,JPM,BUY,334.0000,108.4800
2022-07-06T21:00:00+00:00,MSFT,SELL,147.0000,263.6600
2022-07-06T21:00:00+00:00,PG,SELL,89.0000,141.4100
2022-07-06T21:00:00+00:00,UNH,SELL,15.0000,508.2000
2022-07-06T21:00:00+00:00,XOM,BUY,143.0000,80.5000
2022-08-04T21:00:00+00:00,AAPL,SELL,144.0000,164.8300
2022-08-04T21:00:00+00:00,HD,SELL,5.0000,299.0100
2022-08-04T21:00:00+00:00,JNJ,BUY,328.0000,167.0800
2022-08-04T21:00:00+00:00,JPM,BUY,105.0000,108.9400
2022-08-04T21:00:00+00:00,MSFT,SELL,73.0000,280.9300
2022-08-04T21:00:00+00:00,PG,SELL,71.0000,140.9600
2022-08-04T21:00:00+00:00,UNH,SELL,15.0000,526.4000
2022-08-04T21:00:00+00:00,XOM,SELL,43.0000,84.2800
2022-09-02T21:00:00+00:00,AAPL,BUY,32.0000,155.1000
2022-09-02T21:00:00+00:00,HD,SELL,1.0000,286.0000
2022-09-02T21:00:00+00:00,JNJ,BUY,7.0000,159.3400
2022-09-02T21:00:00+00:00,JPM,SELL,93.0000,110.2500
2022-09-02T21:00:00+00:00,MSFT,BUY,39.0000,254.1500
2022-09-02T21:00:00+00:00,PG,BUY,61.0000,133.6600
2022-09-02T21:00:00+00:00,UNH,BUY,14.0000,509.2400
2022-09-02T21:00:00+00:00,XOM,SELL,207.0000,93.2900
2022-10-04T21:00:00+00:00,AAPL,BUY,8.0000,145.4400
2022-10-04T21:00:00+00:00,HD,SELL,48.0000,283.7100
2022-10-04T21:00:00+00:00,JNJ,SELL,20.0000,162.1600
2022-10-04T21:00:00+00:00,JPM,SELL,49.0000,109.3400
2022-10-04T21:00:00+00:00,MSFT,BUY,8.0000,247.0200
2022-10-04T21:00:00+00:00,PG,BUY,120.0000,126.7800
2022-10-04T21:00:00+00:00,UNH,BUY,15.0000,517.5900
2022-10-04T21:00:00+00:00,XOM,SELL,36.0000,92.9800
2022-11-02T21:00:00+00:00,AAPL,SELL,33.0000,144.3700
2022-11-02T21:00:00+00:00,HD,BUY,35.0000,282.8900
2022-11-02T21:00:00+00:00,JNJ,BUY,65.0000,166.8700
2022-11-02T21:00:00+00:00,JPM,SELL,326.0000,124.2000
2022-11-02T21:00:00+00:00,MSFT,BUY,45.0000,218.4600
2022-11-02T21:00:00+00:00,PG,BUY,24.0000,130.4700
2022-11-02T21:00:00+00:00,UNH,BUY,46.0000,537.6300
2022-11-02T21:00:00+00:00,XOM,SELL,137.0000,106.9800
2022-12-02T21:00:00+00:00,AAPL,SELL,44.0000,147.3800
2022-12-02T21:00:00+00:00,HD,SELL,117.0000,323.3000
2022-12-02T21:00:00+00:00,JNJ,BUY,289.0000,176.2700
2022-12-02T21:00:00+00:00,JPM,BUY,39.0000,132.2200
2022-12-02T21:00:00+00:00,MSFT,SELL,120.0000,253.8300
2022-12-02T21:00:00+00:00,PG,BUY,135.0000,147.8100
2022-12-02T21:00:00+00:00,UNH,SELL,44.0000,532.0700
2022-12-02T21:00:00+00:00,XOM,BUY,170.0000,108.0800
