engine,level,price,abs_error,std_error,seconds
analytic,1,8.916037278572539,0.0,,7.700199967075605e-05
binomial_crr,50,8.876358803912284,0.03967847466025454,,9.909700020216405e-05
binomial_crr,100,8.896172320813747,0.01986495775879149,,7.744499998807441e-05
binomial_crr,200,8.90609848448758,0.009938794084957792,,7.20369989721803e-05
binomial_crr,400,8.911066317171949,0.004970961400589502,,0.00015188199904514477
binomial_crr,800,8.913551408595243,0.002485869977295607,,0.0004722089997812873
binomial_crr,1600,8.914794246493157,0.0012430320793814786,,0.0017123369998444105
binomial_crr,3200,8.915415738290344,0.0006215402821947436,,0.008745522998651722
fd_black_scholes,10,9.558030848543638,0.641993569971099,,0.00021034999917901587
fd_black_scholes,20,9.056756580639204,0.14071930206666572,,8.354999954462983e-05
fd_black_scholes,50,8.937023183956876,0.020985905384337755,,0.00020624800163204782
fd_black_scholes,100,8.921172820096535,0.005135541523996423,,0.00047518500105070416
fd_black_scholes,200,8.917308000058748,0.0012707214862093252,,0.0015899919999355916
fd_black_scholes,400,8.916353370270201,0.0003160916976625572,,0.00596080800096388
fd_black_scholes,800,8.91611610244603,7.88238734905633e-05,,0.021612368000205606
mc_pseudo_random,1000,9.104625306985772,0.18858802841323374,0.44365165137090534,0.00032874200041987933
mc_pseudo_random,10000,8.806679844523556,0.10935743404898268,0.13581198752551893,0.002492358999006683
mc_pseudo_random,50000,8.917489623462664,0.0014523448901258007,0.06167625687226541,0.013021343000218621
mc_pseudo_random,100000,8.885924504987425,0.030112773585113217,0.04355968585308259,0.026753824000479653
mc_pseudo_random,500000,8.929853553348794,0.013816274776255355,0.019509656862455687,0.13343420300043363
mc_pseudo_random,1000000,8.915456649585996,0.0005806289865422087,0.013784021945729091,0.2634071140000742
mc_sobol,1000,8.880539579286376,0.03549769928616264,,0.00034759300069708843
mc_sobol,10000,8.908578263132695,0.007459015439843952,,0.002743707998888567
mc_sobol,50000,8.914393163332644,0.0016441152398947168,,0.01329126900054689
mc_sobol,100000,8.915167226924536,0.0008700516480022458,,0.026395074999527424
mc_sobol,500000,8.915803014997245,0.00023426357529388042,,0.13615914600086398
mc_sobol,1000000,8.915912450751524,0.00012482782101486123,,0.28666180900108884
