curve_id,date,discount_factor,zero_rate,forward_rate
EUR6M,2016-08-09,0.99987292,0.0002494,-0.0006924
EUR6M,2018-02-09,1.00092944,-0.00046134,0.00045194
EUR6M,2019-02-11,1.00046844,-0.00015512,0.00294998
EUR6M,2020-02-10,0.99749094,0.00062548,0.00501196
EUR6M,2021-02-09,0.99244135,0.0015125,0.00900777
EUR6M,2023-02-09,0.97451839,0.00367877,0.01453952
EUR6M,2026-02-09,0.93247332,0.00697809,0.01534284
EUR6M,2028-02-09,0.9040169,0.00839552,0.0167675
EUR6M,2031-02-10,0.85917197,0.01010247,0.01534469
EUR6M,2036-02-11,0.795041,0.01145083,0.01304452
EUR6M,2041-02-11,0.74427461,0.011797,0.01103539
EUR6M,2046-02-09,0.70391101,0.01169063,0.0107137
EUR6M,2056-02-09,0.63160177,0.0114764,0.00759951
EUR6M,2066-02-09,0.58481345,0.01071926,0.00759943
