TradeId,Type,CashflowNo,LegNo,PayDate,FlowType,Amount,Currency,Coupon,Accrual,AccrualStartDate,AccrualEndDate,AccruedAmount,fixingDate,fixingValue,Notional,DiscountFactor,PresentValue,FXRate(Local-Base),PresentValue(Base),BaseCurrency,FloorStrike,CapStrike,FloorVolatility,CapVolatility,EffectiveFloorVolatility,EffectiveCapVolatility,Amount(Base),DiscountFactor(Base)
Swap_20y,Swap,1,0,2017-03-01,Interest,200000.00000000017,EUR,0.02,1.0,2016-03-01,2017-03-01,0.0,,,10000000.0,1.000265373521518,200053.07470430376,1.0,200053.07470430376,EUR,,,,,,,200000.00000000017,1.000265373521518
Swap_20y,Swap,2,0,2018-03-01,Interest,200000.00000000017,EUR,0.02,1.0,2017-03-01,2018-03-01,0.0,,,10000000.0,1.000904311228956,200180.86224579136,1.0,200180.86224579136,EUR,,,,,,,200000.00000000017,1.000904311228956
Swap_20y,Swap,3,0,2019-03-01,Interest,200000.00000000017,EUR,0.02,1.0,2018-03-01,2019-03-01,0.0,,,10000000.0,1.0003209958669363,200064.19917338743,1.0,200064.19917338743,EUR,,,,,,,200000.00000000017,1.0003209958669363
Swap_20y,Swap,4,0,2020-03-02,Interest,200555.55555555492,EUR,0.02,1.0027777777777778,2019-03-01,2020-03-02,0.0,,,10000000.0,0.9971997193714506,199993.94371838475,1.0,199993.94371838475,EUR,,,,,,,200555.55555555492,0.9971997193714506
Swap_20y,Swap,5,0,2021-03-01,Interest,199444.44444444543,EUR,0.02,0.9972222222222222,2020-03-02,2021-03-01,0.0,,,10000000.0,0.9919459470954839,197838.10833737804,1.0,197838.10833737804,EUR,,,,,,,199444.44444444543,0.9919459470954839
Swap_20y,Swap,6,0,2022-03-01,Interest,200000.00000000017,EUR,0.02,1.0,2021-03-01,2022-03-01,0.0,,,10000000.0,0.9829481312830469,196589.62625660957,1.0,196589.62625660957,EUR,,,,,,,200000.00000000017,0.9829481312830469
Swap_20y,Swap,7,0,2023-03-01,Interest,200000.00000000017,EUR,0.02,1.0,2022-03-01,2023-03-01,0.0,,,10000000.0,0.9737344175644345,194746.88351288706,1.0,194746.88351288706,EUR,,,,,,,200000.00000000017,0.9737344175644345
Swap_20y,Swap,8,0,2024-03-01,Interest,200000.00000000017,EUR,0.02,1.0,2023-03-01,2024-03-01,0.0,,,10000000.0,0.9594985614067011,191899.71228134038,1.0,191899.71228134038,EUR,,,,,,,200000.00000000017,0.9594985614067011
Swap_20y,Swap,9,0,2025-03-03,Interest,201111.1111111119,EUR,0.02,1.0055555555555555,2024-03-01,2025-03-03,0.0,,,10000000.0,0.9454327865824714,190137.03819047558,1.0,190137.03819047558,EUR,,,,,,,201111.1111111119,0.9454327865824714
Swap_20y,Swap,10,0,2026-03-02,Interest,199444.44444444543,EUR,0.02,0.9972222222222222,2025-03-03,2026-03-02,0.0,,,10000000.0,0.931642326527818,185810.8862352713,1.0,185810.8862352713,EUR,,,,,,,199444.44444444543,0.931642326527818
Swap_20y,Swap,11,0,2027-03-01,Interest,199444.44444444543,EUR,0.02,0.9972222222222222,2026-03-02,2027-03-01,0.0,,,10000000.0,0.9173556049441266,182961.47898607948,1.0,182961.47898607948,EUR,,,,,,,199444.44444444543,0.9173556049441266
Swap_20y,Swap,12,0,2028-03-01,Interest,200000.00000000017,EUR,0.02,1.0,2027-03-01,2028-03-01,0.0,,,10000000.0,0.9031368370003098,180627.36740006212,1.0,180627.36740006212,EUR,,,,,,,200000.00000000017,0.9031368370003098
Swap_20y,Swap,13,0,2029-03-01,Interest,200000.00000000017,EUR,0.02,1.0,2028-03-01,2029-03-01,0.0,,,10000000.0,0.8879765600852036,177595.31201704088,1.0,177595.31201704088,EUR,,,,,,,200000.00000000017,0.8879765600852036
Swap_20y,Swap,14,0,2030-03-01,Interest,200000.00000000017,EUR,0.02,1.0,2029-03-01,2030-03-01,0.0,,,10000000.0,0.8730707673044245,174614.15346088505,1.0,174614.15346088505,EUR,,,,,,,200000.00000000017,0.8730707673044245
Swap_20y,Swap,15,0,2031-03-03,Interest,201111.1111111119,EUR,0.02,1.0055555555555555,2030-03-01,2031-03-03,0.0,,,10000000.0,0.8584062165289303,172635.0279908189,1.0,172635.0279908189,EUR,,,,,,,201111.1111111119,0.8584062165289303
Swap_20y,Swap,16,0,2032-03-01,Interest,198888.88888888844,EUR,0.02,0.9944444444444445,2031-03-03,2032-03-01,0.0,,,10000000.0,0.8452409996609724,168109.04326590413,1.0,168109.04326590413,EUR,,,,,,,198888.88888888844,0.8452409996609724
Swap_20y,Swap,17,0,2033-03-01,Interest,200000.00000000017,EUR,0.02,1.0,2032-03-01,2033-03-01,0.0,,,10000000.0,0.8322423570636012,166448.4714127204,1.0,166448.4714127204,EUR,,,,,,,200000.00000000017,0.8322423570636012
Swap_20y,Swap,18,0,2034-03-01,Interest,200000.00000000017,EUR,0.02,1.0,2033-03-01,2034-03-01,0.0,,,10000000.0,0.8194436156890077,163888.7231378017,1.0,163888.7231378017,EUR,,,,,,,200000.00000000017,0.8194436156890077
Swap_20y,Swap,19,0,2035-03-01,Interest,200000.00000000017,EUR,0.02,1.0,2034-03-01,2035-03-01,0.0,,,10000000.0,0.8068417013316689,161368.34026633392,1.0,161368.34026633392,EUR,,,,,,,200000.00000000017,0.8068417013316689
Swap_20y,Swap,20,0,2036-03-03,Interest,201111.1111111119,EUR,0.02,1.0055555555555555,2035-03-01,2036-03-03,0.0,,,10000000.0,0.7944382404482575,159770.35724570576,1.0,159770.35724570576,EUR,,,,,,,201111.1111111119,0.7944382404482575
Swap_20y,Swap,1,1,2016-09-01,InterestProjected,-657.6738318386788,EUR,0.0001286753149249589,0.5111111111111111,2016-03-01,2016-09-01,-0.0,2016-02-26,0.0001286753149249589,10000000.0,0.9999171559400315,-657.6193474683142,1.0,-657.6193474683142,EUR,,,,,,,-657.6738318386788,0.9999171559400315
Swap_20y,Swap,2,1,2017-03-01,InterestProjected,3481.251982766498,EUR,-0.0006924037092795244,0.5027777777777778,2016-09-01,2017-03-01,-0.0,2016-08-30,-0.0006924037092795244,10000000.0,1.000265373521518,3482.175814864456,1.0,3482.175814864456,EUR,,,,,,,3481.251982766498,1.000265373521518
Swap_20y,Swap,3,1,2017-09-01,InterestProjected,3538.9420807752094,EUR,-0.0006924017114560192,0.5111111111111111,2017-03-01,2017-09-01,-0.0,2017-02-27,-0.0006924017114560192,10000000.0,1.0006194869624434,3541.134409255092,1.0,3541.134409255092,EUR,,,,,,,3538.9420807752094,1.0006194869624434
Swap_20y,Swap,4,1,2018-03-01,InterestProjected,2845.669294428976,EUR,-0.0005659894729251003,0.5027777777777778,2017-09-01,2018-03-01,-0.0,2017-08-30,-0.0005659894729251003,10000000.0,1.000904311228956,2848.2426651258234,1.0,2848.2426651258234,EUR,,,,,,,2845.669294428976,1.000904311228956
Swap_20y,Swap,5,1,2018-09-03,InterestProjected,-2335.0200606686576,EUR,0.0004519393665810305,0.5166666666666667,2018-03-01,2018-09-03,-0.0,2018-02-27,0.0004519393665810305,10000000.0,1.000670652624156,-2336.586047999802,1.0,-2336.586047999802,EUR,,,,,,,-2335.0200606686576,1.000670652624156
Swap_20y,Swap,6,1,2019-03-01,InterestProjected,-3495.4455486224665,EUR,0.0007029946354771441,0.49722222222222223,2018-09-03,2019-03-01,-0.0,2018-08-30,0.0007029946354771441,10000000.0,1.0003209958669363,-3496.5675721966754,1.0,-3496.5675721966754,EUR,,,,,,,-3495.4455486224665,1.0003209958669363
Swap_20y,Swap,7,1,2019-09-02,InterestProjected,-15159.86986796669,EUR,0.002950028731063789,0.5138888888888888,2019-03-01,2019-09-02,-0.0,2019-02-27,0.002950028731063789,10000000.0,0.9988068177289355,-15141.781380008588,1.0,-15141.781380008588,EUR,,,,,,,-15159.86986796669,0.9988068177289355
Swap_20y,Swap,8,1,2020-03-02,InterestProjected,-16116.113214492689,EUR,0.0031878026138556967,0.5055555555555555,2019-09-02,2020-03-02,-0.0,2019-08-29,0.0031878026138556967,10000000.0,0.9971997193714506,-16070.983574850636,1.0,-16070.983574850636,EUR,,,,,,,-16116.113214492689,0.9971997193714506
Swap_20y,Swap,9,1,2020-09-01,InterestProjected,-25477.65207475239,EUR,0.005011997129459486,0.5083333333333333,2020-03-02,2020-09-01,-0.0,2020-02-27,0.005011997129459486,10000000.0,0.9946655451025639,-25341.742688867052,1.0,-25341.742688867052,EUR,,,,,,,-25477.65207475239,0.9946655451025639
Swap_20y,Swap,10,1,2021-03-01,InterestProjected,-27416.796399473144,EUR,0.005453064477243277,0.5027777777777778,2020-09-01,2021-03-01,-0.0,2020-08-28,0.005453064477243277,10000000.0,0.9919459470954839,-27195.98007079944,1.0,-27195.98007079944,EUR,,,,,,,-27416.796399473144,0.9919459470954839
Swap_20y,Swap,11,1,2021-09-01,InterestProjected,-46041.46302847667,EUR,0.009008112331658479,0.5111111111111111,2021-03-01,2021-09-01,-0.0,2021-02-25,0.009008112331658479,10000000.0,0.9873998138929163,-45461.33202567545,1.0,-45461.33202567545,EUR,,,,,,,-46041.46302847667,0.9873998138929163
Swap_20y,Swap,12,1,2022-03-01,InterestProjected,-45289.08971075163,EUR,0.009007774749099771,0.5027777777777778,2021-09-01,2022-03-01,-0.0,2021-08-30,0.009007774749099771,10000000.0,0.9829481312830469,-44516.82609869358,1.0,-44516.82609869358,EUR,,,,,,,-45289.08971075163,0.9829481312830469
Swap_20y,Swap,13,1,2022-09-01,InterestProjected,-46041.46302847667,EUR,0.009008112331658479,0.5111111111111111,2022-03-01,2022-09-01,-0.0,2022-02-25,0.009008112331658479,10000000.0,0.9784432354778752,-45048.95805171768,1.0,-45048.95805171768,EUR,,,,,,,-46041.46302847667,0.9784432354778752
Swap_20y,Swap,14,1,2023-03-01,InterestProjected,-48358.3390758513,EUR,0.009618233186357164,0.5027777777777778,2022-09-01,2023-03-01,-0.0,2022-08-30,0.009618233186357164,10000000.0,0.9737344175644345,-47088.179134407495,1.0,-47088.179134407495,EUR,,,,,,,-48358.3390758513,0.9737344175644345
Swap_20y,Swap,15,1,2023-09-01,InterestProjected,-74316.07383391992,EUR,0.01454010140228868,0.5111111111111111,2023-03-01,2023-09-01,-0.0,2023-02-27,0.01454010140228868,10000000.0,0.9665513871393419,-71830.30425092504,1.0,-71830.30425092504,EUR,,,,,,,-74316.07383391992,0.9665513871393419
Swap_20y,Swap,16,1,2024-03-01,InterestProjected,-73505.32889075723,EUR,0.014539515604765166,0.5055555555555555,2023-09-01,2024-03-01,-0.0,2023-08-30,0.014539515604765166,10000000.0,0.9594985614067011,-70528.25732640798,1.0,-70528.25732640798,EUR,,,,,,,-73505.32889075723,0.9594985614067011
Swap_20y,Swap,17,1,2024-09-02,InterestProjected,-74721.47077433932,EUR,0.014540394312844412,0.5138888888888888,2024-03-01,2024-09-02,-0.0,2024-02-28,0.014540394312844412,10000000.0,0.9523822213746563,-71163.40032044674,1.0,-71163.40032044674,EUR,,,,,,,-74721.47077433932,0.9523822213746563
Swap_20y,Swap,18,1,2025-03-03,InterestProjected,-73505.32889075723,EUR,0.014539515604765166,0.5055555555555555,2024-09-02,2025-03-03,-0.0,2024-08-29,0.014539515604765166,10000000.0,0.9454327865824714,-69494.34792184965,1.0,-69494.34792184965,EUR,,,,,,,-73505.32889075723,0.9454327865824714
Swap_20y,Swap,19,1,2025-09-01,InterestProjected,-73505.32889075723,EUR,0.014539515604765166,0.5055555555555555,2025-03-03,2025-09-01,-0.0,2025-02-27,0.014539515604765166,10000000.0,0.9385340610988466,-68987.25483624876,1.0,-68987.25483624876,EUR,,,,,,,-73505.32889075723,0.9385340610988466
Swap_20y,Swap,20,1,2026-03-02,InterestProjected,-73974.03890733178,EUR,0.014632227476175519,0.5055555555555555,2025-09-01,2026-03-02,-0.0,2025-08-28,0.014632227476175519,10000000.0,0.931642326527818,-68917.34571028591,1.0,-68917.34571028591,EUR,,,,,,,-73974.03890733178,0.931642326527818
Swap_20y,Swap,21,1,2026-09-01,InterestProjected,-77996.06371163615,EUR,0.015343487943272685,0.5083333333333333,2026-03-02,2026-09-01,-0.0,2026-02-26,0.015343487943272685,10000000.0,0.9244321198759254,-72102.06651892554,1.0,-72102.06651892554,EUR,,,,,,,-77996.06371163615,0.9244321198759254
Swap_20y,Swap,22,1,2027-03-01,InterestProjected,-77140.36839868488,EUR,0.015342835703605832,0.5027777777777778,2026-09-01,2027-03-01,-0.0,2026-08-28,0.015342835703605832,10000000.0,0.9173556049441266,-70765.14931798835,1.0,-70765.14931798835,EUR,,,,,,,-77140.36839868488,0.9173556049441266
Swap_20y,Swap,23,1,2027-09-01,InterestProjected,-78423.93861557716,EUR,0.015343814076960753,0.5111111111111111,2027-03-01,2027-09-01,-0.0,2027-02-25,0.015343814076960753,10000000.0,0.9102173222037921,-71382.82740334522,1.0,-71382.82740334522,EUR,,,,,,,-78423.93861557716,0.9102173222037921
Swap_20y,Swap,24,1,2028-03-01,InterestProjected,-78398.8086124321,EUR,0.015507456648612942,0.5055555555555555,2027-09-01,2028-03-01,-0.0,2027-08-30,0.015507456648612942,10000000.0,0.9031368370003098,-70804.85203482457,1.0,-70804.85203482457,EUR,,,,,,,-78398.8086124321,0.9031368370003098
Swap_20y,Swap,25,1,2028-09-01,InterestProjected,-85704.53759697116,EUR,0.016768279095059575,0.5111111111111111,2028-03-01,2028-09-01,-0.0,2028-02-28,0.016768279095059575,10000000.0,0.8954623186051531,-76745.18395156632,1.0,-76745.18395156632,EUR,,,,,,,-85704.53759697116,0.8954623186051531
Swap_20y,Swap,26,1,2029-03-01,InterestProjected,-84301.30767450805,EUR,0.016767110918686684,0.5027777777777778,2028-09-01,2029-03-01,-0.0,2028-08-30,0.016767110918686684,10000000.0,0.8879765600852036,-74857.58519949403,1.0,-74857.58519949403,EUR,,,,,,,-84301.30767450805,0.8879765600852036
Swap_20y,Swap,27,1,2029-09-03,InterestProjected,-86640.13268768978,EUR,0.01676905793955286,0.5166666666666667,2029-03-01,2029-09-03,-0.0,2029-02-27,0.01676905793955286,10000000.0,0.8803492029100408,-76273.57175162787,1.0,-76273.57175162787,EUR,,,,,,,-86640.13268768978,0.8803492029100408
Swap_20y,Swap,28,1,2030-03-01,InterestProjected,-83365.92952354005,EUR,0.016766332194678445,0.49722222222222223,2029-09-03,2030-03-01,-0.0,2029-08-30,0.016766332194678445,10000000.0,0.8730707673044245,-72784.35605616368,1.0,-72784.35605616368,EUR,,,,,,,-83365.92952354005,0.8730707673044245
Swap_20y,Swap,29,1,2030-09-02,InterestProjected,-86172.32429408483,EUR,0.016768668511281375,0.5138888888888888,2030-03-01,2030-09-02,-0.0,2030-02-27,0.016768668511281375,10000000.0,0.8656115910309209,-74591.76273503524,1.0,-74591.76273503524,EUR,,,,,,,-86172.32429408483,0.8656115910309209
Swap_20y,Swap,30,1,2031-03-03,InterestProjected,-83938.98323717064,EUR,0.016603315365594194,0.5055555555555555,2030-09-02,2031-03-03,-0.0,2030-08-29,0.016603315365594194,10000000.0,0.8584062165289303,-72053.74501990496,1.0,-72053.74501990496,EUR,,,,,,,-83938.98323717064,0.8584062165289303
Swap_20y,Swap,31,1,2031-09-01,InterestProjected,-77577.56612384315,EUR,0.015345013079441501,0.5055555555555555,2031-03-03,2031-09-01,-0.0,2031-02-27,0.015345013079441501,10000000.0,0.8517981736151505,-66080.42913779817,1.0,-66080.42913779817,EUR,,,,,,,-77577.56612384315,0.8517981736151505
Swap_20y,Swap,32,1,2032-03-01,InterestProjected,-77577.56612384092,EUR,0.015345013079441062,0.5055555555555555,2031-09-01,2032-03-01,-0.0,2031-08-28,0.015345013079441062,10000000.0,0.8452409996609724,-65571.7395417805,1.0,-65571.7395417805,EUR,,,,,,,-77577.56612384092,0.8452409996609724
Swap_20y,Swap,33,1,2032-09-01,InterestProjected,-78433.4014178123,EUR,0.015345665494789364,0.5111111111111111,2032-03-01,2032-09-01,-0.0,2032-02-26,0.015345665494789364,10000000.0,0.8386630798612668,-65779.19799705752,1.0,-65779.19799705752,EUR,,,,,,,-78433.4014178123,0.8386630798612668
Swap_20y,Swap,34,1,2033-03-01,InterestProjected,-77149.67573051457,EUR,0.015344686885627207,0.5027777777777778,2032-09-01,2033-03-01,-0.0,2032-08-30,0.015344686885627207,10000000.0,0.8322423570636012,-64207.22797665595,1.0,-64207.22797665595,EUR,,,,,,,-77149.67573051457,0.8322423570636012
Swap_20y,Swap,35,1,2033-09-01,InterestProjected,-78433.4014178123,EUR,0.015345665494789364,0.5111111111111111,2033-03-01,2033-09-01,-0.0,2033-02-25,0.015345665494789364,10000000.0,0.8257655966119924,-64767.60451608767,1.0,-64767.60451608767,EUR,,,,,,,-78433.4014178123,0.8257655966119924
Swap_20y,Swap,36,1,2034-03-01,InterestProjected,-77149.67573051457,EUR,0.015344686885627207,0.5027777777777778,2033-09-01,2034-03-01,-0.0,2033-08-30,0.015344686885627207,10000000.0,0.8194436156890077,-63219.80922984735,1.0,-63219.80922984735,EUR,,,,,,,-77149.67573051457,0.8194436156890077
Swap_20y,Swap,37,1,2034-09-01,InterestProjected,-78433.40141781008,EUR,0.01534566549478893,0.5111111111111111,2034-03-01,2034-09-01,-0.0,2034-02-27,0.01534566549478893,10000000.0,0.8130664588940284,-63771.567949792705,1.0,-63771.567949792705,EUR,,,,,,,-78433.40141781008,0.8130664588940284
Swap_20y,Swap,38,1,2035-03-01,InterestProjected,-77149.67573051457,EUR,0.015344686885627207,0.5027777777777778,2034-09-01,2035-03-01,-0.0,2034-08-30,0.015344686885627207,10000000.0,0.8068417013316689,-62247.575623594945,1.0,-62247.575623594945,EUR,,,,,,,-77149.67573051457,0.8068417013316689
Swap_20y,Swap,39,1,2035-09-03,InterestProjected,-79289.30939334001,EUR,0.015346317947098063,0.5166666666666667,2035-03-01,2035-09-03,-0.0,2035-02-27,0.015346317947098063,10000000.0,0.8004946346561728,-63470.66675496196,1.0,-63470.66675496196,EUR,,,,,,,-79289.30939334001,0.8004946346561728
Swap_20y,Swap,40,1,2036-03-03,InterestProjected,-76234.92802282472,EUR,0.015079436312207088,0.5055555555555555,2035-09-03,2036-03-03,-0.0,2035-08-30,0.015079436312207088,10000000.0,0.7944382404482575,-60563.94207915243,1.0,-60563.94207915243,EUR,,,,,,,-76234.92802282472,0.7944382404482575
