Tenor,Date,EUR,GBP,USD,BANK_EUR_BORROW,BANK_EUR_LEND,EUR-EONIA,EUR-EURIBOR-3M,EUR-EURIBOR-6M,GBP-LIBOR-3M,GBP-LIBOR-6M,GBP-SONIA,USD-FedFunds,USD-LIBOR-3M
1M,2016-03-07,0.999978818208145,0.9994965248477945,0.9993828190712655,1.000230013369584,0.9997204369644989,1.0001450659347606,1.0000333055147128,0.999978818208145,0.9994965248477945,0.9994965248477945,0.9995136640349764,0.999616069994017,0.9993828190712655
2M,2016-04-05,0.9999590033896893,0.9988926248993456,0.9985015010630864,1.0004976481269183,0.9995113424033248,1.0003331962770636,1.000043112763312,0.9999590033896893,0.9988926248993456,0.9988926248993456,0.9990758685076013,0.9992158469024562,0.9985015010630864
3M,2016-05-05,0.999938505714809,0.998346000520617,0.9980016022163253,1.0008128141175119,0.9993332542819894,1.0005660687770352,1.000038071905538,0.999938505714809,0.998346000520617,0.998346000520617,0.9986055909273724,0.9987951466660404,0.9980016022163253
4M,2016-06-06,0.9999166419913927,0.9973757477659242,0.9973189549762194,1.0011501618875136,0.9991443877510947,1.0008155867929038,1.0003221414571395,0.9999166419913927,0.9976709713840403,0.9973757477659242,0.9981570247469215,0.9983060311134999,0.9973189549762194
5M,2016-07-05,0.9998968284049735,0.9964972707232471,0.9966665249092513,1.0015123069488658,0.9990294440778712,1.00109806837029,1.0004274900424575,0.9998968284049735,0.997059620478393,0.9964972707232471,0.9977195275101005,0.9978544977042708,0.9966665249092513
6M,2016-08-05,0.9998756487984779,0.9955590646754773,0.9959695716351286,1.0017961705328526,0.9988034949093747,1.00129676928971,1.0004782415171485,0.9998756487984779,0.9964065217028643,0.9955590646754773,0.9972893348004179,0.9973720498987034,0.9959695716351286
7M,2016-09-05,0.9999248500461593,0.9953203637792356,0.9952397363714003,1.0022097231181128,0.9987067523740135,1.0016250425797826,1.0007997542233817,0.9999248500461593,0.9957538507232283,0.9953203637792356,0.9968383700731315,0.9968687647894593,0.9952397363714003
8M,2016-10-05,0.9999825577292821,0.9947158403382541,0.9945291727468525,1.0025637045240605,0.9985669311169051,1.001896466437002,1.0009393051008384,0.9999825577292821,0.9951226407008951,0.9947158403382541,0.9964376398885836,0.9963770651379853,0.9945291727468525
9M,2016-11-07,1.0000460400273679,0.9941275713335267,0.9937481386954445,1.0030776130102703,0.998536971823068,1.0023194081452487,1.0009766360623806,1.0000460400273679,0.994428771811033,0.9941275713335267,0.9960555871279402,0.9958364756365508,0.9937481386954445
10M,2016-12-05,1.000099906955836,0.9933247216248509,0.9930457793476606,1.0034440654963628,0.998442102794789,1.0026086682418376,1.001139594944829,1.000099906955836,0.9938404139940267,0.9933247216248509,0.9958272817955264,0.9953725075714661,0.9930457793476606
11M,2017-01-05,1.0001595487254136,0.9924254009635987,0.9922653300634774,1.0038277734594188,0.9983150380057394,1.002906874747147,1.0013325187524875,1.0001595487254136,0.9931894238785719,0.9924254009635987,0.9952437030760508,0.994857046148752,0.9922653300634774
12M,2017-02-06,1.0002211181537826,0.9914399846548583,0.9914603483552242,1.0041927925413026,0.9981528586357011,1.0031836047663094,1.0015317049043309,1.0002211181537826,0.9925178813483186,0.9914399846548583,0.9950714194381918,0.9943252369274994,0.9914603483552242
13M,2017-03-06,1.0002749945127376,0.9908243809288833,0.9907254061524303,1.004576596568436,0.9980748605714271,1.003490040069722,1.001696627848633,1.0002749945127376,0.9919988390444451,0.9908243809288833,0.9947359814551288,0.9938095921310528,0.9907254061524303
14M,2017-04-05,1.000332722403405,0.9901652296712309,0.9899345748634619,1.0050002903456525,0.9980035246557524,1.0038307655479872,1.0018721526912147,1.000332722403405,0.9914430234972207,0.9901652296712309,0.9943767090948087,0.993239371190095,0.9899345748634619
15M,2017-05-05,1.0003904536256656,0.9895065169175039,0.9891443748433837,1.005424162821455,0.9979321938387063,1.0041716067163413,1.0020477082905839,1.0003904536256656,0.9908875193726617,0.9895065169175039,0.9940175664941749,0.9926694774264194,0.9891443748433837
16M,2017-06-05,1.0004501127222294,0.9888263074348526,0.9883091275571853,1.005812059406916,0.9978085980884794,1.004473704972472,1.0022238109290365,1.0004501127222294,0.9903138254254151,0.9888263074348526,0.9936465887434973,0.9920720747690693,0.9883091275571853
17M,2017-07-05,1.0005078507193224,0.988168485406357,0.9874987205241417,1.0061782227709324,0.997679720038545,1.0047567949677287,1.0023934969965331,1.0005078507193224,0.9897589539889395,0.988168485406357,0.993287709843048,0.9914922298261524,0.9874987205241417
18M,2017-08-07,1.000571366364796,0.987445386614496,0.9866080402972017,1.0065811564357083,0.9975379734096992,1.0050682861127649,1.0025801848535074,1.000571366364796,0.9891489544843112,0.987445386614496,0.9928930927590551,0.9908547918188865,0.9866080402972017
19M,2017-09-05,1.0006271864728282,0.9868344050616086,0.9858259845254758,1.006946766492599,0.9974247008002044,1.0053534660934522,1.0027442725820133,1.0006271864728282,0.9886132046781584,0.9868344050616086,0.9925464374730792,0.9903430597327282,0.9858259845254758
20M,2017-10-05,1.000684934689205,0.9862027529999372,0.9850176136535086,1.0073264828460975,0.9973088815641418,1.0056499220636486,1.0029140467686406,1.000684934689205,0.9880592860970835,0.9862027529999372,0.9921879559182082,0.9898219175706457,0.9850176136535086
21M,2017-11-06,1.0007465364601273,0.9855294364309422,0.9841560819945026,1.0077316714514681,0.9971853558691256,1.0059662381200527,1.0030951709172036,1.0007465364601273,0.98746878169181,0.9855294364309422,0.9918057183010621,0.9892663348648318,0.9841560819945026
22M,2017-12-05,1.0008023663405898,0.9849196403716873,0.983375969819488,1.0081481827396648,0.9971220545048772,1.0063020637839923,1.0032593429311307,1.0008023663405898,0.9869339419126493,0.9849196403716873,0.9914594426572717,0.9886106654733918,0.983375969819488
23M,2018-01-05,1.0008620500019028,0.9842682066464756,0.9825427406049307,1.008602022751523,0.9970627091523432,1.006669571130506,1.0034348668657915,1.0008620500019028,0.9863625369673472,0.9842682066464756,0.9910894196251614,0.9878584507662944,0.9825427406049307
24M,2018-02-05,1.0009217372224992,0.9836172037847384,0.9817102173979892,1.0090560670694149,0.9970033673318448,1.0070372126928329,1.003610421509014,1.0009217372224992,0.9857914628482511,0.9836172037847384,0.9907195346895161,0.9871068084047981,0.9817102173979892
25M,2018-03-05,1.0008992857387216,0.9828998199629404,0.9808171681928375,1.009354957381618,0.9968397625348968,1.0072582329160138,1.0036857735186788,1.0008992857387216,0.9851464320207526,0.9828998199629404,0.9902938654351249,0.9864520927393375,0.9808171681928375
26M,2018-04-05,1.0008603390449444,0.9821061838747593,0.979803264446693,1.009644856369246,0.9966180719357663,1.0074619608028204,1.0037538452962682,1.0008603390449444,0.9844327830514749,0.9821061838747593,0.9898228020920388,0.9857382217008449,0.979803264446693
27M,2018-05-07,1.0008201375958061,0.9812876187735735,0.9787577534824748,1.0099441942720468,0.9963892817406502,1.007672303778283,1.003824117780198,1.0008201375958061,0.9836966554010721,0.9812876187735735,0.9893367781905704,0.9850018644370622,0.9787577534824748
28M,2018-06-05,1.0007837064273133,0.9805463834787912,0.9778112228463187,1.0102155459028999,0.9961819859940569,1.0078629650332525,1.0038878064682837,1.0007837064273133,0.9830300151934837,0.9805463834787912,0.9888965251698998,0.9843350158089269,0.9778112228463187
29M,2018-07-05,1.0007460204071545,0.9797801775416821,0.976833016467305,1.0104963312078687,0.9959675875017692,1.0080602387766666,1.0039536955702362,1.0007460204071545,0.9823408627996753,0.9797801775416821,0.9884412971711467,0.9836456474746244,0.976833016467305
30M,2018-08-06,1.000705823549841,0.9789635511184526,0.9757906749422403,1.010795921554577,0.9957389466361353,1.0082707066636138,1.0040239820456194,1.000705823549841,0.9816062994209691,0.9789635511184526,0.9879559516177726,0.9829108533867412,0.9757906749422403
31M,2018-09-05,1.0006681404624795,0.9781985820178382,0.9748144899276809,1.0110768681725992,0.9955246434948694,1.008468060216209,1.0040898800853104,1.0006681404624795,0.9809181451219469,0.9781985820178382,0.9875011566020516,0.9822224824491187,0.9748144899276809
32M,2018-10-05,1.0006304587941317,0.9774342106695347,0.973839281492635,1.0113578928785922,0.9953103864759696,1.0086654523977403,1.0041557824501484,1.0006304587941317,0.980230473252937,0.9774342106695347,0.9870465709463795,0.9815345936046037,0.973839281492635
33M,2018-11-05,1.0005915225608681,0.9766449877521479,0.9728325910230267,1.011648367133591,0.9950890360000039,1.008869464908531,1.0042238861045902,1.0005915225608681,0.979520385448572,0.9766449877521479,0.986577052277507,0.980824281238894,0.9728325910230267
34M,2018-12-05,1.000553843777683,0.9758818303934835,0.9718593652878167,1.0119295506853974,0.9948748727326391,1.0090669356588848,1.0042897972647702,1.000553843777683,0.9788336934778461,0.9758818303934835,0.9861228920234332,0.9801373716094062,0.9718593652878167
35M,2019-01-07,1.0005123987549507,0.9750430460497854,0.970789941471567,1.0122389428608887,0.9946393463747191,1.0092841981274816,1.0043623045375187,1.0005123987549507,0.9780788883196521,0.9750430460497854,0.985623557213605,0.9793823266394956,0.970789941471567
36M,2019-02-05,1.000475978788556,0.9743065277183227,0.9698511162948513,1.0125109110443944,0.9944324146968335,1.0094751643683064,1.0044260273714352,1.000475978788556,0.9774160552099049,0.9743065277183227,0.985184956569342,0.9787192824519471,0.9698511162948513
37M,2019-03-05,1.0002882326133156,0.9734675305397491,0.9688085177615899,1.0126723327715847,0.9941332752282352,1.0095586535491285,1.004361641410392,1.0002882326133156,0.976672103825815,0.9734675305397491,0.9846793208312723,0.9778956370069977,0.9688085177615899
38M,2019-04-05,1.0000343537794054,0.9725394835192949,0.9676142032543412,1.0128137141774893,0.9937655272805969,1.0096138485804929,1.0042523476912575,1.0000343537794054,0.9758491038536968,0.9725394835192949,0.984119812539049,0.9769032018922392,0.9676142032543412
39M,2019-05-06,0.9997805393813852,0.9716123212446028,0.9664213610577878,1.012955115321962,0.9933979153696008,1.009669046629504,1.0041430658653663,0.9997805393813852,0.9750267973885923,0.9716123212446028,0.9835606221671095,0.9759117739682481,0.9664213610577878
40M,2019-06-05,0.9995349738807371,0.9707159090317319,0.9652683977680828,1.013091973935535,0.9930422913849508,1.0097224669696458,1.0040373205823974,0.9995349738807371,0.9742316766991029,0.9707159090317319,0.9830197727265692,0.9749532856071741,0.9652683977680828
41M,2019-07-05,0.9992894686957409,0.9698203238512461,0.9641168099905519,1.013228851039839,0.9926867947092237,1.009775890136192,1.0039315864353564,0.9992894686957409,0.9734372044193931,0.9698203238512461,0.9824792206933373,0.9739957386221167,0.9641168099905519
42M,2019-08-05,0.999035843353785,0.9688957538643795,0.9629282792626074,1.01337031014248,0.992319581840991,1.0098310970444098,1.0038223395144128,0.999035843353785,0.9726169303591863,0.9688957538643795,0.9819209625281805,0.9730072613899325,0.9629282792626074
43M,2019-09-05,0.9987822823833812,0.9679720653084747,0.9617412137153097,1.0135117889945364,0.991952504811465,1.0098863069709236,1.0037131044816197,0.9987822823833812,0.9717973475089833,0.9679720653084747,0.9813630215729683,0.9720197873317868,0.9617412137153097
44M,2019-10-07,0.9985206095293107,0.9670195039961159,0.9605173906548921,1.0136578523987614,0.9915737290163885,1.0099433010288972,1.0036003582062885,0.9985206095293107,0.9709520509000974,0.9670195039961159,0.9807874150551906,0.9710015104290707,0.9605173906548921
45M,2019-11-05,0.9982835277225204,0.9661570550257222,0.9594096462291085,1.0137902405411878,0.9912305883849429,1.0099949546722653,1.0034981928336877,0.9982835277225204,0.9701866359630934,0.9661570550257222,0.9802660632753393,0.9700796184296351,0.9594096462291085
46M,2019-12-05,0.9980383299169843,0.9652656758565419,0.9582650480792081,1.0139272119870848,0.9908757402761494,1.0100483922557986,1.0033925154616405,0.9980383299169843,0.9693954623574177,0.9652656758565419,0.9797270254774098,0.9691268580998779,0.9582650480792081
47M,2020-01-06,0.9977768519724237,0.9643157778461321,0.9570456484661863,1.0140733352604667,0.990497375642233,1.0101053954612356,1.003279805197813,0.9977768519724237,0.9685522549756518,0.9643157778461321,0.9791523785331996,0.968111611797008,0.9570456484661863
48M,2020-02-05,0.9975317786162836,0.9634260974443664,0.9559038706209144,1.014210344954802,0.9901427900143983,1.0101588388880545,1.0031741508239451,0.9975317786162836,0.9677624141847675,0.9634260974443664,0.978613953138569,0.9671607843381335,0.9559038706209144
49M,2020-03-05,0.9971581235214493,0.9624452400578839,0.954657374381866,1.0142234371367724,0.9896836646369689,1.010091621727041,1.002916685703183,0.9971581235214493,0.9667767650771096,0.9624452400578839,0.9778939911937704,0.9661517312908112,0.954657374381866
50M,2020-04-06,0.9967145424003839,0.9613640735283749,0.9532507471277337,1.0142035251553,0.989143780835408,1.009983240506929,1.0025969653922933,0.9967145424003839,0.9656903172379596,0.9613640735283749,0.977100165109076,0.965007671612104,0.9532507471277337
51M,2020-05-05,0.9963127174550973,0.9603853154740515,0.9519777814893845,1.0141854802597612,0.9886547655357746,1.0098850300711257,1.0023073069000974,0.9963127174550973,0.9647067785248331,0.9603853154740515,0.9763813168514165,0.9639720377441334,0.9519777814893845
52M,2020-06-05,0.995883359581876,0.9593401587576917,0.9506189048661864,1.0141661912437028,0.9881322923852429,1.0097800570623825,1.0019977645003169,0.995883359581876,0.96365651725478,0.9593401587576917,0.9756134776620896,0.9628662098679797,0.9506189048661864
53M,2020-07-06,0.9954541867390976,0.9582961394520609,0.9492619679370788,1.014146902594506,0.9876100953454456,1.0096750949651117,1.0016883176964646,0.9954541867390976,0.9626073993878415,0.9582961394520609,0.974846242311663,0.9617616505507091,0.9492619679370788
54M,2020-08-05,0.9950390342800912,0.9572868799891626,0.947950647406187,1.0141282365090944,0.9871050061282052,1.009573529130053,1.0013889440398243,0.9950390342800912,0.9615932115323138,0.9572868799891626,0.974104330976453,0.9606939286454854,0.947950647406187
55M,2020-09-07,0.9945825665475102,0.9561779222245681,0.946510286976066,1.0141077042119562,0.986549706338699,1.009461818511819,1.0010597363584133,0.9945825665475102,0.960478839002576,0.9561779222245681,0.9732888806447436,0.9595208035853915,0.946510286976066
56M,2020-10-05,0.9941954248103448,0.95523799585966,0.9452898793805301,1.014090283194926,0.9860787878628342,1.009367043438394,1.000780493502665,0.9941954248103448,0.9595343235981654,0.95523799585966,0.972597518743723,0.9585265482136319,0.9452898793805301
57M,2020-11-05,0.9937669793778171,0.9541984408071111,0.9439405492341623,1.0140709959894412,0.9855576760360099,1.0092621242720325,1.0004714226284135,0.9937669793778171,0.9584896934993671,0.9541984408071111,0.9718326551833041,0.9574269671723306,0.9439405492341623
58M,2020-12-07,0.9933249067913417,0.9531265383509795,0.9425497125439904,1.0140510870008055,0.9850200430086011,1.0091538320556743,1.00015248184416,0.9933249067913417,0.9574125585350541,0.9531265383509795,0.9710437495160338,0.9562932388427385,0.9425497125439904
59M,2021-01-05,0.992924448375874,0.952156166873734,0.9412910370064997,1.0140330448174744,0.9845330664124684,1.0090557022712743,0.9998635295833245,0.992924448375874,0.9564374505745167,0.952156166873734,0.9703293569364636,0.955266957192353,0.9412910370064997
60M,2021-02-05,0.9924965506666958,0.9511199656774045,0.939947414906609,1.0140137587006186,0.9840127714511304,1.0089508154674274,0.9995547418948885,0.9924965506666958,0.9553961919932275,0.9511199656774045,0.9695662770885074,0.9541711154157554,0.939947414906609
61M,2021-03-05,0.9918468958953656,0.9499739960863297,0.9385936376167311,1.0137654717577633,0.9833191300404489,1.0086263911673816,0.999101889337287,0.9918468958953656,0.954263567615438,0.9499739960863297,0.9687174420082771,0.9530531338572371,0.9385936376167311
62M,2021-04-06,0.991054842280315,0.9486660071547234,0.9370218822488179,1.0134244554987801,0.9824714126657592,1.008198709723269,0.9985514668948018,0.991054842280315,0.9529707838199795,0.9486660071547234,0.9677482546999878,0.9517368102603393,0.9370218822488179
63M,2021-05-05,0.9903375900445636,0.9474821978393984,0.9355997525406541,1.0131155086007213,0.9817038000680185,1.0078112800586714,0.9980529084878685,0.9903375900445636,0.9518007113687904,0.9474821978393984,0.9668707662885642,0.9505454624533185,0.9355997525406541
64M,2021-06-07,0.9895220378757494,0.9461369013018535,0.9339840923050411,1.0127640629018564,0.9808310393756333,1.0073705929167769,0.997485886186987,0.9895220378757494,0.9504709970490144,0.9461369013018535,0.9658732127845467,0.9491916047173942,0.9339840923050411
65M,2021-07-05,0.9888305809233887,0.944996935622431,0.9326154172287023,1.0124659621594954,0.9800911236501059,1.0069968276736725,0.9970050289884067,0.9888305809233887,0.9493442115011322,0.944996935622431,0.9650276109051907,0.9480443892291306,0.9326154172287023
66M,2021-08-05,0.9880656028854229,0.943736432822141,0.9311024378031394,1.0121360244002477,0.9792725823075628,1.0065831779142649,0.996472921762597,0.9880656028854229,0.9480982570216292,0.943736432822141,0.9640922723313956,0.94677587507493,0.9311024378031394
67M,2021-09-06,0.9872765688763322,0.9424370321926812,0.929543227090386,1.0117955562641368,0.9784283534532484,1.0061563628408938,0.9959239476636382,0.9872765688763322,0.9468138256498617,0.9424370321926812,0.9631277124361735,0.9454682214079295,0.929543227090386
68M,2021-10-05,0.9865620510755794,0.9412609958116971,0.928132447829719,1.011487105943167,0.9776638997292877,1.0057697180074612,0.9954267011287973,0.9865620510755794,0.9456513128083274,0.9412609958116971,0.9622544136187597,0.944284720381134,0.928132447829719
69M,2021-11-05,0.9857988280152058,0.9400054762684057,0.9266267411130785,1.0111574871690887,0.9768473855279753,1.0053565723148035,0.9948954362654978,0.9857988280152058,0.9444102050257471,0.9400054762684057,0.9613217629249439,0.9430212367858428,0.9266267411130785
70M,2021-12-06,0.9850361953986257,0.9387516314246191,0.9251234771003018,1.0108279758096634,0.9760315532536944,1.0049435963323292,0.9943644549412621,0.9850361953986257,0.9431707261189557,0.9387516314246191,0.9603900161888593,0.9417594437725987,0.9251234771003018
71M,2022-01-05,0.9842987255850885,0.9375398256216289,0.9236710275218841,1.0105091960890158,0.975242686898479,1.004544103676778,0.9938508718712611,0.9842987255850885,0.9419727792958122,0.9375398256216289,0.9594891856620169,0.9405399612884265,0.9236710275218841
72M,2022-02-07,0.9834881464770332,0.9362086459075452,0.9220759666575535,1.0101586545094878,0.9743756703069143,1.004104845177974,0.9932862368671355,0.9834881464770332,0.9406567951002683,0.9362086459075452,0.95849924798617,0.9392003543439571,0.9220759666575535
73M,2022-03-07,0.9828009058796374,0.9349077094703112,0.920690014374086,1.0096642960315827,0.9734506664200534,1.0035364627835084,0.992624735639943,0.9828009058796374,0.9395416443113154,0.9349077094703112,0.9574713900572862,0.938065214517887,0.920690014374086
74M,2022-04-05,0.9820896272329193,0.9335622167375699,0.9192539974853281,1.0091280646901588,0.9724699691479469,1.0029237984038186,0.9919255320072871,0.9820896272329193,0.9383880603679055,0.9335622167375699,0.9564079848886317,0.9368909802925106,0.9192539974853281
75M,2022-05-05,0.981354363434842,0.9321723653746771,0.9177708196944837,1.0085736423026586,0.9714564944050376,1.0022904012673346,0.9912027361864089,0.981354363434842,0.9371961881387713,0.9321723653746771,0.955309153411179,0.9356778019722924,0.9177708196944837
76M,2022-06-06,0.980570688782614,0.9306921378496237,0.9161914009572312,1.0079825941595708,0.9703766188287878,1.0016152185624172,0.9904323344936479,0.980570688782614,0.9359265262902958,0.9306921378496237,0.9541384579821951,0.9343854765750244,0.9161914009572312
77M,2022-07-05,0.9798610242021722,0.9293527120483265,0.9147624006372878,1.0074472559677359,0.9693990184882371,1.0010037271126035,0.9897346751856401,0.9798610242021722,0.9347773810454022,0.9293527120483265,0.9530787544982408,0.9332158485051326,0.9147624006372878
78M,2022-08-05,0.9791029851829164,0.9279230436447246,0.9132373131902745,1.0068753123024368,0.9683550865132263,1.0003504766586555,0.9889894448704508,0.9791029851829164,0.9335505446133244,0.9279230436447246,0.9519472694824649,0.9319671754195658,0.9132373131902745
79M,2022-09-05,0.9783455325969818,0.9264955745694484,0.9117147683616716,1.0063036933385592,0.9673122787336685,0.9996976525129659,0.9882447756836493,0.9783455325969818,0.9323253183267869,0.9264955745694484,0.950817127753731,0.9307201730991034,0.9117147683616716
80M,2022-10-05,0.9776130719007458,0.9251162437504169,0.9102437548009822,1.0057508226814713,0.9663041791582527,0.9990662928508867,0.9875246619545235,0.9776130719007458,0.9311411465514163,0.9251162437504169,0.9497247196958888,0.9295149853451974,0.9102437548009822
81M,2022-11-07,0.9768079984903607,0.9236013515178167,0.9086283810353559,1.005143015784895,0.9651964830338616,0.9983722577524974,0.9867331429033682,0.9768079984903607,0.9298402947013253,0.9236013515178167,0.9485245203987527,0.9281910812256414,0.9086283810353559
82M,2022-12-05,0.9761254258382874,0.9223179339196987,0.9072600091862018,1.0046275889031036,0.9642576154795165,0.9977837575933916,0.9860620485147236,0.9761254258382874,0.928737966898414,0.9223179339196987,0.9475073589861788,0.9270692474682017,0.9072600091862018
83M,2023-01-05,0.9753702767485728,0.9208990874568804,0.9057474296899052,1.004057246007181,0.9632192202080664,0.9971326084768244,0.9853195835393774,0.9753702767485728,0.9275190568169887,0.9208990874568804,0.9463824882722212,0.9258287987342625,0.9057474296899052
84M,2023-02-06,0.9745913807749013,0.9194367611450482,0.9041887023573597,1.0034688445797437,0.9621485012242849,0.9964609002664081,0.984553754463895,0.9745913807749013,0.926262505013771,0.9194367611450482,0.9452227321355459,0.9245500764351928,0.9041887023573597
85M,2023-03-06,0.9735385227263186,0.9180364574986609,0.90273154588033,1.0027976342958929,0.9610624758443835,0.9957179907507553,0.9835894540201422,0.9735385227263186,0.9248300408814294,0.9180364574986609,0.9440282431940789,0.9232512717491175,0.90273154588033
86M,2023-04-05,0.9723639810283335,0.9165384986823314,0.9011606597138874,1.0020510294779008,0.9598734647713582,0.9948948813399332,0.9825194806751884,0.9723639810283335,0.9232977161017755,0.9165384986823314,0.9427501086348263,0.9217970504951181,0.9011606597138874
87M,2023-05-05,0.9711908563756612,0.915042984083328,0.8995925071212953,1.0013049805235597,0.9586859247237521,0.9940724523517894,0.9814506712741485,0.9711908563756612,0.9217679301877796,0.915042984083328,0.9414737045618843,0.9203451197978936,0.8995925071212953
88M,2023-06-05,0.9699801144367389,0.9135001825474328,0.897974949494054,1.000534646796784,0.9574603434686594,0.9932233232883974,0.9803474563358725,0.9699801144367389,0.9201898141611242,0.9135001825474328,0.9401565691698169,0.9188471939355688,0.897974949494054
89M,2023-07-05,0.968809865839455,0.912009625564659,0.8964123405075733,0.9997897268225852,0.9562757888960061,0.9924022760922627,0.9792810097175345,0.968809865839455,0.9186651776420937,0.912009625564659,0.9388836765303992,0.9173999095835339,0.8964123405075733
90M,2023-08-07,0.9675242230218791,0.9103728218521918,0.894696611081938,0.9989709554087475,0.954974471462518,0.9914999080741423,0.9781092583128712,0.9675242230218791,0.9169909949868711,0.9103728218521918,0.9374854850516978,0.9158105296311171,0.894696611081938
91M,2023-09-05,0.9663958241985021,0.9089368438429968,0.89319156001965,0.9982519825724208,0.9538323514474449,0.9907075953698744,0.9770806948693678,0.9663958241985021,0.9155222624701299,0.9089368438429968,0.9362584903422019,0.9144160751058835,0.89319156001965
92M,2023-10-05,0.9652298999276258,0.9074537328536673,0.8916372748370602,0.9975087620917683,0.952652285368302,0.989888627798035,0.9760178019163107,0.9652298999276258,0.9140053594856953,0.9074537328536673,0.9349908753724939,0.9129757702483571,0.8916372748370602
93M,2023-11-06,0.9639877977698729,0.905874415068545,0.8899823516916388,0.9967166034769642,0.9513951573720134,0.9890158085775184,0.9748853238375143,0.9639877977698729,0.9123900997638288,0.905874415068545,0.9336406443631221,0.9114419455214829,0.8899823516916388
94M,2023-12-05,0.9628635233890663,0.904445532628399,0.8884852309165737,0.9959992531280517,0.950257318106201,0.9882254809300051,0.9738601506299353,0.9628635233890663,0.9109287364409587,0.904445532628399,0.9324186818373335,0.9100541427999614,0.8884852309165737
95M,2024-01-05,0.9616631627786133,0.9029205988480798,0.8868876452868765,0.9952330012552939,0.9490425119569177,0.9873813463047502,0.9727654679348061,0.9616631627786133,0.9093691776940781,0.9029205988480798,0.9311142145536251,0.9085729662203375,0.8868876452868765
96M,2024-02-05,0.9604642986061913,0.9013982361712164,0.885292932276504,0.9944673388829103,0.9478292588122281,0.9865379327328169,0.9716720157348381,0.9604642986061913,0.9078122889952349,0.9013982361712164,0.9298115722386001,0.907094200358886,0.885292932276504
97M,2024-03-05,0.9593441335925881,0.8999005537409791,0.8836683701745784,0.9936286413591144,0.9465785409111973,0.9856276093314321,0.9707102562256076,0.9593441335925881,0.9063582578921665,0.8999005537409791,0.9285591166224761,0.9057130177107534,0.8836683701745784
98M,2024-04-05,0.9581481604542761,0.8983023345168434,0.8819119672206684,0.9926911021021142,0.9452036076749455,0.9846139911546486,0.9696934786405058,0.9581481604542761,0.9048065240491593,0.8983023345168434,0.9272221502912803,0.9042389066149386,0.8819119672206684
99M,2024-05-06,0.9569536782843221,0.8967069537226628,0.8801590553403791,0.9917544474611784,0.9438306715697529,0.9836014153815058,0.9686777660865509,0.9569536782843221,0.9032574468575354,0.8967069537226628,0.9258871089629612,0.9027671947377285,0.8801590553403791
100M,2024-06-05,0.9557991456469925,0.8951657346402515,0.8784660064358241,0.9908488489722116,0.9425039225284253,0.9826224948403627,0.9676958314544363,0.9557991456469925,0.901760865099759,0.8951657346402515,0.9245969637324237,0.9013452381348268,0.8784660064358241
101M,2024-07-05,0.9546460059147125,0.8936271645350229,0.8767762142319482,0.9899440774103386,0.941179038507034,0.9816445485611625,0.9667148921952471,0.9546460059147125,0.9002667629860369,0.8936271645350229,0.9233086162099435,0.8999255212683624,0.8767762142319482
102M,2024-08-05,0.9534558897304448,0.8920400868211216,0.875033510312048,0.9890100147271841,0.9398119482072037,0.9806350265589968,0.9657022995835339,0.9534558897304448,0.8987254581083071,0.8920400868211216,0.9219792097014319,0.898460829726596,0.875033510312048
103M,2024-09-05,0.9522672572129219,0.8904558277499047,0.8732942702372011,0.9880768333797693,0.9384468436463366,0.979626542747971,0.9646907676193865,0.9522672572129219,0.8971867920270137,0.8904558277499047,0.9206517173109452,0.8969985220724535,0.8732942702372011
104M,2024-10-07,0.9510418359790478,0.8888234147353895,0.8715025515973939,0.9871144729661854,0.937039783252837,0.9785866150355386,0.963647716935109,0.9510418359790478,0.8956012546194789,0.8888234147353895,0.9192834073959782,0.8954915395675946,0.8715025515973939
105M,2024-11-05,0.9499326601432747,0.8873466255001599,0.8698819820262241,0.9862431434887009,0.9357664571306492,0.9776451341281611,0.9627034264236266,0.9499326601432747,0.8941667817709068,0.8873466255001599,0.9180451332114242,0.8941280236554536,0.8698819820262241
106M,2024-12-05,0.948786598129733,0.8858214945236947,0.8682087018073527,0.9853425775242287,0.9344510440090992,0.976672141522843,0.9617275478931636,0.948786598129733,0.8926852620794128,0.8858214945236947,0.9167659151096003,0.8927196746874279,0.8682087018073527
107M,2025-01-06,0.9475656559677959,0.8841975773218143,0.866427417116399,0.9843828802027316,0.9330499747182903,0.9756353500705808,0.9606877011250702,0.9475656559677959,0.8911076799206473,0.8841975773218143,0.9154033804314354,0.8912198807653723,0.866427417116399
108M,2025-02-05,0.9464224496657011,0.8826778587859728,0.8647607820002517,0.9834840128962542,0.9317383801741025,0.9746643576849313,0.9597138659061694,0.9464224496657011,0.889631228768627,0.8826778587859728,0.9141278433882594,0.8898161124389659,0.8647607820002517
109M,2025-03-05,0.9453567015316147,0.881247800203288,0.8631797357795007,0.9825184138729641,0.9303952504854304,0.9736327254298252,0.9585685884643068,0.9453567015316147,0.8882554148721085,0.881247800203288,0.9129492308947147,0.8885079236301672,0.8631797357795007
110M,2025-04-07,0.9441021818407791,0.8795653481554255,0.8613128066634853,0.9813407054045703,0.9287760542425869,0.9723777503282666,0.9571598591436553,0.9441021818407791,0.8866366512080678,0.8795653481554255,0.9115621026250512,0.8869685985587026,0.8613128066634853
111M,2025-05-05,0.9430390465157039,0.8781403322646997,0.8597319124773363,0.9803425447242623,0.927404400801454,0.9713141915945539,0.9559661973159549,0.9430390465157039,0.8852654684230579,0.8781403322646997,0.9103867982181605,0.8856645961045214,0.8597319124773363
112M,2025-06-05,0.9418634002293307,0.8765653289601915,0.8579850211882262,0.9792386224783547,0.9258881472674458,0.9701380370105621,0.9546463794562385,0.9418634002293307,0.8837498465644427,0.8765653289601915,0.9090873358500424,0.8842231152129383,0.8579850211882262
113M,2025-07-07,0.9406513671563591,0.8749424820710553,0.8561855015957179,0.9781003936975446,0.9243255825126638,0.9689254357840142,0.9532858980709675,0.9406513671563591,0.8821880553598874,0.8749424820710553,0.9077479008441717,0.8827375957474893,0.8561855015957179
114M,2025-08-05,0.9395543094593518,0.8734743724151726,0.8545579472818984,0.9770700167018288,0.9229117861228597,0.9678278251566008,0.9520546366038223,0.9395543094593518,0.8807750662576266,0.8734743724151726,0.9065357425999546,0.8813934995669401,0.8545579472818984
115M,2025-09-05,0.9383830074450364,0.8719077378211219,0.8528215689848023,0.9759697795112152,0.9214028777587445,0.9666558921786588,0.9507402190895384,0.9383830074450364,0.8792671322078311,0.8719077378211219,0.9052417771281702,0.879958970182815,0.8528215689848023
116M,2025-10-06,0.9372131656426481,0.8703439130907932,0.85108871883884,0.9748707812511336,0.9198964363741233,0.9654853782825711,0.9494276162751,0.9372131656426481,0.8777617798218289,0.8703439130907932,0.9039496586289468,0.8785267755952988,0.85108871883884
117M,2025-11-05,0.9360824492742139,0.8688332049371122,0.8494151196020687,0.9738084128606576,0.9184409349668808,0.9643539724356766,0.9481590809630486,0.9360824492742139,0.8763074411148247,0.8688332049371122,0.9027009774523527,0.8771430002912498,0.8494151196020687
118M,2025-12-05,0.9349530970772967,0.8673251190102215,0.8477448113669795,0.972747202189357,0.9169877365192571,0.9632238924288404,0.9468922405478069,0.9349530970772967,0.8748555120605569,0.8673251190102215,0.9014540211557512,0.8757614045839361,0.8477448113669795
119M,2026-01-05,0.9337875311968876,0.8657695135126342,0.8460222766967264,0.9716518327371994,0.915488513639855,0.9620575343067267,0.9455849502965296,0.9337875311968876,0.8733577126043431,0.8657695135126342,0.9001673092005984,0.8743360418271474,0.8460222766967264
120M,2026-02-05,0.9326234183774138,0.8642166980973484,0.8443032420487091,0.9705576967342201,0.9139917419047301,0.9608925885159305,0.9442794649051169,0.9326234183774138,0.871862477460956,0.8642166980973484,0.8988824338645262,0.8729129989476424,0.8443032420487091
121M,2026-03-05,0.931523674211701,0.8628466849081706,0.8427091272065931,0.9695641044117568,0.9126358988015999,0.959835256665428,0.9431019909922848,0.931523674211701,0.8705590555430219,0.8628466849081706,0.8975861379309703,0.8714944169686152,0.8427091272065931
122M,2026-04-07,0.9302194956601518,0.8612348144475435,0.8408255028284514,0.9683927530270994,0.9110389820972082,0.95858898804481,0.9417161631961528,0.9302194956601518,0.8690253810994379,0.8612348144475435,0.8960607603298648,0.8697820925957626,0.8408255028284514
123M,2026-05-05,0.9291143519125302,0.8598695283365834,0.8392305781813306,0.9673999889495999,0.9096862139384243,0.9575328170716838,0.9405419063717462,0.9291143519125302,0.8677262005999345,0.8598695283365834,0.8947685335868849,0.8683318499523505,0.8392305781813306
124M,2026-06-05,0.9278923313509354,0.8583604860327533,0.8374682974338378,0.9663020444060764,0.9081908492375094,0.9563648422563802,0.9392435441847845,0.9278923313509354,0.8662900876214866,0.8583604860327533,0.8933400276067924,0.8667290445812319,0.8374682974338378
125M,2026-07-06,0.926671918055712,0.8568540920477667,0.8357097172586474,0.9652053459678188,0.9066979426540798,0.9551982921078294,0.937946974309635,0.926671918055712,0.8648563514532417,0.8568540920477667,0.8919138022492952,0.8651291977392261,0.8357097172586474
126M,2026-08-05,0.9254924012718151,0.8553988085916964,0.8340113815945811,0.9641452100246286,0.9052555309968091,0.9540707274449219,0.9366939334582949,0.9254924012718151,0.8634711241735269,0.8553988085916964,0.8905357521883547,0.86358377062989,0.8340113815945811
127M,2026-09-07,0.9241966667963796,0.8538008513928791,0.8321471984271025,0.9629804053235942,0.9036715283500909,0.9528319436002904,0.9353175218910912,0.9241966667963796,0.861949936624577,0.8538008513928791,0.8890223561676642,0.8618869892051816,0.8321471984271025
128M,2026-10-05,0.9230986784477717,0.8524473500894274,0.8305687352711454,0.9619931898051461,0.9023296998514495,0.9517821157244764,0.934151243742758,0.9230986784477717,0.8606613338132366,0.8524473500894274,0.8877402796449472,0.8604499105665341,0.8305687352711454
129M,2026-11-05,0.9218845700195443,0.8509513334605312,0.8288246433258665,0.9609013816743643,0.9008464279703651,0.95062115547225,0.9328617034856338,0.9218845700195443,0.8592369134019561,0.8509513334605312,0.8863229943352391,0.8588616540280803,0.8288246433258665
130M,2026-12-07,0.9206329717377745,0.8494098120422855,0.8270281317587177,0.9597756536545164,0.8993178660509329,0.9494242302386503,0.9315324323233245,0.9206329717377745,0.8577690166569252,0.8494098120422855,0.8848623634756805,0.8572252384014436,0.8270281317587177
131M,2027-01-05,0.9195001786043833,0.8480152204768177,0.8254034069086087,0.958756601841626,0.897934847266473,0.9483408185375409,0.9303294164975952,0.9195001786043833,0.8564409014348006,0.8480152204768177,0.8835407460210457,0.855744930058681,0.8254034069086087
132M,2027-02-05,0.9182908031143463,0.8465269820873648,0.8236701615160704,0.9576684670560319,0.8964587997527808,0.9471840558943935,0.929045152045777,0.9182908031143463,0.8550234659661312,0.8465269820873648,0.8821301653043918,0.8541653581815458,0.8236701615160704
133M,2027-03-05,0.917199831204711,0.8451850118002738,0.8221077780758907,0.9566866971602176,0.8951276811686173,0.946140450847267,0.9278866951214856,0.917199831204711,0.8537452181292318,0.8451850118002738,0.8808580281448805,0.8527411543062241,0.8221077780758907
134M,2027-04-05,0.9159934812537969,0.8437017403325234,0.8203814530975911,0.9556009115999454,0.8936562481439962,0.9449863721581321,0.9266058027013084,0.9159934812537969,0.8523322440975666,0.8437017403325234,0.8794517304113502,0.8511671269313549,0.8203814530975911
135M,2027-05-05,0.9148275565462197,0.8422687948684604,0.8187142676489111,0.9545513247136269,0.8922345837403662,0.9438708621650989,0.9253679129744098,0.9148275565462197,0.8509670764903442,0.8422687948684604,0.8780929348555115,0.8496466410247724,0.8187142676489111
136M,2027-06-07,0.913546753373264,0.8406953656438919,0.8168842766075327,0.9533981105931348,0.8906733649532446,0.9426453220223886,0.9240081442667866,0.913546753373264,0.849467917473808,0.8406953656438919,0.8766006844319421,0.8479772434664958,0.8168842766075327
137M,2027-07-05,0.9124614176139506,0.8393626400190013,0.8153347650118163,0.952420718524892,0.8893508369476789,0.9416067177410022,0.922855968152988,0.9124614176139506,0.8481979751023441,0.8393626400190013,0.8753365214449138,0.8465633574258578,0.8153347650118163
138M,2027-08-05,0.9112612998763536,0.8378895866192682,0.8136226625259231,0.9513397746102877,0.8878889000424871,0.9404581691872248,0.9215820203523164,0.9112612998763536,0.846794181924847,0.8378895866192682,0.8739390388462971,0.8450007333019715,0.8136226625259231
139M,2027-09-06,0.9100241242968292,0.8363717269096583,0.8118591018785746,0.9502252483320464,0.8863823245384368,0.9392740401497368,0.9202688220520971,0.9100241242968292,0.8453475420005481,0.8363717269096583,0.8724988163341088,0.843390727315548,0.8118591018785746
140M,2027-10-05,0.9089043848231517,0.8349985417410768,0.8102641771027942,0.9492163367616393,0.8850191987168261,0.93820221108404,0.9190803524739711,0.9089043848231517,0.8440386594031185,0.8349985417410768,0.8711956648922439,0.8419343092425313,0.8102641771027942
141M,2027-11-05,0.9077089454840744,0.8335331471880669,0.8085627222263695,0.9481390296399983,0.8835643822657077,0.9370578152631641,0.9178116166862859,0.9077089454840744,0.842641750018289,0.8335331471880669,0.8698047932082115,0.8403802296207175,0.8085627222263695
142M,2027-12-06,0.9065150784503324,0.8320703243535554,0.806864840195417,0.9470629452013105,0.8821119572778585,0.9359148153479676,0.9165446323129298,0.9065150784503324,0.8412471525605348,0.8320703243535554,0.8684161420632833,0.8388290185878712,0.806864840195417
143M,2028-01-05,0.9053612183526494,0.8306571337198678,0.8052251233106116,0.9460227360138401,0.8807086579977575,0.9348100138821388,0.9153201837056831,0.9053612183526494,0.8398997397760289,0.8306571337198678,0.8670743970264042,0.8373305729119984,0.8052251233106116
144M,2028-02-07,0.9040936685146067,0.8291053960587388,0.8034252832196567,0.9448798254659921,0.8791676071038518,0.9335962385196999,0.91397517949081,0.9040936685146067,0.8384200782207726,0.8291053960587388,0.8656008717480784,0.8356853741359477,0.8034252832196567
145M,2028-03-06,0.9029274234595354,0.8278146725417675,0.8018819829817876,0.9438427056449166,0.8777984935896157,0.9324999668113261,0.9127873093736194,0.9029274234595354,0.8370931315786444,0.8278146725417675,0.8643525718059989,0.8342374408580704,0.8018819829817876
146M,2028-04-05,0.9016719615275742,0.826433984174299,0.8002301476998128,0.9427239776969438,0.8763257799933433,0.9313181334640632,0.9115123372847805,0.9016719615275742,0.8356737334420714,0.826433984174299,0.8630171051821531,0.8326791463514337,0.8002301476998128
147M,2028-05-05,0.9004182452338799,0.8250555986173886,0.798581715112819,0.9416065757667642,0.8748555372207877,0.9301377979506991,0.9102391460640701,0.9004182452338799,0.8342567420760167,0.8250555986173886,0.8616837019189795,0.8311237626249304,0.798581715112819
148M,2028-06-05,0.8991245697088345,0.8236336820259318,0.7968819020476119,0.9404533184914325,0.8733388776901087,0.9289196894615103,0.9089253833946478,0.8991245697088345,0.8327950417756875,0.8236336820259318,0.8603080161690514,0.8295195849350726,0.7968819020476119
149M,2028-07-05,0.8978743953979963,0.822259967012719,0.795240366672949,0.9393386079524119,0.871873646149248,0.9277423936920652,0.9076558056049866,0.8978743953979963,0.8313829315983953,0.822259967012719,0.8589787985797289,0.8279701030381412,0.795240366672949
150M,2028-08-07,0.8965012112835218,0.8207515266637909,0.7934385830992678,0.9381139523498546,0.8702647305982375,0.9264490916287793,0.9062613181410727,0.8965012112835218,0.8298323757938494,0.8207515266637909,0.8575190311392487,0.8262690156815247,0.7934385830992678
151M,2028-09-05,0.8952962075348238,0.8194282121744358,0.7918585679110491,0.9370390579873963,0.8688532863050346,0.9253140418833433,0.9050376282121614,0.8952962075348238,0.8284721536192391,0.8194282121744358,0.8562382532849578,0.824777006134649,0.7918585679110491
152M,2028-10-05,0.8940513563129142,0.8180615113438612,0.7902273803440887,0.9359283943394783,0.8673955803995771,0.924141315845478,0.9037734807996483,0.8940513563129142,0.8270673734499978,0.8180615113438612,0.8549153236765773,0.8232363830279494,0.7902273803440887
153M,2028-11-06,0.8927254227702269,0.8166062095261971,0.7884911504146702,0.9347451374407791,0.8658433896439086,0.9228920462490801,0.902427003079585,0.8927254227702269,0.8255715666460826,0.8166062095261971,0.8535064516152041,0.8215962235258368,0.7884911504146702
154M,2028-12-05,0.8915254941282388,0.8152895786165284,0.7869209873044206,0.9336741030786385,0.8644391161301695,0.9217613544586459,0.9012084904793659,0.8915254941282388,0.8242183285892937,0.8152895786165284,0.8522316668908688,0.8201126517278959,0.7869209873044206
155M,2029-01-05,0.8902445952595045,0.8138844929706405,0.7852459945639261,0.9325305613066542,0.8629405146258168,0.9205542157601155,0.8999077618991046,0.8902445952595045,0.8227742165819544,0.8138844929706405,0.8508710713995439,0.8185297269238728,0.7852459945639261
156M,2029-02-05,0.8889655367216668,0.8124818288762161,0.7835745671123562,0.9313884201173572,0.8614445111141122,0.9193486579304623,0.8986089106811377,0.8889655367216668,0.8213326348016402,0.8124818288762161,0.8495126481111104,0.8169498573719909,0.7835745671123562
157M,2029-03-05,0.8878118376465722,0.811216984371974,0.7820679488336725,0.9303580111243664,0.8600955114194143,0.9182611240559484,0.8974373661213365,0.8878118376465722,0.8200327320319771,0.811216984371974,0.8482875493109077,0.81552549957094,0.7820679488336725
158M,2029-04-05,0.8865362743721845,0.8098189175128641,0.7804032859793278,0.9292185308227143,0.8586044400376949,0.9170585692592624,0.8961420804649757,0.8865362743721845,0.8185959536036624,0.8098189175128641,0.8469332506386343,0.813951428571225,0.7804032859793278
159M,2029-05-07,0.8852214861615308,0.8083782789712717,0.7786886408330866,0.9280437569365438,0.8570679808895073,0.9158188742374641,0.8948069723090143,0.8852214861615308,0.8171154679305905,0.8083782789712717,0.8455375327685403,0.8123297677732427,0.7786886408330866
160M,2029-06-05,0.8840316436986015,0.8070749141224838,0.7771379979659302,0.9269804010404433,0.8556779398273102,0.9146968482249597,0.8935987487443363,0.8840316436986015,0.8157760907128326,0.8070749141224838,0.8442746503045756,0.8108629285892401,0.7771379979659302
161M,2029-07-05,0.8828024551210077,0.8057288170036889,0.775537134009329,0.9258816598247042,0.8542423386668883,0.9135375782235194,0.8923505790430593,0.8828024551210077,0.8143928383370368,0.8057288170036889,0.8429702050427481,0.8093482959614402,0.775537134009329
162M,2029-08-06,0.8814932043955919,0.8042954546028548,0.7738331804170654,0.9247111046113005,0.8527136854305315,0.9123026429359465,0.8910211196168942,0.8814932043955919,0.8129199542797646,0.8042954546028548,0.8415810181401818,0.8077358061280132,0.7738331804170654
163M,2029-09-05,0.8802675453529627,0.8029539932649346,0.7722391242131554,0.9236150531714341,0.85128305750461,0.9111464073063577,0.8897765503219321,0.8802675453529627,0.8115415448474573,0.8029539932649346,0.8402807346706249,0.8062270147361903,0.7722391242131554
164M,2029-10-05,0.8790435905096186,0.801614769311934,0.7706483516823234,0.9225203008711075,0.849854829793787,0.9099916370685897,0.8885337194287832,0.8790435905096186,0.810165472684094,0.801614769311934,0.8389824602020612,0.8047210416563039,0.7706483516823234
165M,2029-11-05,0.8777806250105187,0.8002332510938265,0.7690079958964601,0.921390420010033,0.8483815117744544,0.9087999119923201,0.8872512845476247,0.8777806250105187,0.8087459826697947,0.8002332510938265,0.8376430171879143,0.8031678246751084,0.7690079958964601
166M,2029-12-05,0.8765601280683709,0.7988985649887176,0.7674238793223241,0.9202983045466251,0.8469581520895829,0.9076481156596568,0.8860119809201883,0.8765601280683709,0.8073746507385465,0.7988985649887176,0.8363488181207276,0.8016675659384456,0.7674238793223241
167M,2030-01-07,0.8752195414012216,0.7974329812579326,0.765685119825496,0.9190984725955635,0.8453952144460717,0.9063828256516743,0.8846507461959227,0.8752195414012216,0.8058688711470181,0.7974329812579326,0.8349275085661781,0.8000205178679614,0.765685119825496
168M,2030-02-05,0.8740431427360014,0.7961472637367265,0.7641603715406424,0.9180453662386414,0.8440241049330954,0.9052723603224734,0.883456236194167,0.8740431427360014,0.8045479288213904,0.7961472637367265,0.8336804730788268,0.7985759057286924,0.7641603715406424
169M,2030-03-05,0.8729088099371327,0.7949078483365106,0.7626910819134258,0.9170297188664884,0.8427023851413008,0.9042014778569155,0.8823044466503139,0.8729088099371327,0.8032745907891641,0.7949078483365106,0.8324782061678017,0.7971835830410858,0.7626910819134258
170M,2030-04-05,0.8716546585813715,0.79353788895423,0.7610676634939718,0.9159065627392948,0.841241466681539,0.9030173355733301,0.8810310025778559,0.8716546585813715,0.8018671742812895,0.79353788895423,0.8311491472534921,0.7956449143419784,0.7610676634939718
171M,2030-05-06,0.8704023091270291,0.7921702905861389,0.7594477005854411,0.914784782226937,0.8397830808866704,0.9018347440425162,0.8797593964875274,0.8704023091270291,0.800462223706297,0.7921702905861389,0.8298222101936462,0.7941092154749346,0.7594477005854411
172M,2030-06-05,0.869192071253853,0.7908490524617793,0.7578832777236417,0.9137004963643278,0.8383741470935809,0.9006917752359067,0.8785305574536182,0.869192071253853,0.7991049379445765,0.7908490524617793,0.8285400946523874,0.792625877557529,0.7578832777236417
173M,2030-07-05,0.8679835161378275,0.7895300179926211,0.7563220774917729,0.9126174956956298,0.8369675771185758,0.8995502550069903,0.8773034348496525,0.8679835161378275,0.7977499536339231,0.7895300179926211,0.8272599600417918,0.791145310406832,0.7563220774917729
174M,2030-08-05,0.8667364411958057,0.7881693268659646,0.7547122157525226,0.9114997435541378,0.835516600587366,0.898372203964994,0.8760372088172463,0.8667364411958057,0.7963522168366002,0.7881693268659646,0.8259392321041725,0.7896182963645647,0.7547122157525226
175M,2030-09-05,0.8654911579881684,0.7868109807804085,0.7531057806682603,0.9103833604088091,0.8340681394856087,0.8971956956986791,0.8747728103490574,0.8654911579881684,0.7949569290123493,0.7868109807804085,0.8246206127205381,0.7880942296593475,0.7531057806682603
176M,2030-10-07,0.8642075809887346,0.7854112725254548,0.751451111608521,0.9092323990765324,0.8325755876615484,0.8959828516396188,0.8734695389826416,0.8642075809887346,0.7935191961003665,0.7854112725254548,0.8232616653367223,0.7865240849645982,0.751451111608521
177M,2030-11-05,0.8630459837018177,0.7841449378513538,0.7499547082386375,0.9081905973023624,0.831225269740406,0.8948851279580287,0.8722901265365093,0.8630459837018177,0.7922184967808418,0.7841449378513538,0.8220320537818054,0.7851038435887955,0.7499547082386375
178M,2030-12-05,0.8618459743213095,0.7828370849828169,0.7484098404485604,0.9071141274655858,0.8298306936899211,0.8937509669673246,0.871071720503381,0.8618459743213095,0.7908751893092242,0.7828370849828169,0.8207619744098391,0.7836373270472393,0.7484098404485604
179M,2031-01-06,0.8605678033550516,0.7814444461446459,0.7467654889659627,0.9059672992939835,0.8283457247084997,0.8925427795498385,0.869773963167995,0.8605678033550516,0.7894448384971956,0.7814444461446459,0.8194093859338125,0.7820760619784639,0.7467654889659627
180M,2031-02-05,0.8593712397233433,0.7801410973488315,0.7452271908021253,0.9048934647115813,0.8269559797726161,0.8914115872085265,0.8685590716864308,0.8593712397233433,0.788106234116848,0.7801410973488315,0.8181433587108078,0.7806152011114431,0.7452271908021253
181M,2031-03-05,0.8583333228253748,0.7789971113383112,0.7437771001165214,0.9039580365569195,0.8257209736707528,0.8904217869144241,0.8675724324605982,0.8583333228253748,0.786911368245903,0.7789971113383112,0.8170747089884678,0.7792767830963147,0.7437771001165214
182M,2031-04-07,0.8571314699988458,0.777650995528276,0.7420672887697168,0.9028778922243126,0.8242870464297792,0.8892774130612152,0.8664483376126417,0.8571314699988458,0.7855054589464916,0.777650995528276,0.8158170208235614,0.7777111645553919,0.7420672887697168
183M,2031-05-05,0.8561130358829829,0.7765106609619074,0.7406196224678357,0.9019624183360098,0.823072333832489,0.8883075826344158,0.8654957024091166,0.8561130358829829,0.784314536170214,0.7765106609619074,0.8147514097378014,0.7763852278603074,0.7406196224678357
184M,2031-06-05,0.8549868952831279,0.7752500980967248,0.7390201431184752,0.9009499406763372,0.8217295613746259,0.8872350754919939,0.8644422208384929,0.8549868952831279,0.7829981205432371,0.7752500980967248,0.8135732495349094,0.7749198632661843,0.7390201431184752
185M,2031-07-07,0.8538259813313878,0.7739510183157644,0.7373726908344285,0.8999059945515798,0.8203457713922925,0.8861293295599745,0.8633561009856484,0.8538259813313878,0.7816415574246082,0.7739510183157644,0.8123588711206219,0.7734101298111886,0.7373726908344285
186M,2031-08-05,0.8527752646857458,0.7727756076651646,0.7358828596723198,0.8989609632625297,0.8190937246671478,0.885128437692307,0.8623729836536583,0.8527752646857458,0.7804142023071042,0.7727756076651646,0.8112599064584277,0.7720444746536681,0.7358828596723198
187M,2031-09-05,0.8516535146272102,0.7715211081674568,0.7342936100738927,0.8979518548188542,0.8177574429715035,0.8840597689226782,0.8613233030570313,0.8516535146272102,0.7791043331104319,0.7715211081674568,0.8100867950964005,0.7705873028816552,0.7342936100738927
188M,2031-10-06,0.8505332401311656,0.7702686451845847,0.7327077926987507,0.8969438791272032,0.8164233413057098,0.8829923904210949,0.8602749001318711,0.8505332401311656,0.7777966624351439,0.7702686451845847,0.8089153800961146,0.7691328814040138,0.7327077926987507
189M,2031-11-05,0.8494505066259077,0.7690585201528353,0.7311763916747005,0.8959694961135745,0.8151343475063826,0.8819606705237988,0.8592615317044922,0.8494505066259077,0.7765332644943571,0.7690585201528353,0.8077833655283108,0.7677279905053839,0.7311763916747005
190M,2031-12-05,0.848369151446373,0.7678502962793398,0.7296481913660239,0.8949961716079297,0.8138473888093493,0.8809301561249397,0.858249356983415,0.848369151446373,0.7752719187279159,0.7678502962793398,0.8066529351274212,0.7663256657672767,0.7296481913660239
191M,2032-01-05,0.8472531972381497,0.7666037923764699,0.7280724064705341,0.8939915137520988,0.8125196660641216,0.8798665561930142,0.8572046956661318,0.8472531972381497,0.7739706804849615,0.7666037923764699,0.8054864856136745,0.7648792877864926,0.7280724064705341
192M,2032-02-05,0.8461387109684916,0.7653593120086398,0.7265000247192803,0.8929879836523853,0.8111941093855454,0.8788042404092216,0.8561613059108474,0.8461387109684916,0.7726716262769555,0.7653593120086398,0.8043217228283942,0.7634356397276684,0.7265000247192803
193M,2032-03-05,0.8450974542632901,0.7641969497071749,0.7250321613313988,0.892050217274112,0.8099560303175094,0.8778116223024108,0.8551863814065098,0.8450974542632901,0.7714583559925737,0.7641969497071749,0.8032336308756293,0.7620875971062411,0.7250321613313988
194M,2032-04-05,0.8439858036818939,0.7629563765316654,0.7234663454463057,0.8910488663331689,0.808634655992453,0.8767517875638304,0.8541454483438125,0.8439858036818939,0.770163518540817,0.7629563765316654,0.8020721258003247,0.7606492181387567,0.7234663454463057
195M,2032-05-05,0.8429114050993441,0.76175773938715,0.7219542595734346,0.8900808872880218,0.8073579592044502,0.8757273594101652,0.8531393001583796,0.8429114050993441,0.7689125193396282,0.76175773938715,0.8009496878381146,0.7592598234197812,0.7219542595734346
196M,2032-06-07,0.8417311463026829,0.7604414134066286,0.7202946150580292,0.8890173248359108,0.8059559207340289,0.8746018708974443,0.8520339060079716,0.8417311463026829,0.7675387670912867,0.7604414134066286,0.7997168202288277,0.7577344202732885,0.7202946150580292
197M,2032-07-05,0.8407310106808042,0.759326314687033,0.7188894241037497,0.8881159048829523,0.8047682218444049,0.8736480453608076,0.8510971190603542,0.8407310106808042,0.7663750840270963,0.759326314687033,0.7986722390453603,0.7564425423644208,0.7188894241037497
198M,2032-08-05,0.8396251037678131,0.7580936483464774,0.7173368743826173,0.8871189703160415,0.8034553109873186,0.8725932375589496,0.8500611634487374,0.8396251037678131,0.7650887784823015,0.7580936483464774,0.7975173299087187,0.755014817983157,0.7173368743826173
199M,2032-09-06,0.8384850482855913,0.7568233174776917,0.7157377592798194,0.8860910503734915,0.802102294784838,0.8715057394996518,0.8489931125327859,0.8384850482855913,0.763763243730512,0.7568233174776917,0.7963269173293781,0.7535438644255564,0.7157377592798194
200M,2032-10-05,0.8374532101632823,0.755673918915078,0.7142916406061454,0.885160526771449,0.8008780920322455,0.8705213651220157,0.8480263505643253,0.8374532101632823,0.7625639616339424,0.755673918915078,0.7952496408044208,0.7522132882859318,0.7142916406061454
201M,2032-11-05,0.8363516149055122,0.7544471817583837,0.7127490204892715,0.8841669096978757,0.7995715275908438,0.8694703323491608,0.8469941326928373,0.8363516149055122,0.7612840527844059,0.7544471817583837,0.7940996808694495,0.7507935462811529,0.7127490204892715
202M,2032-12-06,0.8352514686983842,0.7532224360480182,0.7112097318923115,0.8831744079868374,0.798267094698122,0.8684205685513522,0.845963171237183,0.8352514686983842,0.7600062921699627,0.7532224360480182,0.7929513838184132,0.7493764839250742,0.7112097318923115
203M,2033-01-05,0.8341881889724371,0.7520390913409017,0.709723263039943,0.8822149832544323,0.7970067665286368,0.8674058748920237,0.8449666614374367,0.8341881889724371,0.7587717916496001,0.7520390913409017,0.7918417096298275,0.7480076798765568,0.709723263039943
204M,2033-02-07,0.83302014457044,0.7507395592940121,0.7080917354115087,0.8811608198134689,0.7956227036911807,0.8662910811864631,0.8438718563983658,0.83302014457044,0.7574161569986619,0.7507395592940121,0.7906228615419781,0.7465048830298263,0.7080917354115087
205M,2033-03-07,0.8320303592643041,0.7496386872129294,0.7067103505162181,0.88026736597117,0.7944502323718148,0.8653463192520433,0.8429440433912058,0.8320303592643041,0.7562678210549498,0.7496386872129294,0.789590158785833,0.7452321506034699,0.7067103505162181
206M,2033-04-05,0.8310064642701565,0.7485002000526318,0.705282471350267,0.8793429580790026,0.793237708523434,0.8643689020006751,0.8419841695940441,0.8310064642701565,0.7550803084776584,0.7485002000526318,0.7885219957941186,0.7439162509393806,0.705282471350267
207M,2033-05-05,0.8299485884582569,0.7473242741805147,0.7038083908100665,0.8783876955910752,0.791985320900557,0.8633589424534894,0.840992346894476,0.8299485884582569,0.7538538093771445,0.7473242741805147,0.7874185201918045,0.7425574205011606,0.7038083908100665
208M,2033-06-06,0.8288216718927707,0.7460719894574399,0.7022394339260517,0.8773698927260697,0.7906516201251046,0.8622829529385786,0.8399356904031186,0.8288216718927707,0.7525477394801575,0.7460719894574399,0.7862431815797276,0.7411107370011909,0.7022394339260517
209M,2033-07-05,0.8278017255032634,0.7449389190928182,0.7008205880629906,0.8764485275993606,0.7894448938808434,0.8613089957898483,0.8389792422653807,0.8278017255032634,0.7513660682774898,0.7449389190928182,0.7851795464017732,0.7398021147563199,0.7008205880629906
210M,2033-08-05,0.8267128259156548,0.7437296087955527,0.6993070607080466,0.8754646899848353,0.7881569817291034,0.8602690856642617,0.837958036536222,0.8267128259156548,0.7501049542878264,0.7437296087955527,0.7840441481899518,0.7384057978420878,0.6993070607080466
211M,2033-09-05,0.8256253586786627,0.7425222616544035,0.6977968020428259,0.8744819567551327,0.78687117069642,0.8592304310846808,0.8369380738189148,0.8256253586786627,0.7488459569874335,0.7425222616544035,0.7829103918052835,0.7370121163635839,0.6977968020428259
212M,2033-10-05,0.8245743330438572,0.7413557273795417,0.6963383669778849,0.8735319749511248,0.7856288347555159,0.8582264755107379,0.8359521952124955,0.8245743330438572,0.7476295845269727,0.7413557273795417,0.781814769209131,0.7356658969527466,0.6963383669778849
213M,2033-11-07,0.8234197501254289,0.7400746563062853,0.6947376088463323,0.8724881868836074,0.7842645305615189,0.8571234792081548,0.8348690700224625,0.8234197501254289,0.7462938567337085,0.7400746563062853,0.7806113551619619,0.7341878955632821,0.6947376088463323
214M,2033-12-05,0.8224413719016027,0.7389894230626679,0.6933822759268018,0.8716035266656275,0.7831087972414247,0.8561887153004574,0.8339511553218248,0.8224413719016027,0.7451623835635892,0.7389894230626679,0.7795917293236935,0.732936162636996,0.6933822759268018
215M,2034-01-05,0.8213595233826817,0.7377897709892225,0.6918848127244875,0.8706251276981087,0.7818312218920629,0.8551549871972957,0.8329360697812653,0.8213595233826817,0.7439116820132287,0.7377897709892225,0.7784644112988146,0.7315528046544638,0.6918848127244875
216M,2034-02-06,0.8202442691777927,0.7365534631494112,0.6903424363418759,0.8696163194534522,0.7805146205872249,0.8540892221318025,0.8318895355193662,0.8202442691777927,0.7426228370915624,0.7365534631494112,0.777302438018704,0.7301275608381192,0.6903424363418759
217M,2034-03-06,0.8192696640252449,0.7354733933252385,0.6889956777702813,0.8687345711681549,0.7793644133310231,0.8531577673319178,0.8309748967318263,0.8192696640252449,0.7414969296382107,0.7354733933252385,0.7762871342510711,0.7288827504648988,0.6889956777702813
218M,2034-04-05,0.818226729224784,0.734317933124421,0.6875556375564092,0.8677908329597823,0.7781339292850951,0.8521609072755484,0.8299960425025985,0.818226729224784,0.7402924944185073,0.734317933124421,0.7752007803920723,0.7275513800774733,0.6875556375564092
219M,2034-05-05,0.8171851220860757,0.7331642882010664,0.6861186071086134,0.8668481199688186,0.7769053879644973,0.8511652119861306,0.8290183413233676,0.8171851220860757,0.7390900155982716,0.7331642882010664,0.7741159468013541,0.7262224415586953,0.6861186071086134
220M,2034-06-05,0.8161101876965655,0.7319740924674505,0.6846368308904442,0.8658750590763075,0.7756379329493752,0.8501375490604929,0.8280092600051564,0.8161101876965655,0.7378495060814814,0.7319740924674505,0.7729965469573712,0.7248517551840323,0.6846368308904442
221M,2034-07-05,0.815071274926895,0.7308241298181534,0.6832059009148446,0.8649344272607364,0.774413332383086,0.8491442179351976,0.8270338991739407,0.815071274926895,0.7366509954788834,0.7308241298181534,0.771914798021019,0.7235277477747339,0.6832059009148446
222M,2034-08-07,0.8139299983510667,0.7295612574644763,0.6816353319884753,0.863900912449318,0.773068504761546,0.8480528941885316,0.8259623292273136,0.8139299983510667,0.7353348822204447,0.7295612574644763,0.7707266225762192,0.7220741327288867,0.6816353319884753
223M,2034-09-05,0.8129283776269922,0.7284532621882962,0.6802581158650499,0.8629936916975438,0.7718886146183247,0.847095010032314,0.8250217927783243,0.8129283776269922,0.7341802391206765,0.7284532621882962,0.7696839783058917,0.7207991245211274,0.6802581158650499
224M,2034-10-05,0.8118935153190875,0.7273088309141628,0.6788363376532784,0.8620561900169736,0.7706699335889178,0.8461052339184636,0.8240499510605512,0.8118935153190875,0.7329876886160659,0.7273088309141628,0.7686068650533979,0.7194825196089414,0.6788363376532784
225M,2034-11-06,0.8107911142010574,0.7260900858935891,0.6773230494359348,0.861057310747149,0.7693721278582806,0.8450507474060285,0.8230145816743658,0.8107911142010574,0.7317177697762918,0.7260900858935891,0.7674596056191336,0.7180807916605058,0.6773230494359348
226M,2034-12-05,0.8097933561819102,0.7249873623360811,0.6759545461018579,0.8601530761879309,0.7681978792832346,0.8440962542043815,0.8220774018724267,0.8097933561819102,0.7305688063661802,0.7249873623360811,0.7664213809917919,0.7168128347268579,0.6759545461018579
227M,2035-01-05,0.8087281450034016,0.7238104407654804,0.6744947207005356,0.8591875306664827,0.7669446298273972,0.8430771260564026,0.8210767690673323,0.8087281450034016,0.729342599087174,0.7238104407654804,0.7653131077701223,0.7154599082273203,0.6744947207005356
228M,2035-02-05,0.8076643350155132,0.7226354297721606,0.6730380480114994,0.8582230689964789,0.7656934249413783,0.8420592283630985,0.8200773542327213,0.8076643350155132,0.7281184499090312,0.7226354297721606,0.7642064371518825,0.7141095352675975,0.6730380480114994
229M,2035-03-05,0.8067046772013549,0.7215757691220871,0.671725047806888,0.857352872908202,0.7645650589759454,0.8411408932644676,0.8191757026011787,0.8067046772013549,0.7270145328885339,0.7215757691220871,0.7632082392343933,0.7128920343748818,0.671725047806888
230M,2035-04-05,0.8056435289054963,0.7204043858240857,0.670274356642596,0.8563904706920686,0.7633177361572364,0.840125333301404,0.8181786017451133,0.8056435289054963,0.725794291202326,0.7204043858240857,0.7621046123326927,0.7115465080702608,0.670274356642596
231M,2035-05-07,0.8045496141121874,0.7191972105215131,0.6687801551244491,0.8553981563882492,0.7620323115038199,0.8390782994370481,0.8171506093575296,0.8045496141121874,0.7245368350969736,0.7191972105215131,0.760967058472392,0.7101602414136142,0.6687801551244491
232M,2035-06-05,0.8035595368713023,0.7181049552739288,0.6674289123565934,0.8544998647585939,0.7608692652697261,0.8381305521746256,0.8162201069541892,0.8035595368713023,0.7233991473884203,0.7181049552739288,0.7599376170074377,0.7089062702552724,0.6674289123565934
233M,2035-07-05,0.8025366011493476,0.71697678163317,0.666033947910946,0.8535715902335712,0.7596679819214783,0.8371512504540323,0.81525863326008,0.8025366011493476,0.7222241089274476,0.71697678163317,0.7588741430344587,0.7076113887190087,0.666033947910946
234M,2035-08-06,0.801446904988861,0.7157753499368381,0.6645491992759379,0.8525825422148117,0.7583887034426514,0.8361079231383699,0.8142343096379323,0.801446904988861,0.7209728382489486,0.7157753499368381,0.7577414111274192,0.7062327886374696,0.6645491992759379
235M,2035-09-05,0.8004266586589434,0.7146508362058396,0.6631602535946663,0.8516563505475484,0.7571913364802443,0.8351309847299003,0.8132751751313353,0.8004266586589434,0.7198017409131036,0.7146508362058396,0.7566810105748637,0.7049427904576236,0.6631602535946663
236M,2035-10-05,0.7994077111082303,0.7135280891340746,0.6617742108889874,0.8507311650362428,0.755995859956917,0.8341551878112163,0.8123171704457134,0.7994077111082303,0.7186325458250233,0.7135280891340746,0.755622093970942,0.7036551485763393,0.6617742108889874
237M,2035-11-05,0.7983561613226489,0.7123697701854167,0.6603450100520865,0.8497761958695949,0.7547625170570508,0.8331480621102709,0.8113284177965856,0.7983561613226489,0.7174263727021872,0.7123697701854167,0.7545294369114975,0.7023270561498026,0.6603450100520865
238M,2035-12-05,0.7973398495264634,0.7112506067660667,0.6589648513657764,0.8488530528392336,0.7535708752270962,0.8321745821093132,0.8103727063109845,0.7973398495264634,0.7162610359943897,0.7112506067660667,0.753473531268661,0.7010441921442419,0.6589648513657764
239M,2036-01-07,0.7962234007921847,0.7100215576813786,0.6574500083034743,0.8478387537488327,0.7522622421168231,0.83110506781051,0.8093227239118144,0.7962234007921847,0.7149813517860458,0.7100215576813786,0.7523137416773029,0.6996357480470543,0.6574500083034743
240M,2036-02-05,0.7952435697737406,0.7089432376310087,0.6561216576307763,0.8469484005839325,0.7511141073795725,0.8301663263922998,0.8084011352462073,0.7952435697737406,0.7138586683607608,0.7089432376310087,0.7512960064787619,0.6984003605975267,0.6561216576307763
