ticker,sleeve,weight_total,in_panel,first_valid,last_valid,n_valid,interior_nans,longest_interior_gap,max_abs_daily_return,max_abs_return_date,included,exclusion_reason
IITU.L,core,0.043155,True,2016-09-16,2026-09-16,2526,0,0,0.0783961,2020-03-24,True,
ISF.L,core,0.108282,True,2016-09-16,2026-09-16,2526,0,0,0.104341,2020-03-12,True,
SMGB.L,core,0.132842,True,2020-12-10,2026-09-16,1454,0,0,0.0909854,2025-01-27,True,
SGLN.L,core,0.11863,True,2016-09-16,2026-09-16,2526,0,0,0.0650468,2026-02-03,True,
BRNT.L,core,0.04137,True,2016-09-16,2026-09-16,2526,0,0,0.204839,2020-03-09,True,
RR.L,core,0.04,True,2016-09-16,2026-09-16,2526,0,0,0.437608,2020-11-09,True,
PLTR,core,0.04,True,2020-09-30,2026-09-16,1505,0,0,0.317144,2024-02-06,True,
SPCX,core,0.02,True,2026-06-12,2026-09-16,68,0,0,0.192831,2026-06-15,False,listed_after_start
AZN.L,core,0.008621,True,2016-09-16,2026-09-16,2526,0,0,0.154117,2017-07-27,True,
SHEL.L,core,0.04,True,2016-09-16,2026-09-16,2526,0,0,0.203832,2020-03-24,True,
HSBA.L,core,0.04,True,2016-09-16,2026-09-16,2526,0,0,0.107164,2020-11-09,True,
BRK-B,core,0.011379,True,2016-09-16,2026-09-16,2526,0,0,0.138117,2020-03-13,True,
IBTM.L,core,0.08,True,2016-09-16,2026-09-16,2526,0,0,0.0434559,2020-03-23,True,
DBMG.L,core,0.075721,True,2019-05-08,2026-09-16,1858,2,2,0.0580296,2022-09-26,True,
IPWR,moonshot,0.005,True,2016-09-16,2026-09-16,2526,0,0,1.0111,2019-04-17,True,
VYGR,moonshot,0.005,True,2016-09-16,2026-09-16,2526,0,0,0.564478,2021-10-06,True,
AL3.AX,moonshot,0.005,True,2020-04-20,2026-09-16,1619,0,0,0.549846,2022-07-05,True,
ONWD.BR,moonshot,0.005,True,2021-10-21,2026-09-16,1237,0,0,0.437012,2024-02-09,False,listed_after_start
LTBR,moonshot,0.005,True,2016-09-16,2026-09-16,2526,0,0,0.920109,2019-10-22,True,
ARA.TO,moonshot,0.005,True,2021-12-10,2026-09-16,1201,0,0,0.42179,2022-03-24,False,listed_after_start
SLX.AX,moonshot,0.005,True,2016-09-16,2026-09-16,2526,0,0,0.519006,2016-11-11,True,
NYXH,moonshot,0.005,True,2021-04-28,2026-09-16,1360,0,0,0.496522,2026-06-05,False,listed_after_start
ALMU,moonshot,0.005,True,2023-02-28,2026-09-16,897,0,0,0.65611,2023-03-20,False,listed_after_start
WBT.AX,moonshot,0.005,True,2016-09-16,2026-09-16,2526,0,0,0.9601,2019-02-18,True,
VUL.AX,moonshot,0.005,True,2018-05-30,2026-09-16,2098,0,0,0.39598,2021-01-18,True,
IDN,moonshot,0.005,True,2016-09-16,2026-09-16,2526,0,0,0.767414,2024-03-22,True,
GELN.L,moonshot,0.005,True,2021-11-30,2026-09-16,1209,0,0,0.704918,2024-04-04,False,listed_after_start
EDIT,moonshot,0.005,True,2016-09-16,2026-09-16,2526,0,0,0.838454,2025-02-19,True,
SEYE.ST,moonshot,0.005,True,2016-12-07,2026-09-16,2468,0,0,0.434568,2017-12-04,True,
QSI,moonshot,0.005,True,2020-11-13,2026-09-16,1473,0,0,1.77027,2024-12-27,True,
CRBU,moonshot,0.005,True,2021-07-23,2026-09-16,1300,0,0,0.457382,2023-07-06,False,listed_after_start
ALCLS.PA,moonshot,0.005,True,2016-09-16,2026-09-16,2526,0,0,1.91198,2023-11-01,True,
GUTS,moonshot,0.005,True,2024-02-02,2026-09-16,663,0,0,0.68035,2026-01-29,False,listed_after_start
PRME,moonshot,0.005,True,2022-10-20,2026-09-16,987,0,0,0.348059,2025-04-22,False,listed_after_start
PRQR,moonshot,0.005,True,2016-09-16,2026-09-16,2526,0,0,1.22126,2024-10-16,True,
ALMDT.PA,moonshot,0.005,True,2016-09-16,2026-09-16,2526,0,0,0.671845,2024-07-19,True,
CU6.AX,moonshot,0.005,True,2021-08-25,2026-09-16,1277,0,0,0.242567,2026-02-16,False,listed_after_start
LAES,moonshot,0.005,True,2023-05-23,2026-09-16,841,0,0,1.026,2023-05-24,False,listed_after_start
IMSR,moonshot,0.005,True,2025-11-03,2026-09-16,220,0,0,0.294043,2026-01-06,False,listed_after_start
EMV.AX,moonshot,0.005,True,2018-12-13,2026-09-16,1958,0,0,0.230452,2024-01-02,True,
SLDP,moonshot,0.005,True,2021-05-18,2026-09-16,1347,0,0,0.5288,2025-11-05,False,listed_after_start
HYT.AX,moonshot,0.005,True,2016-09-16,2026-09-16,2526,0,0,1.01769,2017-01-31,False,excluded_by_user
MSCL.TO,moonshot,0.005,True,2016-09-16,2026-09-16,2526,0,0,1.12796,2018-06-20,False,excluded_by_user
2498.HK,moonshot,0.005,True,2024-01-05,2026-09-16,683,0,0,0.685776,2024-07-05,False,listed_after_start
GFUZ,moonshot,0.005,True,2025-09-30,2026-09-16,244,0,0,0.25456,2026-07-14,False,listed_after_start
AXE.AX,moonshot,0.005,True,2016-09-16,2026-09-16,2526,0,0,1.18033,2020-05-05,True,
MOLN.SW,moonshot,0.005,True,2016-09-16,2026-09-16,2526,0,0,0.359139,2022-04-27,True,
LIS.AX,moonshot,0.005,True,2021-09-28,2026-09-16,1254,0,0,0.536112,2024-10-28,False,listed_after_start
GSIT,moonshot,0.005,True,2016-09-16,2026-09-16,2526,0,0,2.13315,2023-05-12,True,
BIOA,moonshot,0.005,True,2024-09-26,2026-09-16,499,0,0,0.768359,2024-12-09,False,listed_after_start
AISP,moonshot,0.005,True,2021-05-10,2026-09-16,1353,0,0,1.99252,2024-03-05,False,listed_after_start
FTC.L,moonshot,0.005,True,2016-09-16,2026-09-16,2526,0,0,0.55,2018-12-12,True,
BTQ,moonshot,0.005,True,2025-09-26,2026-09-16,246,0,0,0.509644,2025-10-07,False,listed_after_start
BGO.L,moonshot,0.005,True,2016-09-16,2026-09-16,2526,0,0,0.408219,2024-01-18,True,
