date,equity_fixed,equity_equal_engine,equity_equal_pandas
2020-12-10,100000000.000000,100000000.000000,100000000.000000
2020-12-11,100000000.000000,100000000.000000,100000000.000000
2020-12-14,100000000.000000,100000000.000000,100000000.000000
2020-12-15,100000000.000000,100000000.000000,100000000.000000
2020-12-16,100000000.000000,100000000.000000,100000000.000000
2020-12-17,100000000.000000,100000000.000000,100000000.000000
2020-12-18,100000000.000000,100000000.000000,100000000.000000
2020-12-21,100000000.000000,100000000.000000,100000000.000000
2020-12-22,100000000.000000,100000000.000000,100000000.000000
2020-12-23,100000000.000000,100000000.000000,100000000.000000
2020-12-24,100000000.000000,100000000.000000,100000000.000000
2020-12-29,100000000.000000,100000000.000000,100000000.000000
2020-12-30,100000000.000000,100000000.000000,100000000.000000
2020-12-31,100000000.000000,100000000.000000,100000000.000000
2021-01-04,100000000.000000,100000000.000000,100000000.000000
2021-01-05,100000000.000000,100000000.000000,100000000.000000
2021-01-06,100000000.000000,100000000.000000,100000000.000000
2021-01-07,100000000.000000,100000000.000000,100000000.000000
2021-01-08,100000000.000000,100000000.000000,100000000.000000
2021-01-11,100000000.000000,100000000.000000,100000000.000000
2021-01-12,100000000.000000,100000000.000000,100000000.000000
2021-01-13,100000000.000000,100000000.000000,100000000.000000
2021-01-14,100000000.000000,100000000.000000,100000000.000000
2021-01-15,100000000.000000,100000000.000000,100000000.000000
2021-01-18,100000000.000000,100000000.000000,100000000.000000
2021-01-19,100000000.000000,100000000.000000,100000000.000000
2021-01-20,100000000.000000,100000000.000000,100000000.000000
2021-01-21,100000000.000000,100000000.000000,100000000.000000
2021-01-22,100000000.000000,100000000.000000,100000000.000000
2021-01-25,100000000.000000,100000000.000000,100000000.000000
2021-01-26,100000000.000000,100000000.000000,100000000.000000
2021-01-27,100000000.000000,100000000.000000,100000000.000000
2021-01-28,100000000.000000,100000000.000000,100000000.000000
2021-01-29,100000000.000000,100000000.000000,100000000.000000
2021-02-01,100000000.000000,100000000.000000,100000000.000000
2021-02-02,100000000.000000,100000000.000000,100000000.000000
2021-02-03,100000000.000000,100000000.000000,100000000.000000
2021-02-04,100000000.000000,100000000.000000,100000000.000000
2021-02-05,100000000.000000,100000000.000000,100000000.000000
2021-02-08,100000000.000000,100000000.000000,100000000.000000
2021-02-09,100000000.000000,100000000.000000,100000000.000000
2021-02-10,100000000.000000,100000000.000000,100000000.000000
2021-02-11,100000000.000000,100000000.000000,100000000.000000
2021-02-12,100000000.000000,100000000.000000,100000000.000000
2021-02-15,100000000.000000,100000000.000000,100000000.000000
2021-02-16,100000000.000000,100000000.000000,100000000.000000
2021-02-17,100000000.000000,100000000.000000,100000000.000000
2021-02-18,100000000.000000,100000000.000000,100000000.000000
2021-02-19,100000000.000000,100000000.000000,100000000.000000
2021-02-22,100000000.000000,100000000.000000,100000000.000000
2021-02-23,100000000.000000,100000000.000000,100000000.000000
2021-02-24,100000000.000000,100000000.000000,100000000.000000
2021-02-25,100000000.000000,100000000.000000,100000000.000000
2021-02-26,100000000.000000,100000000.000000,100000000.000000
2021-03-01,100000000.000000,100000000.000000,100000000.000000
2021-03-02,100000000.000000,100000000.000000,100000000.000000
2021-03-03,100000000.000000,100000000.000000,100000000.000000
2021-03-04,100000000.000000,100000000.000000,100000000.000000
2021-03-05,100000000.000000,100000000.000000,100000000.000000
2021-03-08,100000000.000000,100000000.000000,100000000.000000
2021-03-09,100000000.000000,100000000.000000,100000000.000000
2021-03-10,100000000.000000,100000000.000000,100000000.000000
2021-03-11,100000000.000000,100000000.000000,100000000.000000
2021-03-12,100000000.000000,100000000.000000,100000000.000000
2021-03-15,100000000.000000,100000000.000000,100000000.000000
2021-03-16,100000000.000000,100000000.000000,100000000.000000
2021-03-17,100000000.000000,100000000.000000,100000000.000000
2021-03-18,100000000.000000,100000000.000000,100000000.000000
2021-03-19,100000000.000000,100000000.000000,100000000.000000
2021-03-22,100000000.000000,100000000.000000,100000000.000000
2021-03-23,100000000.000000,100000000.000000,100000000.000000
2021-03-24,100000000.000000,100000000.000000,100000000.000000
2021-03-25,100000000.000000,100000000.000000,100000000.000000
2021-03-26,100000000.000000,100000000.000000,100000000.000000
2021-03-29,100000000.000000,100000000.000000,100000000.000000
2021-03-30,100000000.000000,100000000.000000,100000000.000000
2021-03-31,100000000.000000,100000000.000000,100000000.000000
2021-04-01,100000000.000000,100000000.000000,100000000.000000
2021-04-06,100000000.000000,100000000.000000,100000000.000000
2021-04-07,100000000.000000,100000000.000000,100000000.000000
2021-04-08,100000000.000000,100000000.000000,100000000.000000
2021-04-09,100000000.000000,100000000.000000,100000000.000000
2021-04-12,100000000.000000,100000000.000000,100000000.000000
2021-04-13,100000000.000000,100000000.000000,100000000.000000
2021-04-14,100000000.000000,100000000.000000,100000000.000000
2021-04-15,100000000.000000,100000000.000000,100000000.000000
2021-04-16,100000000.000000,100000000.000000,100000000.000000
2021-04-19,100000000.000000,100000000.000000,100000000.000000
2021-04-20,100000000.000000,100000000.000000,100000000.000000
2021-04-21,100000000.000000,100000000.000000,100000000.000000
2021-04-22,100000000.000000,100000000.000000,100000000.000000
2021-04-23,100000000.000000,100000000.000000,100000000.000000
2021-04-26,100000000.000000,100000000.000000,100000000.000000
2021-04-27,100000000.000000,100000000.000000,100000000.000000
2021-04-28,100000000.000000,100000000.000000,100000000.000000
2021-04-29,100000000.000000,100000000.000000,100000000.000000
2021-04-30,100000000.000000,100000000.000000,100000000.000000
2021-05-04,100000000.000000,100000000.000000,100000000.000000
2021-05-05,100000000.000000,100000000.000000,100000000.000000
2021-05-06,100000000.000000,100000000.000000,100000000.000000
2021-05-07,100000000.000000,100000000.000000,100000000.000000
2021-05-10,100000000.000000,100000000.000000,100000000.000000
2021-05-11,100000000.000000,100000000.000000,100000000.000000
2021-05-12,100000000.000000,100000000.000000,100000000.000000
2021-05-13,100000000.000000,100000000.000000,100000000.000000
2021-05-14,100000000.000000,100000000.000000,100000000.000000
2021-05-17,100000000.000000,100000000.000000,100000000.000000
2021-05-18,100000000.000000,100000000.000000,100000000.000000
2021-05-19,100000000.000000,100000000.000000,100000000.000000
2021-05-20,100000000.000000,100000000.000000,100000000.000000
2021-05-21,100000000.000000,100000000.000000,100000000.000000
2021-05-24,100000000.000000,100000000.000000,100000000.000000
2021-05-25,100000000.000000,100000000.000000,100000000.000000
2021-05-26,100000000.000000,100000000.000000,100000000.000000
2021-05-27,100000000.000000,100000000.000000,100000000.000000
2021-05-28,100000000.000000,100000000.000000,100000000.000000
2021-06-01,100000000.000000,100000000.000000,100000000.000000
2021-06-02,100000000.000000,100000000.000000,100000000.000000
2021-06-03,100000000.000000,100000000.000000,100000000.000000
2021-06-04,100000000.000000,100000000.000000,100000000.000000
2021-06-07,100000000.000000,100000000.000000,100000000.000000
2021-06-08,100000000.000000,100000000.000000,100000000.000000
2021-06-09,100000000.000000,100000000.000000,100000000.000000
2021-06-10,100000000.000000,100000000.000000,100000000.000000
2021-06-11,100000000.000000,100000000.000000,100000000.000000
2021-06-14,100000000.000000,100000000.000000,100000000.000000
2021-06-15,100000000.000000,100000000.000000,100000000.000000
2021-06-16,100000000.000000,100000000.000000,100000000.000000
2021-06-17,100000000.000000,100000000.000000,100000000.000000
2021-06-18,100000000.000000,100000000.000000,100000000.000000
2021-06-21,100000000.000000,100000000.000000,100000000.000000
2021-06-22,100000000.000000,100000000.000000,100000000.000000
2021-06-23,100000000.000000,100000000.000000,100000000.000000
2021-06-24,100000000.000000,100000000.000000,100000000.000000
2021-06-25,100000000.000000,100000000.000000,100000000.000000
2021-06-28,100000000.000000,100000000.000000,100000000.000000
2021-06-29,100000000.000000,100000000.000000,100000000.000000
2021-06-30,100000000.000000,100000000.000000,100000000.000000
2021-07-01,100000000.000000,100000000.000000,100000000.000000
2021-07-02,100000000.000000,100000000.000000,100000000.000000
2021-07-05,100000000.000000,100000000.000000,100000000.000000
2021-07-06,100000000.000000,100000000.000000,100000000.000000
2021-07-07,100000000.000000,100000000.000000,100000000.000000
2021-07-08,100000000.000000,100000000.000000,100000000.000000
2021-07-09,100000000.000000,100000000.000000,100000000.000000
2021-07-12,100000000.000000,100000000.000000,100000000.000000
2021-07-13,100000000.000000,100000000.000000,100000000.000000
2021-07-14,100000000.000000,100000000.000000,100000000.000000
2021-07-15,100000000.000000,100000000.000000,100000000.000000
2021-07-16,100000000.000000,100000000.000000,100000000.000000
2021-07-19,100000000.000000,100000000.000000,100000000.000000
2021-07-20,100000000.000000,100000000.000000,100000000.000000
2021-07-21,100000000.000000,100000000.000000,100000000.000000
2021-07-22,100000000.000000,100000000.000000,100000000.000000
2021-07-23,100000000.000000,100000000.000000,100000000.000000
2021-07-26,100000000.000000,100000000.000000,100000000.000000
2021-07-27,100000000.000000,100000000.000000,100000000.000000
2021-07-28,100000000.000000,100000000.000000,100000000.000000
2021-07-29,100000000.000000,100000000.000000,100000000.000000
2021-07-30,100000000.000000,100000000.000000,100000000.000000
2021-08-02,100000000.000000,100000000.000000,100000000.000000
2021-08-03,100000000.000000,100000000.000000,100000000.000000
2021-08-04,100000000.000000,100000000.000000,100000000.000000
2021-08-05,100000000.000000,100000000.000000,100000000.000000
2021-08-06,100000000.000000,100000000.000000,100000000.000000
2021-08-09,100000000.000000,100000000.000000,100000000.000000
2021-08-10,100000000.000000,100000000.000000,100000000.000000
2021-08-11,100000000.000000,100000000.000000,100000000.000000
2021-08-12,100000000.000000,100000000.000000,100000000.000000
2021-08-13,100000000.000000,100000000.000000,100000000.000000
2021-08-16,100000000.000000,100000000.000000,100000000.000000
2021-08-17,100000000.000000,100000000.000000,100000000.000000
2021-08-18,100000000.000000,100000000.000000,100000000.000000
2021-08-19,100000000.000000,100000000.000000,100000000.000000
2021-08-20,100000000.000000,100000000.000000,100000000.000000
2021-08-23,100000000.000000,100000000.000000,100000000.000000
2021-08-24,100000000.000000,100000000.000000,100000000.000000
2021-08-25,100000000.000000,100000000.000000,100000000.000000
2021-08-26,100000000.000000,100000000.000000,100000000.000000
2021-08-27,100000000.000000,100000000.000000,100000000.000000
2021-08-31,100000000.000000,100000000.000000,100000000.000000
2021-09-01,100000000.000000,100000000.000000,100000000.000000
2021-09-02,100000000.000000,100000000.000000,100000000.000000
2021-09-03,100000000.000000,100000000.000000,100000000.000000
2021-09-06,100000000.000000,100000000.000000,100000000.000000
2021-09-07,100000000.000000,100000000.000000,100000000.000000
2021-09-08,100000000.000000,100000000.000000,100000000.000000
2021-09-09,100000000.000000,100000000.000000,100000000.000000
2021-09-10,100000000.000000,100000000.000000,100000000.000000
2021-09-13,100000000.000000,100000000.000000,100000000.000000
2021-09-14,100000000.000000,100000000.000000,100000000.000000
2021-09-15,100000000.000000,100000000.000000,100000000.000000
2021-09-16,100000000.000000,100000000.000000,100000000.000000
2021-09-17,100073365.750000,101199506.010000,101211133.430000
2021-09-20,99075502.450000,98378132.910000,98361251.610000
2021-09-21,99924959.230000,99236380.690000,99227990.540000
2021-09-22,100944259.760000,99666643.380000,99662565.410000
2021-09-23,101603746.700000,101442136.200000,101456365.480000
2021-09-24,101556763.410000,100427917.920000,100431275.680000
2021-09-27,102285784.170000,100809101.030000,100816938.700000
2021-09-28,101040385.120000,98533226.610000,98517130.900000
2021-09-29,101451573.830000,98162991.190000,98142706.410000
2021-09-30,101517059.360000,98462626.380000,98445278.420000
2021-10-01,101098293.590000,98618937.550000,98602831.760000
2021-10-04,100160277.020000,96849310.960000,96815136.910000
2021-10-05,100691228.940000,96781534.010000,96746559.450000
2021-10-06,100648705.470000,97855781.330000,97831420.170000
2021-10-07,101659981.250000,99172095.430000,99161655.790000
2021-10-08,101809052.310000,99791718.420000,99786392.910000
2021-10-11,102192363.540000,99254003.940000,99243800.630000
2021-10-12,101834868.610000,99280672.080000,99270946.610000
2021-10-13,102362086.900000,100779798.990000,100785368.500000
2021-10-14,102956373.350000,101090200.010000,101098370.650000
2021-10-15,103150978.680000,101381886.710000,101394061.740000
2021-10-18,103133558.230000,101900086.350000,102035194.930000
2021-10-19,103456426.360000,102888966.820000,102981434.350000
2021-10-20,103239194.540000,101913463.400000,101889744.530000
2021-10-21,103132886.430000,102057349.820000,101904805.610000
2021-10-22,103402386.280000,102306696.200000,102070737.480000
2021-10-25,103968275.720000,102222442.480000,101992002.950000
2021-10-26,104241453.590000,102749361.800000,102436288.510000
2021-10-27,103999795.340000,102626047.840000,102370039.700000
2021-10-28,104024544.680000,103456061.640000,103305971.690000
2021-10-29,103905280.090000,101951147.800000,101898035.920000
2021-11-01,105275121.990000,104807928.040000,104920935.530000
2021-11-02,105624811.930000,105088832.290000,105093183.660000
2021-11-03,105088803.920000,105178328.800000,105170534.370000
2021-11-04,106682848.990000,105958367.710000,105821439.050000
2021-11-05,108160347.490000,106519567.250000,106427638.810000
2021-11-08,108376367.840000,106886282.060000,107044757.240000
2021-11-09,108129346.810000,106632278.590000,107016965.240000
2021-11-10,107507344.360000,104633257.470000,105028503.510000
2021-11-11,108273380.360000,105289852.360000,105829923.680000
2021-11-12,108284753.230000,105199643.720000,105647535.110000
2021-11-15,108200569.670000,104588200.360000,104956931.170000
2021-11-16,108036525.020000,102757417.530000,102779235.670000
2021-11-17,107468902.430000,102187460.140000,102471247.080000
2021-11-18,106984052.390000,100716591.860000,100803930.890000
2021-11-19,106314976.410000,99499086.650000,99478150.000000
2021-11-22,106389863.530000,99031678.190000,98555742.060000
2021-11-23,105767117.710000,98422723.860000,98386269.490000
2021-11-24,106428917.380000,98976965.080000,99021591.300000
2021-11-25,106843829.890000,99295388.870000,99353653.540000
2021-11-26,103644792.870000,96793759.150000,96530331.810000
2021-11-29,104141842.220000,95869449.550000,95766158.230000
2021-11-30,104124629.600000,96317103.850000,95795387.770000
2021-12-01,104296563.150000,95097946.160000,94430795.980000
2021-12-02,103323748.900000,94457776.840000,93869405.340000
2021-12-03,103134222.960000,92542963.470000,91794503.740000
2021-12-06,103331836.660000,92270992.840000,91819250.380000
2021-12-07,105981853.390000,95449132.710000,94908525.450000
2021-12-08,106081421.710000,96893891.930000,96230580.770000
2021-12-09,105677548.070000,96232752.140000,95455300.560000
2021-12-10,104949083.420000,95316137.780000,94209018.160000
2021-12-13,104049084.590000,94277960.960000,92967353.520000
2021-12-14,103402824.190000,93814409.310000,92263692.020000
2021-12-15,103293032.710000,93874109.420000,92219919.260000
2021-12-16,104014403.080000,94167183.450000,92658954.230000
2021-12-17,103872301.410000,94573214.400000,92871277.670000
2021-12-20,102689598.430000,93894480.380000,92235781.260000
2021-12-21,104139796.330000,95493393.750000,93737156.610000
2021-12-22,104647318.880000,96092810.330000,94376975.110000
2021-12-23,105319713.760000,96500355.260000,94889204.380000
2021-12-24,105208263.530000,96716994.280000,95058162.600000
2021-12-29,104828021.820000,94899159.390000,93523218.720000
2021-12-30,105177593.490000,95650322.260000,94043433.790000
2021-12-31,104773482.140000,95401702.380000,93708076.450000
2022-01-04,105540517.090000,96714713.880000,95091612.200000
2022-01-05,105104270.250000,94704118.090000,93623866.180000
2022-01-06,104033895.500000,92944656.210000,92102118.430000
2022-01-07,103717251.490000,92811883.560000,91934174.440000
2022-01-10,103108033.290000,92839272.990000,91884820.280000
2022-01-11,104323494.060000,94085377.860000,92992822.980000
2022-01-12,104634370.980000,94303781.200000,93458347.610000
2022-01-13,104563969.400000,94432975.910000,93529980.830000
2022-01-14,104654137.150000,94931329.120000,93889914.140000
2022-01-17,104964500.260000,94029842.480000,93148981.580000
2022-01-18,104131981.340000,92487809.170000,92015983.710000
2022-01-19,103474753.320000,91830269.530000,91608748.340000
2022-01-20,103658775.760000,92767098.040000,92515540.610000
2022-01-21,102054738.010000,90000172.390000,90036327.620000
2022-01-24,99895500.320000,87569220.600000,87717181.060000
2022-01-25,100490941.480000,86850505.410000,87130920.850000
2022-01-26,101469610.740000,87353101.890000,87830350.510000
2022-01-27,100644911.140000,85513442.690000,86246396.170000
2022-01-28,100336599.870000,85837938.730000,86385203.780000
2022-01-31,101634831.550000,87714178.500000,88052060.530000
2022-02-01,102811789.000000,89835513.710000,90134349.080000
2022-02-02,102432962.320000,88894890.800000,89483853.110000
2022-02-03,101381819.600000,86849223.620000,87684385.120000
2022-02-04,101646209.070000,87832609.760000,88583168.100000
2022-02-07,102802862.820000,89840285.100000,90511464.240000
2022-02-08,102502780.670000,89077709.440000,89923971.540000
2022-02-09,104043618.780000,90892267.200000,91621169.950000
2022-02-10,103855589.920000,90047441.240000,91054642.690000
2022-02-11,102713472.340000,87243342.050000,88560856.000000
2022-02-14,102089449.850000,85889263.160000,87327751.880000
2022-02-15,102772130.300000,86956697.040000,88269090.360000
2022-02-16,102905014.490000,87278614.680000,88544271.910000
2022-02-17,101128519.890000,84908920.410000,86409356.650000
2022-02-18,100118154.580000,83864269.970000,85355400.470000
2022-02-21,99614692.140000,83175434.860000,84704655.380000
2022-02-22,99901065.140000,82313524.450000,84213637.250000
2022-02-23,99927822.500000,82322784.080000,84397928.190000
2022-02-24,99634244.670000,81445210.730000,83467712.000000
2022-02-25,101210659.980000,83282486.410000,85265566.070000
2022-02-28,101644985.810000,84436721.730000,86730666.760000
2022-03-01,101906650.390000,85326640.230000,87485850.880000
2022-03-02,102872645.480000,85851629.340000,88509920.740000
2022-03-03,101631181.770000,84352368.280000,87449103.560000
2022-03-04,100353594.060000,82331039.240000,85395918.450000
2022-03-07,101581900.670000,82847942.280000,86111476.320000
2022-03-08,102917597.590000,84484301.060000,88568137.610000
2022-03-09,103764762.530000,88069195.560000,92610105.510000
2022-03-10,102540758.630000,86928727.070000,91031042.530000
2022-03-11,102922121.530000,86747929.370000,90733893.300000
2022-03-14,101290660.850000,84991774.460000,89293300.180000
2022-03-15,101072470.670000,84183742.020000,88397317.250000
2022-03-16,102333683.140000,86181486.920000,90105706.960000
2022-03-17,103747626.730000,88482648.110000,91929895.330000
2022-03-18,104600833.890000,90349563.720000,93623845.540000
2022-03-21,105374794.480000,90271266.230000,94866882.010000
2022-03-22,106046993.830000,91586090.830000,95757645.660000
2022-03-23,106224016.140000,91005969.740000,96055463.300000
2022-03-24,107013680.620000,91839858.980000,96890361.970000
2022-03-25,107661867.230000,91300291.950000,96736064.310000
2022-03-28,107056911.030000,90942794.300000,95332992.410000
2022-03-29,107937306.950000,92201010.950000,95297161.690000
2022-03-30,108309545.020000,92053400.640000,95899027.190000
2022-03-31,107345588.900000,90945122.450000,94591104.520000
2022-04-01,106865687.320000,91713311.070000,95610922.400000
2022-04-04,108059701.840000,93022219.430000,96723949.570000
2022-04-05,107138657.770000,92506057.470000,96793368.820000
2022-04-06,105877337.410000,91469016.980000,95922512.020000
2022-04-07,105312702.810000,91066110.370000,95590662.790000
2022-04-08,105962756.690000,91112434.390000,95547886.480000
2022-04-11,105026785.370000,89959601.090000,94321593.380000
2022-04-12,105150097.330000,89238763.970000,93677741.810000
2022-04-13,105891684.180000,90363153.930000,95575887.880000
2022-04-14,105281336.880000,89498422.460000,95222748.900000
2022-04-19,106165661.390000,89444113.640000,95550991.380000
2022-04-20,106021471.230000,89669218.340000,96466651.260000
2022-04-21,105873079.690000,88904356.180000,93444983.540000
2022-04-22,104746102.890000,87485560.660000,92082118.930000
2022-04-25,103691933.950000,87449913.950000,91878113.720000
2022-04-26,103023433.280000,85440675.170000,90103187.160000
2022-04-27,103030793.980000,84491281.640000,89182655.260000
2022-04-28,104526902.420000,84644735.000000,89515142.350000
2022-04-29,104445884.080000,84332401.620000,89800958.850000
2022-05-03,104617087.150000,84855368.830000,91129790.950000
2022-05-04,104291278.890000,84537950.090000,90954646.850000
2022-05-05,104633197.700000,83676194.820000,89144721.790000
2022-05-06,104476293.200000,82305065.340000,87738939.900000
2022-05-09,100515000.090000,77499460.190000,82783391.730000
2022-05-10,100276767.110000,77028799.550000,82918430.840000
2022-05-11,100785536.290000,76226472.190000,82600085.900000
2022-05-12,100343210.230000,75619225.750000,81797621.740000
2022-05-13,102775781.180000,78391315.290000,84560272.760000
2022-05-16,102346343.070000,78022658.500000,84333230.460000
2022-05-17,102791509.580000,79743573.470000,85604902.820000
2022-05-18,101919839.210000,78874094.110000,84532939.490000
2022-05-19,101670792.030000,79712578.100000,84776858.090000
2022-05-20,101298540.050000,79769575.120000,84798695.000000
2022-05-23,101685086.570000,79983506.800000,85043518.480000
2022-05-24,100753962.040000,78345589.690000,83837102.720000
2022-05-25,101287819.130000,78528454.140000,83976758.890000
2022-05-26,102540140.900000,79300393.210000,84577569.240000
2022-05-27,104052485.100000,81736581.470000,86432861.350000
2022-05-30,104764607.030000,82742310.760000,87265636.260000
2022-05-31,104077727.470000,82023011.070000,86775654.090000
2022-06-01,104045004.930000,81065623.960000,86031884.080000
2022-06-06,105207041.420000,81839590.200000,86250648.230000
2022-06-07,104932374.090000,81768896.080000,86523336.100000
2022-06-08,105188250.210000,81559770.960000,86376579.190000
2022-06-09,103938412.080000,80367625.760000,85331187.290000
2022-06-10,102319936.330000,78755091.640000,83932000.320000
2022-06-13,100753168.060000,76183703.670000,81741519.530000
2022-06-14,101429007.440000,75451108.640000,81527053.210000
2022-06-15,102219413.960000,76603653.320000,82168143.240000
2022-06-16,98927051.300000,74667756.990000,80180497.930000
2022-06-17,99040515.930000,74944184.140000,79914215.100000
2022-06-20,99986436.060000,75768757.190000,80831003.370000
2022-06-21,101163563.910000,76983773.490000,81955026.240000
2022-06-22,100142711.460000,75924052.220000,80332392.760000
2022-06-23,100173391.920000,77204103.140000,81542353.730000
2022-06-24,101810664.940000,78427717.550000,83164252.630000
2022-06-27,102037920.370000,78982178.940000,83831017.820000
2022-06-28,102366215.900000,78813281.070000,84039813.120000
2022-06-29,102052840.430000,78163409.550000,83872061.770000
2022-06-30,101179989.680000,78098266.720000,83582700.040000
2022-07-01,101295077.880000,79201103.750000,84437135.850000
2022-07-04,101769700.340000,80606127.810000,86147047.690000
2022-07-05,101277884.330000,82281039.340000,86494897.960000
2022-07-06,101655220.190000,82097012.030000,86438061.270000
2022-07-07,103306827.100000,83499857.140000,88251960.580000
2022-07-08,103418995.300000,83458306.580000,88197453.590000
2022-07-11,102781860.610000,81820055.490000,86848853.030000
2022-07-12,102580452.540000,81430467.070000,86803968.460000
2022-07-13,102499472.780000,82331057.980000,87325930.250000
2022-07-14,101552758.490000,81320709.290000,86479318.360000
2022-07-15,103205665.380000,82613235.850000,88115562.950000
2022-07-18,103813739.230000,83485901.970000,88861304.700000
2022-07-19,104819408.290000,85903363.150000,90607230.840000
2022-07-20,106221109.800000,88429177.340000,93247134.230000
2022-07-21,106827377.680000,89710064.510000,93645165.710000
2022-07-22,106050224.250000,88256067.060000,91620790.070000
2022-07-25,105519241.870000,87277092.660000,91411928.490000
2022-07-26,105225643.650000,87677203.950000,91986738.100000
2022-07-27,106221850.370000,88480016.120000,92565852.420000
2022-07-28,106461255.060000,88736241.030000,93179734.450000
2022-07-29,107105240.950000,89327341.230000,93735299.980000
2022-08-01,106965368.290000,88749622.220000,92206139.290000
2022-08-02,107268585.920000,89184053.660000,92696785.250000
2022-08-03,108708803.760000,91633940.820000,94490143.090000
2022-08-04,108542136.280000,91829321.790000,94292081.250000
2022-08-05,108715935.860000,92069216.130000,94047355.570000
2022-08-08,108440009.470000,92615387.230000,94028624.550000
2022-08-09,107597396.780000,91895701.670000,93724724.050000
2022-08-10,107921610.340000,93253198.900000,94580869.280000
2022-08-11,108550388.080000,94610302.500000,95434158.300000
2022-08-12,109621060.520000,95780324.690000,95841137.100000
2022-08-15,109971431.610000,96734997.320000,96071407.200000
2022-08-16,109471426.880000,95147305.230000,95759882.970000
2022-08-17,108087784.750000,92564100.300000,93572301.000000
2022-08-18,108957450.620000,92114677.280000,93679568.870000
2022-08-19,108631753.770000,91246162.510000,93310633.520000
2022-08-22,107619867.280000,90065512.690000,92263998.790000
2022-08-23,107894416.790000,90839344.070000,93313726.410000
2022-08-24,108025166.460000,91836742.490000,94060292.770000
2022-08-25,108888705.030000,92962187.430000,95622793.060000
2022-08-26,107448541.590000,90686189.540000,93558494.210000
2022-08-30,107153608.220000,92427185.610000,94353577.150000
2022-08-31,106861108.260000,93138066.210000,95745340.850000
2022-09-01,104861180.700000,90146236.150000,93383178.510000
2022-09-02,106366677.570000,90283873.470000,93667959.160000
2022-09-05,106240736.450000,90020075.560000,93890262.150000
2022-09-06,105781234.680000,89711642.710000,93569330.510000
2022-09-07,105866263.550000,90522589.400000,94103002.330000
2022-09-08,106550333.920000,91213657.950000,94637072.960000
2022-09-09,107263592.080000,91764214.920000,94829466.080000
2022-09-12,107542665.960000,91787102.040000,94729089.510000
2022-09-13,105996885.330000,90087737.500000,93076551.390000
2022-09-14,105703031.060000,89848362.510000,92738224.710000
2022-09-15,105380319.560000,89699980.690000,92158989.490000
2022-09-16,105110218.250000,88718356.590000,91538433.020000
2022-09-20,104971217.160000,87915115.690000,90671663.610000
2022-09-21,105529043.110000,87615331.570000,90581481.130000
2022-09-22,104335435.050000,86353842.840000,89725515.460000
2022-09-23,103883815.640000,84565003.050000,87818378.970000
2022-09-26,105422679.630000,85593749.720000,88614319.650000
2022-09-27,105411333.270000,86055934.150000,89030349.970000
2022-09-28,106070237.210000,87303117.680000,90671914.820000
2022-09-29,103755259.050000,85212002.620000,88335463.370000
2022-09-30,102928330.160000,84099896.600000,86737931.020000
2022-10-03,102809923.100000,83818935.650000,85896957.870000
2022-10-04,104576912.490000,86159774.490000,88787528.420000
2022-10-05,104426796.990000,85263074.450000,88010899.210000
2022-10-06,105182514.290000,85493625.620000,88123692.550000
2022-10-07,104368431.200000,84542374.700000,87754509.020000
2022-10-10,103159580.310000,83633458.230000,86818173.170000
2022-10-11,101952791.850000,82328992.320000,85705763.640000
2022-10-12,101681957.590000,82004121.710000,84974734.490000
2022-10-13,101281291.260000,81946509.010000,85344981.940000
2022-10-14,100390153.780000,81042668.920000,84030245.560000
2022-10-17,100691583.830000,82129963.530000,85107018.700000
2022-10-18,100844428.080000,82589637.240000,85213745.470000
2022-10-19,101142805.360000,81902995.090000,84710487.310000
2022-10-20,101902242.720000,81678086.960000,84664051.290000
2022-10-21,102297009.090000,82258041.610000,84920504.180000
2022-10-24,102335664.990000,81941661.070000,84851978.840000
2022-10-25,102407905.880000,82974412.140000,85210738.680000
2022-10-26,102089272.720000,82976916.990000,85036423.050000
2022-10-27,102053564.810000,83095814.350000,85571360.450000
2022-10-28,102303690.300000,83369910.740000,85982336.730000
2022-10-31,102524311.860000,82765942.580000,85431148.080000
2022-11-01,103622815.130000,83590203.080000,86535240.020000
2022-11-02,103271645.220000,83024948.580000,86217036.740000
2022-11-03,103350375.960000,82500161.030000,85758878.940000
2022-11-04,105085752.840000,83962626.410000,87420985.730000
2022-11-07,103963576.240000,83230421.690000,86794119.800000
2022-11-08,104330982.440000,83349372.000000,86812660.200000
2022-11-09,103682669.780000,81861137.510000,85612770.180000
2022-11-10,105180257.140000,84175591.370000,87454942.110000
2022-11-11,105631249.960000,84497402.030000,87470360.080000
2022-11-14,106628153.480000,86159312.990000,88818422.040000
2022-11-15,106681790.690000,86120721.160000,88823851.160000
2022-11-16,104959068.640000,84180221.700000,87187998.920000
2022-11-17,104770546.780000,84190468.630000,86760623.580000
2022-11-18,104308768.040000,84562104.490000,87113138.430000
2022-11-21,103972109.970000,84521959.190000,86800053.530000
2022-11-22,104915071.710000,85423137.980000,87690002.850000
2022-11-23,104772400.430000,85933814.350000,87271198.540000
2022-11-24,104933857.080000,86105239.930000,87488616.270000
2022-11-25,104317337.760000,85332622.000000,86726301.990000
2022-11-28,103553917.470000,83770899.150000,85761134.470000
2022-11-29,103832274.660000,83466689.830000,85884708.100000
2022-11-30,104968397.860000,85092780.240000,87560445.170000
2022-12-01,104791575.660000,85057107.830000,87289999.120000
2022-12-02,103900861.550000,84054734.040000,86479729.920000
2022-12-05,103701386.360000,83605273.860000,85782216.640000
2022-12-06,102517212.000000,81701782.060000,84627762.100000
2022-12-07,102228852.540000,81917082.570000,84568847.910000
2022-12-08,102396690.840000,81901489.550000,84616852.390000
2022-12-09,102717920.370000,82485513.930000,85134128.020000
2022-12-12,102419557.970000,82246526.160000,85227074.080000
2022-12-13,103345456.490000,82322112.240000,85271287.400000
2022-12-14,102788331.330000,81730034.430000,85045936.230000
2022-12-15,101511003.860000,81332207.260000,84499826.610000
2022-12-16,101268912.740000,80992589.520000,84117915.940000
2022-12-19,100900586.760000,80501811.840000,84231409.230000
2022-12-20,100937467.500000,79796849.330000,83853818.860000
2022-12-21,102314959.960000,80522052.320000,84465689.500000
2022-12-22,102144248.630000,82404637.180000,84941448.000000
2022-12-23,102197777.690000,82158840.160000,84685914.480000
2022-12-28,101614667.820000,81405037.540000,84067250.530000
2022-12-29,102635051.400000,82947622.650000,84904649.210000
2022-12-30,102759062.170000,84298570.960000,86193954.320000
2023-01-03,103662436.360000,84357169.750000,86534809.600000
2023-01-04,104340130.210000,85195915.880000,87143369.110000
2023-01-05,104814766.140000,86237219.890000,88458510.220000
2023-01-06,105816963.260000,88122197.720000,90190752.450000
2023-01-09,106370622.660000,88321300.900000,90538177.390000
2023-01-10,106319758.770000,89916864.640000,92113051.570000
2023-01-11,107530584.990000,91248212.560000,94286292.600000
2023-01-12,108526639.840000,92116669.580000,95137092.030000
2023-01-13,109323753.570000,93628310.330000,97527920.860000
2023-01-16,109392024.560000,93884499.980000,98294976.000000
2023-01-17,109283731.010000,93541734.180000,96701165.230000
2023-01-18,108476212.560000,92073600.690000,95797644.260000
2023-01-19,107022737.630000,90211803.940000,94785261.100000
2023-01-20,107448944.340000,90192555.370000,94863691.370000
2023-01-23,109015496.310000,91113396.570000,95719867.740000
2023-01-24,109235096.980000,91318273.700000,96465779.650000
2023-01-25,109046512.330000,91555420.940000,96223366.630000
2023-01-26,109290585.960000,91520047.900000,95928836.800000
2023-01-27,109612521.990000,92333972.160000,96104845.610000
2023-01-30,109029113.330000,91501155.680000,95781649.560000
2023-01-31,109402026.380000,91816642.610000,96082563.260000
2023-02-01,110495091.590000,93347396.440000,96653620.490000
2023-02-02,112262653.830000,94643743.350000,96849569.140000
2023-02-03,112746751.210000,94647480.260000,97124092.650000
2023-02-06,112384271.360000,94406270.980000,96251117.670000
2023-02-07,113479717.670000,97287388.100000,98278494.060000
2023-02-08,113480942.530000,97807629.440000,99351401.200000
2023-02-09,113101053.730000,96458933.860000,99136766.960000
2023-02-10,112083267.820000,95586004.180000,98814631.530000
2023-02-13,112507623.100000,95416245.420000,98876440.710000
2023-02-14,113279709.870000,95465402.330000,98673576.550000
2023-02-15,114632467.090000,96121620.680000,98671110.800000
2023-02-16,114894686.680000,96241183.790000,99076423.220000
2023-02-17,113824776.320000,95854687.480000,98445851.010000
2023-02-20,113823175.500000,96113177.960000,99235159.350000
2023-02-21,112252306.260000,94622317.020000,98486323.770000
2023-02-22,111299215.520000,93318514.770000,97136324.370000
2023-02-23,112863556.940000,94198194.970000,98299041.310000
2023-02-24,113118948.290000,94093988.890000,98885241.720000
2023-02-27,113599740.000000,94009921.070000,97998253.720000
2023-02-28,112937299.220000,93713984.830000,97666771.390000
2023-03-01,113655217.710000,94037528.600000,98479758.210000
2023-03-02,114048657.690000,93952584.340000,97556454.100000
2023-03-03,115063198.820000,95162917.400000,97541735.200000
2023-03-06,115417408.750000,94741064.080000,98222346.820000
2023-03-07,115187315.980000,94898496.490000,98065897.460000
2023-03-08,116109477.030000,95845762.690000,99931016.880000
2023-03-09,115513232.730000,94934178.390000,100050824.850000
2023-03-10,112994312.600000,92396754.450000,97643783.120000
2023-03-13,111281027.590000,90838149.850000,95761898.820000
2023-03-14,112379825.450000,91110365.730000,95265043.890000
2023-03-15,110334592.880000,89657962.750000,93510762.550000
2023-03-16,111351056.620000,90420901.150000,93987834.530000
2023-03-17,110885137.160000,89934908.360000,93385737.910000
2023-03-20,110448430.480000,88190031.170000,91872755.320000
2023-03-21,111777472.230000,89413800.390000,93054256.790000
2023-03-22,111953517.450000,89152468.140000,92028673.990000
2023-03-23,112019554.370000,89115762.480000,91767892.490000
2023-03-24,110784840.370000,88338573.860000,90366555.670000
2023-03-27,111062846.910000,89012959.450000,90312479.790000
2023-03-28,110402616.840000,87921594.940000,89595584.490000
2023-03-29,111488161.040000,87768167.450000,90172229.800000
2023-03-30,112335926.940000,88782827.670000,91394327.930000
2023-03-31,112513168.520000,89417918.910000,91485773.380000
2023-04-03,113519088.780000,90484979.330000,92958578.160000
2023-04-04,112443745.540000,89155731.310000,91681857.190000
2023-04-05,111461605.380000,88134659.060000,90629934.260000
2023-04-06,112388326.820000,89045124.810000,91802896.160000
2023-04-11,113148435.050000,89783118.430000,92575486.980000
2023-04-12,112987656.210000,90038177.520000,92494159.550000
2023-04-13,113494320.000000,91213668.720000,92997130.310000
2023-04-14,113748828.460000,90788315.810000,93049023.080000
2023-04-17,113984381.310000,91425862.840000,92876208.210000
2023-04-18,114300370.410000,91058331.930000,93196615.620000
2023-04-19,113448456.050000,91044309.120000,93191319.210000
2023-04-20,113032025.140000,89575968.270000,91854137.770000
2023-04-21,112851790.260000,89624172.210000,91938079.400000
2023-04-24,112720626.310000,90396914.530000,92279545.150000
2023-04-25,111825828.660000,89308699.110000,91315706.900000
2023-04-26,111313204.200000,87691699.360000,90140268.950000
2023-04-27,110895560.560000,87683332.110000,89681649.260000
2023-04-28,111172374.710000,87553720.690000,89850633.830000
2023-05-02,111143764.370000,87151083.690000,89975289.520000
2023-05-03,110719187.840000,87369007.670000,90284850.150000
2023-05-04,110024210.510000,86525965.120000,89620975.300000
2023-05-05,110626581.090000,87408251.660000,90974310.770000
2023-05-09,112237233.740000,89421313.550000,94727928.450000
2023-05-10,113095934.400000,90445423.940000,95654935.110000
2023-05-11,112467964.010000,89065194.000000,94633882.550000
2023-05-12,113795757.040000,93611993.710000,97426236.500000
2023-05-15,114262015.280000,94576914.830000,97786237.580000
2023-05-16,113642440.820000,91390359.880000,96085907.650000
2023-05-17,114597497.740000,92321507.570000,97031528.080000
2023-05-18,117201090.100000,95726026.770000,99380609.470000
2023-05-19,117697556.850000,97627484.730000,101792657.560000
2023-05-22,118129352.660000,98562288.740000,102800754.300000
2023-05-23,118388901.290000,98944506.680000,101917700.750000
2023-05-24,116810002.850000,96766040.320000,100376313.680000
2023-05-25,118189296.740000,96338088.920000,99099596.160000
2023-05-26,120025758.510000,97518462.630000,100217013.250000
2023-05-30,120607598.590000,98396686.770000,100520273.310000
2023-05-31,119427793.350000,98292869.860000,100003060.570000
2023-06-01,119693912.070000,99683114.960000,101604273.350000
2023-06-02,120420538.130000,100348989.480000,102018487.220000
2023-06-05,120974199.750000,101077992.090000,102440390.530000
2023-06-06,121469630.460000,102382354.930000,104268508.090000
2023-06-07,121034270.860000,101532207.030000,104337661.180000
2023-06-08,120645828.380000,101100515.550000,104047068.440000
2023-06-09,120173041.570000,100445766.900000,103794659.580000
2023-06-12,120990154.330000,100999344.340000,104296395.630000
2023-06-13,121832890.830000,102148346.770000,105020065.950000
2023-06-14,121388884.120000,101400626.400000,103702370.420000
2023-06-15,121569008.760000,101527118.970000,104659661.170000
2023-06-16,121141024.550000,101192498.960000,104594684.820000
2023-06-19,120852646.320000,100916776.870000,104994819.260000
2023-06-20,120660884.070000,101338482.680000,105996549.090000
2023-06-21,120052035.940000,101079519.630000,104675783.960000
2023-06-22,119013306.820000,99845392.390000,102946989.610000
2023-06-23,118559938.110000,99313158.600000,101649078.030000
2023-06-26,118499182.630000,97758528.950000,100387358.990000
2023-06-27,118338129.370000,96774895.590000,98564644.220000
2023-06-28,119700853.390000,98170796.460000,99802869.750000
2023-06-29,119538353.100000,97570780.210000,98485336.670000
2023-06-30,120086251.560000,98425336.550000,99403913.150000
2023-07-03,120559465.640000,99132044.080000,99301166.410000
2023-07-04,120493263.580000,99246928.630000,99123081.870000
2023-07-05,119883189.160000,98769947.350000,98424253.740000
2023-07-06,117762540.880000,96803809.580000,96597902.930000
2023-07-07,118037325.980000,97241569.990000,96270102.330000
2023-07-10,118451654.830000,97819103.470000,96386932.150000
2023-07-11,118257696.070000,98165887.450000,96177903.820000
2023-07-12,119280399.800000,98873274.240000,96352019.080000
2023-07-13,119599215.420000,100314465.340000,97199027.450000
2023-07-14,119360516.860000,99747133.620000,97048681.090000
2023-07-17,120058698.670000,101762372.090000,97608412.150000
2023-07-18,120995256.960000,102734304.950000,98280682.860000
2023-07-19,122582453.380000,103183910.620000,98633776.030000
2023-07-20,121958137.750000,102116214.890000,97944034.300000
2023-07-21,122227082.510000,103222777.830000,98764294.240000
2023-07-24,122565209.650000,103396961.650000,99113091.160000
2023-07-25,122561978.940000,102917993.950000,98848080.850000
2023-07-26,122792646.910000,103025168.380000,99317097.680000
2023-07-27,123553543.960000,103043257.180000,99376727.370000
2023-07-28,125030604.750000,104566425.640000,100994351.570000
2023-07-31,125680452.550000,105753370.290000,101719489.930000
2023-08-01,125834952.010000,105211669.100000,100829501.200000
2023-08-02,124046031.490000,103516384.450000,98862812.430000
2023-08-03,124172899.720000,103156229.970000,99315475.330000
2023-08-04,124624212.710000,103380993.100000,99429818.710000
2023-08-07,123979867.570000,101003048.580000,97965962.240000
2023-08-08,123155441.650000,100458890.440000,97523079.280000
2023-08-09,122717855.430000,99912974.920000,97287710.940000
2023-08-10,123071957.140000,99975927.850000,97514813.110000
2023-08-11,122468637.350000,100648263.340000,97799498.190000
2023-08-14,122579957.110000,100036853.340000,97631852.700000
2023-08-15,121328513.620000,98475883.230000,96229790.210000
2023-08-16,120750407.290000,97951013.980000,95227892.610000
2023-08-17,119389606.070000,96650015.890000,94045250.750000
2023-08-18,119206700.650000,96927754.560000,94356392.610000
2023-08-21,119720781.640000,97079279.000000,94506765.060000
2023-08-22,120297471.000000,97858228.050000,95124468.800000
2023-08-23,121508970.810000,99338190.180000,96389428.800000
2023-08-24,121224927.120000,99287464.660000,96414220.660000
2023-08-25,121429856.110000,99441629.100000,96613250.950000
2023-08-29,123387647.660000,99629658.650000,96516710.290000
2023-08-30,123773472.690000,100316738.570000,96757198.330000
2023-08-31,123649851.600000,100034465.150000,96333935.740000
2023-09-01,124297882.720000,100999064.520000,97191837.550000
2023-09-04,124443796.420000,101210962.700000,97832619.360000
2023-09-05,124598088.430000,100255294.970000,96857210.960000
2023-09-06,124329333.210000,99832852.070000,96677970.060000
2023-09-07,124166889.860000,99840151.810000,96689224.950000
2023-09-08,124364308.030000,99555371.620000,96534383.130000
2023-09-11,124104082.480000,98850877.730000,95692098.490000
2023-09-12,124595231.460000,99232598.200000,95822859.400000
2023-09-13,124728511.230000,98859342.440000,95803748.880000
2023-09-14,126095112.680000,99916038.020000,96823103.550000
2023-09-15,125884601.030000,100277150.600000,97355761.120000
2023-09-18,125595668.240000,99606571.750000,97034217.760000
2023-09-19,125525303.070000,99275675.770000,96581121.070000
2023-09-20,125391111.160000,98880705.720000,95927872.390000
2023-09-21,124449919.650000,98443556.340000,95495355.250000
2023-09-22,125138279.600000,98711094.260000,95598413.190000
2023-09-25,124919872.540000,97927476.660000,95759168.100000
2023-09-26,124557848.800000,97374829.150000,95460156.470000
2023-09-27,125036966.980000,97377305.510000,95512754.430000
2023-09-28,125324010.750000,97135455.650000,95780721.730000
2023-09-29,125503137.300000,97704135.350000,95879002.870000
2023-10-02,124818636.260000,96415471.240000,94395852.540000
2023-10-03,124037365.250000,95300566.210000,92819909.250000
2023-10-04,123356610.110000,94253719.500000,91927761.840000
2023-10-05,123018191.700000,94333113.270000,92165970.340000
2023-10-06,123758448.760000,94738683.710000,92837681.710000
2023-10-09,124212068.470000,93791521.450000,92740880.650000
2023-10-10,125594958.500000,95213716.350000,94021766.630000
2023-10-11,125173871.480000,94466640.140000,93595033.660000
2023-10-12,125963888.620000,93805331.840000,93102776.780000
2023-10-13,126219879.510000,93576860.960000,93360199.230000
2023-10-16,126344686.380000,93729193.760000,93625170.670000
2023-10-17,126314629.530000,93343203.710000,93579779.940000
2023-10-18,125771443.940000,93112219.930000,93192118.330000
2023-10-19,125457336.230000,92213586.160000,92662798.050000
2023-10-20,124043535.360000,91428296.920000,91919851.120000
2023-10-23,123510110.420000,91119326.180000,92001724.550000
2023-10-24,123485966.520000,91385397.230000,91850194.950000
2023-10-25,123066762.860000,90114335.030000,91285835.380000
2023-10-26,122249972.470000,89531137.800000,90590455.990000
2023-10-27,121768678.240000,88023135.830000,89733783.790000
2023-10-30,121431260.050000,88048903.450000,89516364.880000
2023-10-31,121972347.110000,88286682.060000,89887788.830000
2023-11-01,123597998.130000,92690578.990000,90942825.070000
2023-11-02,126313703.460000,95468390.800000,92482723.680000
2023-11-03,126307253.240000,96865493.750000,93447135.380000
2023-11-06,126065511.300000,97366387.160000,93302155.500000
2023-11-07,126477403.050000,97476438.470000,93507808.510000
2023-11-08,126149982.980000,96432398.120000,93295578.740000
2023-11-09,126791279.120000,96268535.210000,92753272.130000
2023-11-10,127431999.910000,96285360.220000,92720940.180000
2023-11-13,127942706.960000,96646755.560000,93275764.970000
2023-11-14,128128911.320000,98134392.530000,94074832.110000
2023-11-15,128681345.900000,99384964.910000,94536852.160000
2023-11-16,128418474.370000,99357802.260000,93753850.450000
2023-11-17,129286475.070000,100036697.270000,94435972.450000
2023-11-20,129904696.730000,101290536.250000,95086674.290000
2023-11-21,128880881.790000,100232816.090000,94370447.050000
2023-11-22,128532014.130000,99251663.340000,93450624.520000
2023-11-23,128358496.000000,98788005.200000,93497609.710000
2023-11-24,127955449.250000,98725984.870000,93159423.090000
2023-11-27,127667575.810000,98638606.450000,93057198.200000
2023-11-28,128144558.390000,99130733.310000,93607903.980000
2023-11-29,128375139.140000,99738605.230000,93957082.690000
2023-11-30,128315137.510000,99551188.400000,93921822.850000
2023-12-01,129286371.990000,100788474.440000,95111105.830000
2023-12-04,128088106.710000,100514416.840000,94804437.050000
2023-12-05,127906637.630000,99707109.650000,94496605.740000
2023-12-06,128106823.030000,100235437.750000,95285975.750000
2023-12-07,128499789.060000,101470949.480000,96212265.820000
2023-12-08,129217838.080000,101461126.340000,96598888.110000
2023-12-11,129731261.140000,101667936.570000,97062533.530000
2023-12-12,130024234.050000,101595805.050000,97485576.980000
2023-12-13,130521100.180000,102514221.290000,98344516.880000
2023-12-14,131472685.250000,104329023.510000,99398665.470000
2023-12-15,131669658.450000,104974704.870000,99482847.340000
2023-12-18,132356529.030000,107039422.430000,100625872.640000
2023-12-19,132672144.540000,107760168.470000,101335635.130000
2023-12-20,132931531.620000,107557559.490000,101527866.570000
2023-12-21,133121220.190000,107673041.130000,101449569.210000
2023-12-22,133107085.160000,107266947.580000,101828062.290000
2023-12-27,133481497.220000,108163388.470000,102337010.150000
2023-12-28,133597750.650000,108523156.520000,102340621.340000
2023-12-29,133256000.720000,107524159.410000,102146902.420000
2024-01-02,132892178.800000,108743061.240000,103108019.350000
2024-01-03,131776594.030000,107838773.140000,103938409.880000
2024-01-04,131579425.980000,106974242.340000,103554671.100000
2024-01-05,131090251.050000,105654210.420000,101106259.090000
2024-01-08,131434726.750000,106016384.100000,101288916.550000
2024-01-09,131488158.490000,105143963.200000,100644586.980000
2024-01-10,131560697.020000,105460440.560000,101035392.390000
2024-01-11,130409310.300000,103815514.770000,100024676.340000
2024-01-12,131109361.510000,103965567.880000,100373843.240000
2024-01-15,130987859.830000,104086253.890000,100830583.380000
2024-01-16,131404031.850000,104536112.640000,100599971.660000
2024-01-17,130230379.450000,103651710.840000,99350576.560000
2024-01-18,130629764.690000,100729761.990000,97960217.080000
2024-01-19,131352251.430000,101208273.190000,98756677.000000
2024-01-22,132549776.470000,102267399.650000,99292320.170000
2024-01-23,132556442.760000,102128373.080000,98938219.210000
2024-01-24,132944945.130000,102091049.870000,99307427.300000
2024-01-25,133337018.620000,101869635.420000,100029355.120000
2024-01-26,132954438.300000,101345948.250000,99966244.030000
2024-01-29,133556546.480000,102323584.590000,100472190.980000
2024-01-30,133799043.390000,101802368.360000,100361825.100000
2024-01-31,132453095.920000,101062015.780000,99600329.630000
2024-02-01,133076531.080000,101694244.950000,99976994.810000
2024-02-02,133507667.980000,101618532.680000,100708545.670000
2024-02-05,134055032.180000,101566756.270000,100594645.810000
2024-02-06,136944948.240000,104140621.350000,103530510.860000
2024-02-07,137625957.330000,104798876.360000,104357427.380000
2024-02-08,138190944.780000,104785329.700000,104796314.030000
2024-02-09,138689988.950000,106511878.680000,106654864.230000
2024-02-12,139145219.250000,106701190.280000,105572999.180000
2024-02-13,137382909.610000,105204258.470000,104146689.960000
2024-02-14,138848374.770000,106588270.840000,105629956.510000
2024-02-15,139836376.880000,108045041.810000,106634527.270000
2024-02-16,140017334.240000,107706865.140000,106836540.190000
2024-02-19,140121934.870000,107772837.360000,107270105.170000
2024-02-20,139130168.000000,108350238.430000,107347264.230000
2024-02-21,138336254.110000,108315955.130000,106860638.290000
2024-02-22,140864815.030000,109617813.630000,108772346.300000
2024-02-23,140652751.010000,110263830.970000,109429533.910000
2024-02-26,141251856.170000,111522357.720000,110007573.640000
2024-02-27,141614414.410000,111892335.640000,109937706.180000
2024-02-28,142115665.470000,114042526.420000,111186518.800000
2024-02-29,142865302.070000,114169245.550000,111484905.660000
2024-03-01,144913733.210000,115146244.140000,113258385.890000
2024-03-04,145148253.820000,115050095.390000,113372731.190000
2024-03-05,143688345.580000,112448456.130000,111696379.630000
2024-03-06,145596653.600000,113941943.060000,112889603.270000
2024-03-07,147196017.310000,116896059.980000,114887030.680000
2024-03-08,146031996.620000,116791053.880000,114181153.990000
2024-03-11,144743226.340000,115151212.670000,112734576.560000
2024-03-12,145310075.270000,114616414.800000,112970828.040000
2024-03-13,145680540.470000,116028080.200000,113802682.640000
2024-03-14,145118149.760000,114915335.320000,112357357.970000
2024-03-15,145341397.230000,115850556.000000,112808555.940000
2024-03-18,145484710.700000,115051253.580000,112473029.130000
2024-03-19,145422715.670000,114181141.050000,113025970.780000
2024-03-20,145946464.060000,114465486.490000,113849307.830000
2024-03-21,148293366.500000,114830672.510000,114348067.690000
2024-03-22,148962417.100000,116511141.150000,114403173.480000
2024-03-25,149870886.040000,119480720.880000,115227135.640000
2024-03-26,149494948.540000,117559469.300000,115258841.540000
2024-03-27,149382478.640000,118833702.990000,115172090.880000
2024-03-28,149720394.840000,118322903.590000,115403567.100000
2024-04-02,150480871.140000,118818797.960000,117146185.740000
2024-04-03,150903276.270000,118272186.280000,116344057.710000
2024-04-04,150651404.230000,118116518.510000,116303463.740000
2024-04-05,150881737.860000,117883996.560000,116421446.420000
2024-04-08,151072240.010000,117694411.420000,116223751.120000
2024-04-09,150551026.040000,117774504.860000,115566817.720000
2024-04-10,151233386.250000,117438488.670000,115320928.390000
2024-04-11,152157381.140000,119299989.210000,115825747.930000
2024-04-12,153119910.880000,119717496.740000,116299994.890000
2024-04-15,151930617.680000,117448412.350000,114430190.640000
2024-04-16,150854536.760000,115698321.630000,112424083.760000
2024-04-17,149736668.450000,114022142.660000,111541450.010000
2024-04-18,148790647.690000,112411200.780000,110460082.840000
2024-04-19,148182129.680000,112696782.770000,109983406.680000
2024-04-22,149010396.220000,113989189.550000,111286826.790000
2024-04-23,150055459.220000,115118810.820000,112156408.150000
2024-04-24,150335933.860000,115674564.670000,115769359.410000
2024-04-25,149598768.070000,114546545.070000,114678010.670000
2024-04-26,151762538.960000,115766777.230000,115778369.920000
2024-04-29,151658599.200000,117484760.890000,118389329.490000
2024-04-30,150917151.890000,116090500.990000,117512873.220000
2024-05-01,149852905.600000,116442038.830000,117603072.730000
2024-05-02,150173092.270000,116490615.980000,117893579.850000
2024-05-03,151514566.210000,117770105.440000,119348566.310000
2024-05-07,152338137.800000,117824434.110000,119696189.660000
2024-05-08,153160387.710000,118983274.220000,121297020.380000
2024-05-09,153453387.100000,119168007.390000,121389127.780000
2024-05-10,153763321.150000,119044632.920000,122406268.390000
2024-05-13,153264927.330000,118399235.550000,121539349.360000
2024-05-14,153683091.610000,119228892.740000,122706311.380000
2024-05-15,154427734.400000,119595752.390000,122629407.950000
2024-05-16,154556707.400000,119709198.790000,122807968.960000
2024-05-17,154313714.290000,119612759.290000,122294408.470000
2024-05-20,155262160.660000,120655756.450000,123404569.190000
2024-05-21,154836396.170000,119810415.420000,122401778.900000
2024-05-22,154535159.210000,121079593.050000,122013425.640000
2024-05-23,154187738.570000,119890945.280000,121482541.560000
2024-05-24,154304448.750000,119841297.320000,121246513.980000
2024-05-28,154646520.060000,119061738.520000,121421820.520000
2024-05-29,153965476.470000,118585347.660000,120810094.580000
2024-05-30,154281729.820000,119622201.270000,122057140.410000
2024-05-31,153448023.060000,119289673.500000,122180562.240000
2024-06-03,153795721.830000,120730136.150000,123765187.300000
2024-06-04,152870952.520000,120262216.060000,122787967.970000
2024-06-05,155124710.760000,121277130.400000,124970605.490000
2024-06-06,155976691.410000,121113468.150000,125480320.010000
2024-06-07,155328903.210000,120585948.070000,124468431.410000
2024-06-10,156178500.670000,121091101.690000,125195386.740000
2024-06-11,156090020.410000,121646741.350000,123907751.070000
2024-06-12,157609362.910000,123630398.130000,124967471.900000
2024-06-13,157074307.980000,121865780.480000,125122004.270000
2024-06-14,157464771.920000,121064151.590000,124637231.510000
2024-06-17,158653550.780000,121732119.030000,125440485.150000
2024-06-18,160052796.120000,122297646.490000,126394087.770000
2024-06-19,160850346.310000,124280405.810000,127272549.740000
2024-06-20,161698324.350000,124959038.890000,127330818.980000
2024-06-21,160113418.600000,124254815.910000,126696862.590000
2024-06-24,159346395.310000,123212062.730000,125767291.860000
2024-06-25,159170172.430000,123292301.840000,124980853.080000
2024-06-26,158800673.960000,123152888.610000,125617731.460000
2024-06-27,159667905.430000,124663213.820000,127022654.330000
2024-06-28,160167022.520000,124876254.040000,127377271.970000
2024-07-01,160284921.160000,125049732.700000,126942170.310000
2024-07-02,160081449.710000,124648197.830000,125760941.690000
2024-07-03,161309136.140000,127060109.630000,127000229.240000
2024-07-04,162578272.200000,129737466.780000,128573451.090000
2024-07-05,163340411.700000,132950927.440000,129083428.260000
2024-07-08,162904624.870000,131308687.030000,128913141.890000
2024-07-09,161777510.750000,128586743.010000,128107789.360000
2024-07-10,163554619.590000,131220194.900000,128960960.080000
2024-07-11,162565362.940000,131137588.460000,130113613.220000
2024-07-12,162664727.290000,131819563.670000,130915515.700000
2024-07-15,162546077.970000,131355083.730000,130435771.300000
2024-07-16,162609447.920000,131374090.790000,131044318.390000
2024-07-17,160059175.960000,128023227.110000,128780040.000000
2024-07-18,158719011.980000,126250320.210000,126808222.450000
2024-07-19,158566626.270000,127390806.720000,126627682.650000
2024-07-22,159139583.740000,129254401.640000,127212902.750000
2024-07-23,159902510.690000,129876715.570000,128132208.500000
2024-07-24,157793862.590000,128429915.360000,126482071.010000
2024-07-25,156263003.580000,127318192.350000,125184617.030000
2024-07-26,157607303.880000,129124008.900000,125718183.720000
2024-07-29,157476172.650000,129341684.680000,126326865.120000
2024-07-30,156677126.520000,128199684.900000,125021048.910000
2024-07-31,159642806.240000,130074288.860000,125370956.020000
2024-08-01,158404528.960000,127753573.910000,125257751.180000
2024-08-02,153922652.630000,123941653.400000,121114825.420000
2024-08-05,150696183.420000,119353418.150000,116029535.590000
2024-08-06,152585608.960000,120944511.310000,119377047.770000
2024-08-07,154542737.650000,122987990.610000,120653491.520000
2024-08-08,155972065.010000,126025780.520000,121203344.570000
2024-08-09,156490245.170000,125694928.760000,121698819.570000
2024-08-12,157348462.250000,126284866.740000,121393597.010000
2024-08-13,158492104.180000,127301874.270000,122015187.780000
2024-08-14,158947763.220000,127341274.320000,122518094.520000
2024-08-15,160871083.970000,129145521.720000,123699422.120000
2024-08-16,160763327.090000,128474052.490000,123814669.880000
2024-08-19,160966845.490000,128813983.790000,123338490.400000
2024-08-20,159968375.840000,128258922.000000,122697043.580000
2024-08-21,160102527.570000,129357038.770000,123111354.780000
2024-08-22,158890229.640000,127529974.860000,121967384.860000
2024-08-23,158932010.000000,127671162.090000,123408412.050000
2024-08-27,158188281.200000,128106156.610000,124802793.310000
2024-08-28,157368869.440000,127236233.680000,124046942.760000
2024-08-29,158829100.000000,128127451.370000,123982062.230000
2024-08-30,158468525.440000,127793177.650000,124680091.480000
2024-09-02,157849115.350000,126000216.060000,123334129.880000
2024-09-03,155325576.710000,124201811.550000,121794467.720000
2024-09-04,154462386.860000,122868421.740000,120723282.970000
2024-09-05,153849927.600000,122392677.990000,119871362.070000
2024-09-06,151819573.860000,120373057.660000,118480103.330000
2024-09-09,153833842.770000,121249785.440000,119699604.100000
2024-09-10,154008185.120000,121226747.230000,118929364.630000
2024-09-11,154655913.320000,121638365.450000,119382802.990000
2024-09-12,156892806.810000,123192050.940000,121348492.520000
2024-09-13,157530039.310000,123240030.470000,121588734.080000
2024-09-16,156657255.400000,121920619.490000,120151789.460000
2024-09-17,157013775.290000,121442925.270000,119394596.200000
2024-09-18,156251966.510000,120862123.850000,119602042.450000
2024-09-19,158521451.260000,122865711.120000,121212560.950000
2024-09-20,157504832.250000,122556113.300000,121108804.910000
2024-09-23,157379533.750000,120889019.350000,120882973.510000
2024-09-24,157541595.220000,120244911.240000,119801233.320000
2024-09-25,157674336.740000,120084069.870000,119338591.040000
2024-09-26,158086057.140000,120782570.370000,120758733.110000
2024-09-27,157991477.510000,122132491.290000,119949577.050000
2024-09-30,157614054.650000,122588285.520000,120253474.290000
2024-10-01,157669639.380000,121210622.860000,120217881.750000
2024-10-02,158880005.490000,122469000.920000,120436523.180000
2024-10-03,160766513.040000,123905080.200000,122228901.760000
2024-10-04,162089475.620000,126642687.090000,123871975.090000
2024-10-07,162534428.760000,127667608.220000,124426711.400000
2024-10-08,162053998.590000,127300985.840000,124727372.080000
2024-10-09,162826535.430000,127022341.290000,124806325.560000
2024-10-10,163558191.660000,127938046.300000,125096606.540000
2024-10-11,164131456.090000,128048567.860000,125800126.820000
2024-10-14,164770547.230000,129180052.340000,127282255.320000
2024-10-15,162491683.080000,128185720.200000,126197679.620000
2024-10-16,165031555.960000,135406551.730000,129969287.880000
2024-10-17,166379781.040000,136234498.060000,131282778.510000
2024-10-18,167039093.630000,140047442.440000,132291777.380000
2024-10-21,167113896.110000,141782738.150000,132532864.530000
2024-10-22,167048473.310000,138993655.160000,129730925.820000
2024-10-23,166108223.820000,137285107.090000,129306401.970000
2024-10-24,166451018.590000,137317163.070000,128827462.560000
2024-10-25,167519045.830000,138688243.090000,129554023.090000
2024-10-28,167579108.360000,141082443.380000,131061292.360000
2024-10-29,168250410.860000,143211487.530000,132748319.760000
2024-10-30,167167756.020000,141619030.500000,133767431.460000
2024-10-31,165683184.310000,140405706.550000,132315716.590000
2024-11-01,166091087.350000,139783231.450000,132505351.650000
2024-11-04,165657921.010000,138099338.850000,131297604.580000
2024-11-05,167828336.090000,140255271.260000,133241852.990000
2024-11-06,169436430.600000,142383626.390000,135781632.370000
2024-11-07,170897063.040000,144939476.950000,136475764.340000
2024-11-08,170717559.020000,145168563.150000,136245229.740000
2024-11-11,170977187.950000,147609083.000000,136394743.280000
2024-11-12,170621033.960000,147153927.790000,136892897.700000
2024-11-13,170933120.610000,147487406.020000,136806923.480000
2024-11-14,170930959.790000,147031342.110000,136357375.740000
2024-11-15,170572408.200000,145082432.880000,134820960.010000
2024-11-18,171037473.320000,144993408.400000,135865683.740000
2024-11-19,170457680.650000,143003152.900000,134868193.690000
2024-11-20,171209998.860000,147066879.400000,135679853.250000
2024-11-21,172841903.770000,147612925.300000,136987965.170000
2024-11-22,175334711.480000,151012545.060000,138054365.990000
2024-11-25,174494318.280000,149979812.030000,137221988.880000
2024-11-26,173853878.930000,147611718.780000,135916206.640000
2024-11-27,171989015.620000,145964630.250000,135076861.920000
2024-11-28,172605197.320000,146003770.500000,135062576.230000
2024-11-29,173885744.750000,148835254.570000,137717587.160000
2024-12-02,174219559.980000,146877537.570000,137701047.930000
2024-12-03,175474160.350000,147113233.580000,139046594.600000
2024-12-04,175716016.640000,147884906.260000,138660934.330000
2024-12-05,174630483.420000,146099989.800000,137266827.050000
2024-12-06,175070738.670000,147906627.800000,137997900.710000
2024-12-09,175549375.030000,150632756.700000,136627039.830000
2024-12-10,175047134.700000,152373852.390000,135866336.940000
2024-12-11,175874607.370000,151483592.310000,137103514.070000
2024-12-12,175061553.680000,148637830.040000,136438059.590000
2024-12-13,176133996.850000,147762545.160000,136671319.210000
2024-12-16,176189964.950000,147544404.790000,137451086.640000
2024-12-17,174831459.280000,145760428.470000,136145469.930000
2024-12-18,174634625.160000,144139328.880000,135750263.460000
2024-12-19,173270966.470000,143318668.120000,134351414.110000
2024-12-20,174488654.440000,143910881.650000,135375603.020000
2024-12-23,175163331.070000,144829255.010000,135839105.030000
2024-12-24,176309928.280000,146144393.070000,137124662.950000
2024-12-27,177818816.760000,154636265.530000,138911012.780000
2024-12-30,176540582.400000,152028933.640000,136693156.440000
2024-12-31,177119025.960000,152381147.570000,137352050.580000
2025-01-02,180709954.210000,158766589.530000,139481929.340000
2025-01-03,182258585.770000,162560279.410000,142777752.420000
2025-01-06,182424348.300000,162103141.520000,142480744.840000
2025-01-07,181059806.500000,159919183.110000,143107075.320000
2025-01-08,180428198.350000,155990215.380000,142126724.110000
2025-01-09,181460821.240000,156240493.010000,143258606.730000
2025-01-10,181472824.360000,155454164.760000,144047776.480000
2025-01-13,180428276.640000,152247945.280000,144964842.950000
2025-01-14,180065235.770000,151399876.450000,144878821.590000
2025-01-15,182382215.360000,154751112.290000,145520893.330000
2025-01-16,184083938.370000,155981876.910000,146186896.280000
2025-01-17,185993659.550000,158333442.200000,147856980.590000
2025-01-20,185642149.070000,157478602.190000,147205983.360000
2025-01-21,185232083.600000,156655583.050000,147697570.650000
2025-01-22,187100001.390000,158196955.550000,149328136.350000
2025-01-23,187453775.670000,161457001.660000,152446182.380000
2025-01-24,185174113.740000,157023540.010000,149930584.970000
2025-01-27,179899560.220000,151948868.920000,145883777.120000
2025-01-28,180240977.130000,150186634.810000,144861017.160000
2025-01-29,180713243.380000,149444298.280000,144131280.500000
2025-01-30,182691529.160000,151515918.010000,147551483.000000
2025-01-31,184534978.970000,152424213.180000,149755269.440000
2025-02-03,182997615.490000,151252854.210000,148298277.620000
2025-02-04,185066237.760000,152378208.260000,149866812.720000
2025-02-05,185364738.860000,153561910.180000,149658240.450000
2025-02-06,187493539.060000,153920551.790000,151263111.100000
2025-02-07,187999421.060000,155707130.260000,152633641.940000
2025-02-10,190400573.990000,156039865.150000,156268731.860000
2025-02-11,189959843.740000,153893645.540000,155427392.820000
2025-02-12,190486315.590000,157771616.040000,159505768.980000
2025-02-13,190740174.220000,158538979.180000,159082056.950000
2025-02-14,189398146.130000,156760898.110000,156356144.030000
2025-02-17,190069207.400000,157444684.030000,156580515.340000
2025-02-18,191722602.760000,159431136.110000,156752952.030000
2025-02-19,192017969.780000,163684209.420000,154465696.710000
2025-02-20,189931213.500000,158962699.990000,153896999.390000
2025-02-21,187897070.800000,155948816.620000,150815190.900000
2025-02-24,185908528.720000,153322207.750000,147203123.840000
2025-02-25,183762250.630000,151202687.560000,146651446.000000
2025-02-26,184830405.150000,150823064.370000,146836769.280000
2025-02-27,185083368.340000,150358454.720000,149030931.660000
2025-02-28,184871092.410000,150824685.150000,150021625.410000
2025-03-03,184722974.160000,148820570.140000,150470654.030000
2025-03-04,181818402.730000,146468659.630000,150223758.380000
2025-03-05,182062036.790000,148430708.590000,151870937.340000
2025-03-06,179661941.340000,144305375.890000,148302085.160000
2025-03-07,179557534.840000,144257291.080000,148208805.000000
2025-03-10,176007611.060000,139820505.880000,141447753.840000
2025-03-11,174955941.100000,138238322.980000,141159960.840000
2025-03-12,177189873.530000,139582775.780000,143378445.800000
2025-03-13,177069168.470000,139084698.750000,142456005.770000
2025-03-14,179815772.190000,141449207.830000,146614499.280000
2025-03-17,180808990.370000,143415509.900000,148022304.000000
2025-03-18,180582576.500000,142143520.830000,146796056.300000
2025-03-19,181628194.930000,143856764.220000,149477345.650000
2025-03-20,181476965.650000,143714125.890000,149598256.130000
2025-03-21,181809944.510000,144537682.810000,150825454.550000
2025-03-24,183228645.810000,144295993.680000,151256564.250000
2025-03-25,182876491.940000,142935693.480000,150268447.170000
2025-03-26,182318777.690000,143388830.060000,149679968.270000
2025-03-27,181406638.570000,142990568.800000,148954669.460000
2025-03-28,179433351.300000,141329515.510000,145696248.960000
2025-03-31,178507293.390000,139415641.390000,142713330.280000
2025-04-01,179875193.520000,139764069.500000,143079750.330000
2025-04-02,179504815.840000,139012825.710000,142726112.490000
2025-04-03,172535256.080000,132874726.760000,137770824.980000
2025-04-04,165082713.310000,125924211.050000,128078044.590000
2025-04-07,163083041.490000,122635187.890000,123650198.050000
2025-04-08,166621721.870000,126276015.160000,127568904.140000
2025-04-09,165685717.140000,126236547.930000,127392143.790000
2025-04-10,168700747.580000,128128409.060000,129811764.160000
2025-04-11,169150212.560000,130545238.360000,129494321.980000
2025-04-14,171108807.400000,133748366.250000,134008648.010000
2025-04-15,172202480.040000,133673049.380000,136529542.130000
2025-04-16,171144769.480000,131488241.300000,133934972.750000
2025-04-17,170706526.800000,132067244.490000,134874234.890000
2025-04-22,170872390.340000,132439907.550000,133578190.370000
2025-04-23,173854457.740000,136521165.330000,137132862.240000
2025-04-24,176431195.200000,139262321.920000,139786837.910000
2025-04-25,176544422.690000,138178768.310000,140284619.620000
2025-04-28,176416504.170000,138719690.370000,139885930.310000
2025-04-29,177053019.910000,139639912.660000,141299021.070000
2025-04-30,177123182.030000,139734190.470000,141217168.240000
2025-05-01,177977644.800000,141216913.470000,142356558.530000
2025-05-02,180718687.340000,144495902.290000,144807986.470000
2025-05-06,178704730.930000,140656279.420000,144382484.870000
2025-05-07,178521719.040000,140667970.230000,146324273.410000
2025-05-08,180974398.090000,142784964.730000,150005015.630000
2025-05-09,181216109.240000,142747304.270000,149736264.570000
2025-05-12,183942237.020000,144736327.300000,151321678.480000
2025-05-13,186485233.450000,147008713.330000,152683985.540000
2025-05-14,185642040.630000,146074189.230000,153450204.120000
2025-05-15,186076719.730000,146317953.840000,155101872.580000
2025-05-16,186062533.130000,146035615.250000,154767552.890000
2025-05-19,185105343.490000,145036690.200000,153735009.080000
2025-05-20,186171664.650000,147335652.440000,153346268.960000
2025-05-21,185559531.430000,146045376.650000,152755756.730000
2025-05-22,184575962.550000,145888872.800000,152484290.210000
2025-05-23,184827809.020000,150041789.770000,155958398.970000
2025-05-27,185947064.420000,151790288.580000,157936675.800000
2025-05-28,186370990.300000,151817749.410000,159190298.890000
2025-05-29,186245865.990000,151106068.790000,157985048.360000
2025-05-30,185976440.370000,150377303.030000,159308151.720000
2025-06-02,186823765.900000,150958240.020000,161249728.540000
2025-06-03,188507882.600000,151856789.720000,163418538.180000
2025-06-04,188610797.900000,152767382.580000,164753417.460000
2025-06-05,187872961.770000,151435669.430000,164376044.200000
2025-06-06,189111862.970000,153214259.820000,163800436.820000
2025-06-09,189575999.560000,152674429.460000,162806104.390000
2025-06-10,190289370.830000,152671567.820000,163298110.220000
2025-06-11,191222100.560000,152714095.400000,165125460.200000
2025-06-12,191781702.360000,154089886.400000,167276077.620000
2025-06-13,190872933.060000,150699123.840000,167448967.980000
2025-06-16,192213097.100000,152774184.290000,172717004.570000
2025-06-17,192558631.330000,151784964.440000,173197093.910000
2025-06-18,193354226.550000,152135818.140000,172196487.090000
2025-06-19,192899840.710000,151774562.370000,169752248.650000
2025-06-20,192157184.440000,150826647.950000,170006538.510000
2025-06-23,192251761.090000,149816567.620000,168233312.490000
2025-06-24,192235391.610000,152793692.690000,171132412.430000
2025-06-25,192296784.650000,152354310.360000,169797296.010000
2025-06-26,192241155.730000,153052005.340000,170816391.890000
2025-06-27,192437553.020000,154622669.530000,171790404.420000
2025-06-30,192752488.820000,154967991.720000,172739600.490000
2025-07-01,192559917.580000,156075996.640000,169179745.850000
2025-07-02,194485392.590000,157354697.130000,170217942.080000
2025-07-03,196440042.130000,162786801.780000,172839562.510000
2025-07-04,196597259.050000,164214384.080000,172916949.720000
2025-07-07,196269383.230000,163051040.280000,173626547.770000
2025-07-08,197528490.970000,163779971.020000,175031575.440000
2025-07-09,199155306.820000,167756585.040000,179112983.440000
2025-07-10,200792806.230000,170945083.320000,180149254.030000
2025-07-11,201011111.980000,168594247.920000,179237153.080000
2025-07-14,202120961.480000,170854396.980000,183125353.910000
2025-07-15,203028726.010000,171771001.170000,182034842.180000
2025-07-16,202095447.030000,173048441.200000,183631550.200000
2025-07-17,204153369.100000,174185491.980000,185519300.350000
2025-07-18,204159586.890000,174488445.040000,185132880.130000
2025-07-21,204568927.450000,175000170.450000,181821693.900000
2025-07-22,203141646.600000,172972207.470000,178930673.200000
2025-07-23,203330581.190000,174837267.340000,181755290.320000
2025-07-24,204327610.300000,176017822.790000,182852406.760000
2025-07-25,204985688.680000,177326750.840000,182883217.320000
2025-07-28,205732477.310000,177673459.170000,182419507.390000
2025-07-29,206786442.850000,175712320.490000,183060271.800000
2025-07-30,206546177.890000,174257369.530000,180464267.690000
2025-07-31,207408521.290000,174682445.300000,182881793.470000
2025-08-01,205050777.540000,170745084.320000,178945900.440000
2025-08-04,206719549.850000,172761718.610000,182548222.680000
2025-08-05,206968473.450000,173074663.350000,183586004.810000
2025-08-06,207023127.160000,172397173.260000,183080652.630000
2025-08-07,206393251.740000,170256314.310000,180284964.800000
2025-08-08,206123391.080000,168597395.500000,178408104.480000
2025-08-11,206378747.140000,168177576.120000,180087626.840000
2025-08-12,207119820.170000,170837358.420000,181601654.510000
2025-08-13,207436243.490000,173709842.520000,183076846.800000
2025-08-14,207916595.810000,175274674.690000,185100085.560000
2025-08-15,206839251.190000,175962408.140000,184543043.120000
2025-08-18,206873708.680000,175772358.240000,183376015.110000
2025-08-19,205720782.810000,173753181.930000,179528542.350000
2025-08-20,204844194.890000,171478809.910000,176363430.560000
2025-08-21,205967411.300000,173024963.970000,177962383.180000
2025-08-22,207526461.520000,175485405.280000,178862514.370000
2025-08-26,207927479.060000,175959870.060000,181528157.210000
2025-08-27,207957788.190000,176203888.330000,181647241.470000
2025-08-28,208325866.910000,177155565.080000,183164608.180000
2025-08-29,207814806.240000,177397231.310000,183231239.040000
2025-09-01,208197922.000000,177216280.550000,182705448.240000
2025-09-02,207863404.640000,175631634.220000,180678340.680000
2025-09-03,208910167.320000,177523092.370000,180587815.730000
2025-09-04,209209588.810000,177075830.240000,180345874.250000
2025-09-05,209409008.970000,179398970.000000,179785595.080000
2025-09-08,211524157.860000,181490955.180000,182856668.610000
2025-09-09,211924351.620000,181554153.410000,183496641.670000
2025-09-10,213144142.100000,181858517.500000,182621398.520000
2025-09-11,214063636.540000,183622132.890000,184538435.680000
2025-09-12,214708510.580000,184603002.660000,187181868.010000
2025-09-15,215119464.410000,184982783.440000,187688573.050000
2025-09-16,214809275.120000,186214052.930000,186886627.090000
2025-09-17,214547611.820000,186786422.160000,186587916.780000
2025-09-18,218304583.200000,192384964.830000,190245157.430000
2025-09-19,219802132.670000,195938193.780000,193029160.070000
2025-09-22,221395501.160000,198438565.470000,193075085.080000
2025-09-23,222799399.350000,198015068.480000,195137636.790000
2025-09-24,222810161.210000,197864990.830000,195844812.870000
2025-09-25,222825721.070000,196396536.450000,195591903.430000
2025-09-26,224038573.710000,199236751.580000,197399529.670000
2025-09-29,223900178.670000,197084671.190000,194791851.190000
2025-09-30,223922671.660000,196589057.040000,195089519.990000
2025-10-01,225708517.090000,199972398.320000,198329694.280000
2025-10-02,227695585.050000,204273325.350000,200449020.510000
2025-10-03,229008617.150000,208858101.220000,201576898.280000
2025-10-06,231239169.790000,209777962.990000,202664046.640000
2025-10-07,231244395.690000,210050969.880000,202633294.050000
2025-10-08,234263881.310000,214387215.910000,203731839.330000
2025-10-09,234332440.590000,214088623.510000,203685175.690000
2025-10-10,229950120.050000,211306668.440000,200779902.700000
2025-10-13,231988817.550000,213531898.390000,203284097.700000
2025-10-14,232457879.390000,213733160.220000,202850210.260000
2025-10-15,234949039.000000,222115332.170000,205213217.730000
2025-10-16,235532625.760000,221819718.440000,206407939.530000
2025-10-17,233087174.840000,217750258.980000,201917636.860000
2025-10-20,238529810.810000,230429701.530000,211692404.210000
2025-10-21,236397182.900000,226510870.370000,210050042.210000
2025-10-22,234699622.100000,225559658.980000,207305041.150000
2025-10-23,238354117.900000,227219584.970000,210397906.200000
2025-10-24,239068233.570000,227907042.660000,213195449.850000
2025-10-27,240870754.720000,231691672.760000,215809357.610000
2025-10-28,241584492.300000,229894654.450000,217426928.650000
2025-10-29,244844424.570000,232478395.780000,221846034.790000
2025-10-30,244955068.930000,232375018.370000,220055694.230000
2025-10-31,244559539.370000,232491263.160000,220527170.110000
2025-11-03,244926158.790000,230535638.040000,218204031.700000
2025-11-04,242205556.340000,223003480.990000,211009797.340000
2025-11-05,242872682.090000,223602261.190000,213699193.020000
2025-11-06,239018601.300000,218310367.260000,206973626.590000
2025-11-07,236420643.660000,214179634.110000,203754893.780000
2025-11-10,241797699.870000,220674182.230000,210296755.490000
2025-11-11,242060305.190000,219270282.000000,209650240.270000
2025-11-12,243745102.380000,221228132.970000,210126404.990000
2025-11-13,240184326.290000,217056536.450000,204768704.480000
2025-11-14,239322793.980000,216478618.930000,202030346.020000
2025-11-17,237776277.120000,216004350.470000,201700014.850000
2025-11-18,234826624.630000,213086656.240000,197944478.500000
2025-11-19,235561472.660000,213572990.280000,198555892.230000
2025-11-20,235746081.840000,214730057.940000,196634225.570000
2025-11-21,231364365.760000,207552140.010000,191117796.160000
2025-11-24,234696839.930000,211361404.690000,193095630.310000
2025-11-25,234542511.070000,212503121.230000,194792679.190000
2025-11-26,237048003.720000,213699303.240000,197436598.660000
2025-11-27,236546945.150000,213082408.420000,197456768.590000
2025-11-28,238503768.460000,215569298.810000,199596294.570000
2025-12-01,237296840.240000,209949116.670000,196906970.550000
2025-12-02,237758312.950000,209622055.570000,198222417.450000
2025-12-03,238305406.750000,212505493.230000,201443416.670000
2025-12-04,238855154.840000,214037664.980000,203484229.400000
2025-12-05,239284787.690000,214235495.860000,204327025.660000
2025-12-08,239200478.990000,213763749.990000,203590728.330000
2025-12-09,239671985.480000,214009876.110000,203581060.010000
2025-12-10,240180923.190000,215630124.590000,204889279.080000
2025-12-11,239497958.560000,215691646.610000,205561634.040000
2025-12-12,237968412.580000,212687673.810000,203043211.500000
2025-12-15,237956724.540000,210376796.370000,203073271.060000
2025-12-16,235872689.350000,208903222.360000,203018983.600000
2025-12-17,234941269.690000,206836675.690000,200005902.440000
2025-12-18,237965538.630000,208477346.590000,203108734.780000
2025-12-19,240815312.150000,212532563.750000,206639850.210000
2025-12-22,242097056.360000,216275710.960000,210852803.840000
2025-12-23,242091262.210000,215148304.130000,210708798.890000
2025-12-24,242077383.870000,215725060.330000,210678239.140000
2025-12-29,240794563.640000,216730942.570000,212141658.270000
2025-12-30,241241075.670000,214030876.180000,211642058.650000
2025-12-31,240686214.980000,214759326.460000,213049336.330000
2026-01-02,241782890.000000,216560290.780000,216356313.000000
2026-01-05,245856728.020000,221433554.130000,221252546.850000
2026-01-06,247208407.240000,219005687.600000,215788025.160000
2026-01-07,247274524.050000,222158651.510000,215789243.400000
2026-01-08,246015831.710000,221749381.590000,216076448.720000
2026-01-09,249142605.180000,222132124.010000,217252678.820000
2026-01-12,250547646.190000,223249408.230000,219115147.930000
2026-01-13,252299460.750000,223428082.530000,222334412.940000
2026-01-14,251404780.440000,224111038.920000,224530012.100000
2026-01-15,252587477.300000,221055316.350000,223191867.250000
2026-01-16,252546005.310000,222881591.350000,223731237.890000
2026-01-19,251133382.610000,221978736.410000,221057757.710000
2026-01-20,251721406.270000,221389045.060000,219429354.290000
2026-01-21,253371953.890000,222405950.350000,220378788.990000
2026-01-22,254878553.400000,229053152.280000,224454754.030000
2026-01-23,255034687.600000,229522855.630000,226927760.740000
2026-01-26,252957660.430000,225257812.780000,223884943.280000
2026-01-27,255031351.750000,227968269.390000,224542025.610000
2026-01-28,255362353.980000,225611874.970000,221558692.440000
2026-01-29,254846756.790000,225344604.590000,219767753.940000
2026-01-30,252984431.720000,223323428.050000,218679525.180000
2026-02-02,251480968.520000,223644899.070000,216755468.770000
2026-02-03,252794126.170000,222902867.550000,220062384.770000
2026-02-04,249345222.460000,217688275.210000,217678669.440000
2026-02-05,247016482.770000,212065772.790000,214753711.850000
2026-02-06,251000312.370000,215369584.690000,217630182.590000
2026-02-09,254867691.370000,220954858.900000,223273019.510000
2026-02-10,253690730.810000,220489151.020000,220767007.150000
2026-02-11,255306986.410000,219601376.490000,220730958.950000
2026-02-12,251458750.590000,216306079.230000,216816502.310000
2026-02-13,252532927.560000,215461365.040000,217653107.950000
2026-02-16,252665253.940000,216037762.160000,220404313.560000
2026-02-17,252996627.190000,214726511.330000,219722102.070000
2026-02-18,257216857.820000,217290119.930000,224165248.580000
2026-02-19,258243783.960000,219673017.560000,224262490.660000
2026-02-20,259095496.040000,219283795.200000,224173541.070000
2026-02-23,259091643.200000,217396946.940000,222096581.320000
2026-02-24,259403867.310000,219536315.710000,222311433.940000
2026-02-25,263743838.370000,226195830.380000,227186927.010000
2026-02-26,263616554.570000,227401995.290000,227494562.400000
2026-02-27,264572705.040000,226713648.380000,228252661.470000
2026-03-02,266340867.850000,227945638.040000,229361813.760000
2026-03-03,261503383.020000,222343370.500000,222029589.880000
2026-03-04,263509106.250000,224133044.220000,226423310.120000
2026-03-05,262172880.090000,222770593.480000,223909889.120000
2026-03-06,262947235.720000,221870615.080000,221646900.230000
2026-03-09,263172178.880000,222673376.640000,217306923.680000
2026-03-10,265116918.170000,226703709.480000,223251055.540000
2026-03-11,265604786.280000,227791700.620000,225583115.540000
2026-03-12,264932357.590000,224257348.450000,223300550.780000
2026-03-13,263774245.370000,221151794.620000,219751846.230000
2026-03-16,264675183.570000,221226284.930000,218452307.120000
2026-03-17,265661780.970000,221811220.680000,219276095.830000
2026-03-18,264793979.950000,220063655.730000,217357540.100000
2026-03-19,259044852.370000,215487664.190000,210007270.890000
2026-03-20,256351503.630000,213059038.350000,205181250.720000
2026-03-23,254739477.160000,213356433.650000,208544253.430000
2026-03-24,254528854.190000,210198770.940000,206594272.060000
2026-03-25,257807101.850000,214875436.090000,213587762.370000
2026-03-26,254208026.660000,212492872.610000,210531090.390000
2026-03-27,253334614.600000,207799691.320000,208497268.890000
2026-03-30,253923840.200000,207613561.900000,207705472.460000
2026-03-31,257330510.340000,213669293.510000,212992655.030000
2026-04-01,261982384.060000,218350808.940000,219402299.780000
2026-04-02,262277559.530000,218764687.600000,219994222.150000
2026-04-07,262143685.160000,217082060.160000,218336897.200000
2026-04-08,265483983.120000,223505649.310000,225707463.400000
2026-04-09,266429253.750000,223097133.370000,222348238.330000
2026-04-10,266804829.130000,221504756.170000,220605420.360000
2026-04-13,267958190.390000,224521507.230000,221719421.760000
2026-04-14,268685563.560000,226827399.740000,225421522.980000
2026-04-15,269434739.560000,228729978.430000,228134346.500000
2026-04-16,271845499.010000,233445544.650000,230266396.630000
2026-04-17,273534052.110000,238287329.200000,236523397.260000
2026-04-20,272842314.710000,236670025.450000,238492958.770000
2026-04-21,271758338.410000,235760930.650000,237677242.110000
2026-04-22,274504461.940000,241388757.110000,244099028.450000
2026-04-23,274548540.210000,237642849.300000,247107873.600000
2026-04-24,276449691.490000,238553910.270000,249947800.840000
2026-04-27,274473540.810000,235888484.270000,241850016.420000
2026-04-28,271970867.080000,233264958.930000,239566190.320000
2026-04-29,272825373.880000,231435829.160000,239365644.370000
2026-04-30,275212529.000000,235170267.230000,248228804.770000
2026-05-01,276022157.680000,235366271.310000,248069587.010000
2026-05-05,278152308.750000,241239989.090000,264701898.400000
2026-05-06,281936912.450000,243779961.080000,266062119.150000
2026-05-07,281236452.290000,243781597.390000,282870103.790000
2026-05-08,281616247.410000,241358956.380000,274187202.690000
2026-05-11,285713973.420000,249434275.040000,277081898.130000
2026-05-12,283697731.350000,247971071.830000,270668693.890000
2026-05-13,286102486.390000,248798993.760000,282490501.930000
2026-05-14,288968690.630000,253611030.360000,285068109.170000
2026-05-15,285898482.980000,248351635.170000,280975557.910000
2026-05-18,284104008.270000,245460575.170000,281832348.640000
2026-05-19,282101414.020000,243023011.310000,290345462.400000
2026-05-20,285454728.940000,244612301.980000,297957759.450000
2026-05-21,286632903.300000,248066136.310000,282863607.520000
2026-05-22,288747107.370000,250310959.260000,278848664.360000
2026-05-26,291230242.560000,254710532.170000,288705603.000000
2026-05-27,291322623.740000,260481786.680000,284752134.470000
2026-05-28,293733526.750000,260637414.080000,279515607.670000
2026-05-29,295424413.380000,261799228.070000,287762477.450000
2026-06-01,296025707.010000,261785530.120000,288219350.330000
2026-06-02,296471476.210000,257587478.820000,278337379.130000
2026-06-03,295113784.920000,252806698.730000,257425752.120000
2026-06-04,293558155.960000,253184543.130000,265984662.110000
2026-06-05,286902037.470000,243200614.590000,265586689.700000
2026-06-08,288951988.970000,245332053.480000,279741858.960000
2026-06-09,281779235.680000,238195352.330000,261500905.460000
2026-06-10,279683546.110000,233051357.420000,252054435.480000
2026-06-11,282437231.250000,235409139.730000,252750817.580000
2026-06-12,286626300.460000,236859471.160000,258964913.290000
2026-06-15,290950012.850000,241824122.420000,266301904.360000
2026-06-16,289180242.940000,240003507.300000,276849112.370000
2026-06-17,290724224.620000,242287156.520000,276104052.900000
2026-06-18,292821237.620000,245368485.370000,277902019.580000
2026-06-19,293470216.810000,246985798.470000,280845957.410000
2026-06-22,292542285.230000,244421367.960000,280705752.740000
2026-06-23,287761388.290000,239668904.440000,266714338.610000
2026-06-24,285687534.190000,236715790.940000,258263717.800000
2026-06-25,285532991.780000,234674566.340000,249995789.040000
2026-06-26,284627544.020000,234540618.280000,235825062.180000
2026-06-29,285672887.600000,239268453.310000,242197769.350000
2026-06-30,289365366.430000,241144167.810000,251764133.740000
2026-07-01,288251078.520000,241894056.470000,253377119.540000
2026-07-02,286646119.290000,241776804.510000,249481588.550000
2026-07-03,288298749.620000,241683755.570000,242995314.230000
2026-07-06,288567898.490000,240897882.880000,250471707.730000
2026-07-07,284110038.960000,237478488.270000,244086292.120000
2026-07-08,283757982.280000,236690667.140000,241096593.420000
2026-07-09,287069759.120000,239043188.720000,245610092.240000
2026-07-10,285475580.800000,237336038.120000,248821338.760000
2026-07-13,283996416.260000,233028429.450000,246643530.450000
2026-07-14,286422547.200000,232989135.920000,247881039.230000
2026-07-15,283195604.180000,232633054.000000,248264713.290000
2026-07-16,281040934.050000,226500209.250000,241646165.230000
2026-07-17,279336008.180000,223849581.320000,234694802.080000
2026-07-20,280558735.360000,223726170.940000,233995141.750000
2026-07-21,285044470.860000,227535797.460000,237188812.410000
2026-07-22,287299471.280000,229079789.210000,239329867.540000
2026-07-23,285465400.770000,227093876.640000,238620912.890000
2026-07-24,284607295.180000,224939348.500000,240024865.350000
2026-07-27,282442893.520000,226081224.670000,241241926.650000
2026-07-28,279745815.770000,223167637.440000,239045998.560000
2026-07-29,278230310.250000,220569265.840000,233486470.330000
2026-07-30,280866094.390000,221933655.170000,232670198.210000
2026-07-31,280242766.270000,222091566.870000,234099141.790000
2026-08-03,281240468.160000,224987784.900000,239396930.750000
2026-08-04,288519649.660000,230469727.260000,241099652.270000
2026-08-05,289345904.650000,231055403.330000,244000769.520000
2026-08-06,289884145.500000,231739062.530000,243187025.920000
2026-08-07,292824632.700000,233966570.680000,246020871.960000
2026-08-10,292723183.940000,233554290.120000,249937804.440000
2026-08-11,293664529.090000,236120608.160000,249933371.290000
2026-08-12,295549423.830000,237365213.350000,253811259.820000
2026-08-13,296188523.140000,237287680.280000,254774795.860000
2026-08-14,294244645.140000,235745702.300000,250127801.120000
2026-08-17,295938704.850000,235649484.070000,249259592.790000
2026-08-18,292597696.210000,234013015.960000,245944294.190000
2026-08-19,293109859.070000,236550891.820000,248222333.430000
2026-08-20,292506520.000000,234904526.730000,245176075.000000
2026-08-21,294474551.310000,236177271.690000,246911807.750000
2026-08-24,292823171.940000,234671001.040000,245421039.240000
2026-08-25,294237385.260000,239228402.920000,246134188.240000
2026-08-26,293722331.630000,235706009.930000,244443658.920000
2026-08-27,294762263.530000,236074613.170000,245680839.110000
2026-08-28,294899838.670000,234309182.240000,245294047.010000
2026-09-01,291446991.430000,231480956.780000,236542153.710000
2026-09-02,291689109.160000,230746402.470000,233028574.510000
2026-09-03,294083424.070000,232085054.930000,236560607.930000
2026-09-04,294377894.460000,232628669.210000,238625309.250000
2026-09-07,295176153.840000,232881841.040000,238671870.320000
2026-09-08,295035547.830000,231676925.680000,239924377.420000
2026-09-09,294008580.690000,230926356.670000,248775638.570000
2026-09-10,292550866.640000,227769889.270000,241931190.650000
2026-09-11,293304087.490000,225468705.000000,242132382.470000
2026-09-14,289926833.030000,219703948.250000,237080582.640000
2026-09-15,289220075.140000,217530318.970000,231317108.880000
2026-09-16,290557554.920000,216717306.540000,236790545.560000
